text,label,lang,channel,family,template,source,split
Camtel : votre compte sera suspendu dans 48h suite à une activité inhabituelle. Confirmez votre code PIN sur http://momo-bonus.xyz/confirm,1,fr,sms,momo_suspension,p0,synthetic,train
MTN MoMo : votre compte sera suspendu dans 24h suite à une activité inhabituelle. Confirmez votre code PIN sur http://mtn-cm.top/confirm,1,fr,sms,momo_suspension,p0,synthetic,train
MTN : votre compte sera suspendu dans 48h suite à une activité inhabituelle. Confirmez votre code PIN sur http://momo-bonus.xyz/confirm,1,fr,sms,momo_suspension,p0,synthetic,train
Orange : votre compte sera suspendu dans 48h suite à une activité inhabituelle. Confirmez votre code PIN sur http://mtn-momo-verif.tk/confirm,1,fr,sms,momo_suspension,p0,synthetic,train
Orange : votre compte sera suspendu dans 48h suite à une activité inhabituelle. Confirmez votre code PIN sur http://momo-bonus.xyz/confirm,1,fr,sms,momo_suspension,p0,synthetic,train
MTN MoMo : votre compte sera suspendu dans 24h suite à une activité inhabituelle. Confirmez votre code PIN sur http://orange-money-secure.ga/confirm,1,fr,sms,momo_suspension,p0,synthetic,train
Camtel : votre compte sera suspendu dans 48h suite à une activité inhabituelle. Confirmez votre code PIN sur http://orange-money-secure.ga/confirm,1,fr,sms,momo_suspension,p0,synthetic,train
Nexttel : votre compte sera suspendu dans 48h suite à une activité inhabituelle. Confirmez votre code PIN sur http://momo-bonus.xyz/confirm,1,fr,sms,momo_suspension,p0,synthetic,train
MTN MoMo : votre compte sera suspendu dans 24h suite à une activité inhabituelle. Confirmez votre code PIN sur http://impots-cm.live/confirm,1,fr,sms,momo_suspension,p0,synthetic,train
Camtel : votre compte sera suspendu dans 2 heures suite à une activité inhabituelle. Confirmez votre code PIN sur http://dhl-cameroun-colis.info/confirm,1,fr,sms,momo_suspension,p0,synthetic,train
MTN MoMo : votre compte sera suspendu dans 1 heure suite à une activité inhabituelle. Confirmez votre code PIN sur http://orange-cm-verify.link/confirm,1,fr,sms,momo_suspension,p0,synthetic,train
Orange Money : votre compte sera suspendu dans 2 heures suite à une activité inhabituelle. Confirmez votre code PIN sur http://impots-cm.live/confirm,1,fr,sms,momo_suspension,p0,synthetic,train
Orange : votre compte sera suspendu dans 1 heure suite à une activité inhabituelle. Confirmez votre code PIN sur http://orange-money-secure.ga/confirm,1,fr,sms,momo_suspension,p0,synthetic,train
Orange : votre compte sera suspendu dans 2 heures suite à une activité inhabituelle. Confirmez votre code PIN sur http://bicec-update.online/confirm,1,fr,sms,momo_suspension,p0,synthetic,train
"Cher client MTN MoMo, votre compte Mobile Money est BLOQUÉ. Pour le réactiver, cliquez ici mtn-momo-verif.tk et saisissez votre code secret.",1,fr,sms,momo_suspension,p1,synthetic,train
"Cher client Orange, votre compte Mobile Money est BLOQUÉ. Pour le réactiver, cliquez ici orange-cm-verify.link et saisissez votre code secret.",1,fr,sms,momo_suspension,p1,synthetic,train
"Cher client Camtel, votre compte Mobile Money est BLOQUÉ. Pour le réactiver, cliquez ici cnps-remboursement.site et saisissez votre code secret.",1,fr,sms,momo_suspension,p1,synthetic,train
"Cher client MTN, votre compte Mobile Money est BLOQUÉ. Pour le réactiver, cliquez ici eneo-paiement.online et saisissez votre code secret.",1,fr,sms,momo_suspension,p1,synthetic,train
"Cher client MTN, votre compte Mobile Money est BLOQUÉ. Pour le réactiver, cliquez ici orange-money-secure.ga et saisissez votre code secret.",1,fr,sms,momo_suspension,p1,synthetic,train
"Cher client Nexttel, votre compte Mobile Money est BLOQUÉ. Pour le réactiver, cliquez ici orange-money-secure.ga et saisissez votre code secret.",1,fr,sms,momo_suspension,p1,synthetic,train
"Cher client MTN, votre compte Mobile Money est BLOQUÉ. Pour le réactiver, cliquez ici dhl-cameroun-colis.info et saisissez votre code secret.",1,fr,sms,momo_suspension,p1,synthetic,train
"Cher client Orange Money, votre compte Mobile Money est BLOQUÉ. Pour le réactiver, cliquez ici momo-bonus.xyz et saisissez votre code secret.",1,fr,sms,momo_suspension,p1,synthetic,train
"Cher client MTN MoMo, votre compte Mobile Money est BLOQUÉ. Pour le réactiver, cliquez ici bicec-update.online et saisissez votre code secret.",1,fr,sms,momo_suspension,p1,synthetic,train
"Cher client MTN MoMo, votre compte Mobile Money est BLOQUÉ. Pour le réactiver, cliquez ici cnps-remboursement.site et saisissez votre code secret.",1,fr,sms,momo_suspension,p1,synthetic,train
"Cher client Nexttel, votre compte Mobile Money est BLOQUÉ. Pour le réactiver, cliquez ici cnps-remboursement.site et saisissez votre code secret.",1,fr,sms,momo_suspension,p1,synthetic,train
"Cher client MTN MoMo, votre compte Mobile Money est BLOQUÉ. Pour le réactiver, cliquez ici camtel-promo.click et saisissez votre code secret.",1,fr,sms,momo_suspension,p1,synthetic,train
"Cher client Nexttel, votre compte Mobile Money est BLOQUÉ. Pour le réactiver, cliquez ici afriland-secure-login.com et saisissez votre code secret.",1,fr,sms,momo_suspension,p1,synthetic,train
"Cher client Nexttel, votre compte Mobile Money est BLOQUÉ. Pour le réactiver, cliquez ici momo-bonus.xyz et saisissez votre code secret.",1,fr,sms,momo_suspension,p1,synthetic,train
Orange: your account will be suspended within 2 heures due to unusual activity. Verify your PIN now at http://orange-cm-verify.link,1,en,sms,momo_suspension,p2,synthetic,train
Orange: your account will be suspended within 48h due to unusual activity. Verify your PIN now at http://camtel-promo.click,1,en,sms,momo_suspension,p2,synthetic,train
Orange: your account will be suspended within 2 heures due to unusual activity. Verify your PIN now at http://eneo-paiement.online,1,en,sms,momo_suspension,p2,synthetic,train
Camtel: your account will be suspended within 2 heures due to unusual activity. Verify your PIN now at http://cnps-remboursement.site,1,en,sms,momo_suspension,p2,synthetic,train
MTN: your account will be suspended within 12h due to unusual activity. Verify your PIN now at http://orange-cm-verify.link,1,en,sms,momo_suspension,p2,synthetic,train
Orange Money: your account will be suspended within 12h due to unusual activity. Verify your PIN now at http://camtel-promo.click,1,en,sms,momo_suspension,p2,synthetic,train
Nexttel: your account will be suspended within 24h due to unusual activity. Verify your PIN now at http://mtn-momo-verif.tk,1,en,sms,momo_suspension,p2,synthetic,train
Camtel: your account will be suspended within 1 heure due to unusual activity. Verify your PIN now at http://orange-cm-verify.link,1,en,sms,momo_suspension,p2,synthetic,train
Nexttel: your account will be suspended within 24h due to unusual activity. Verify your PIN now at http://impots-cm.live,1,en,sms,momo_suspension,p2,synthetic,train
Camtel: your account will be suspended within 24h due to unusual activity. Verify your PIN now at http://cnps-remboursement.site,1,en,sms,momo_suspension,p2,synthetic,train
Orange Money: your account will be suspended within 12h due to unusual activity. Verify your PIN now at http://orange-money-secure.ga,1,en,sms,momo_suspension,p2,synthetic,train
Orange Money: your account will be suspended within 48h due to unusual activity. Verify your PIN now at http://eneo-paiement.online,1,en,sms,momo_suspension,p2,synthetic,train
Nexttel: your account will be suspended within 2 heures due to unusual activity. Verify your PIN now at http://camtel-promo.click,1,en,sms,momo_suspension,p2,synthetic,train
Orange Money: your account will be suspended within 48h due to unusual activity. Verify your PIN now at http://impots-cm.live,1,en,sms,momo_suspension,p2,synthetic,train
Nexttel: your account go block for 48h. Enter your PIN for http://impots-cm.live make e no block.,1,pcm,sms,momo_suspension,p3,synthetic,train
Orange: your account go block for 24h. Enter your PIN for http://mtn-momo-verif.tk make e no block.,1,pcm,sms,momo_suspension,p3,synthetic,train
Orange Money: your account go block for 48h. Enter your PIN for http://camtel-promo.click make e no block.,1,pcm,sms,momo_suspension,p3,synthetic,train
Camtel: your account go block for 1 heure. Enter your PIN for http://orange-cm-verify.link make e no block.,1,pcm,sms,momo_suspension,p3,synthetic,train
MTN MoMo: your account go block for 12h. Enter your PIN for http://dhl-cameroun-colis.info make e no block.,1,pcm,sms,momo_suspension,p3,synthetic,train
Orange Money: your account go block for 12h. Enter your PIN for http://bicec-update.online make e no block.,1,pcm,sms,momo_suspension,p3,synthetic,train
Orange Money: your account go block for 12h. Enter your PIN for http://orange-money-secure.ga make e no block.,1,pcm,sms,momo_suspension,p3,synthetic,train
Orange Money: your account go block for 2 heures. Enter your PIN for http://orange-money-secure.ga make e no block.,1,pcm,sms,momo_suspension,p3,synthetic,train
Orange: your account go block for 1 heure. Enter your PIN for http://mtn-momo-verif.tk make e no block.,1,pcm,sms,momo_suspension,p3,synthetic,train
Nexttel: your account go block for 48h. Enter your PIN for http://eneo-paiement.online make e no block.,1,pcm,sms,momo_suspension,p3,synthetic,train
MTN: your account go block for 24h. Enter your PIN for http://cnps-remboursement.site make e no block.,1,pcm,sms,momo_suspension,p3,synthetic,train
Camtel: your account go block for 1 heure. Enter your PIN for http://momo-bonus.xyz make e no block.,1,pcm,sms,momo_suspension,p3,synthetic,train
Camtel: your account go block for 24h. Enter your PIN for http://camtel-promo.click make e no block.,1,pcm,sms,momo_suspension,p3,synthetic,train
Orange Money: your account go block for 12h. Enter your PIN for http://orange-cm-verify.link make e no block.,1,pcm,sms,momo_suspension,p3,synthetic,train
Service client Nexttel : un agent va vous appeler. Communiquez-lui le code à 6 chiffres reçu par SMS pour sécuriser votre compte.,1,fr,sms,pin_request,p4,synthetic,train
Service client Camtel : un agent va vous appeler. Communiquez-lui le code à 6 chiffres reçu par SMS pour sécuriser votre compte.,1,fr,sms,pin_request,p4,synthetic,train
Service client Orange : un agent va vous appeler. Communiquez-lui le code à 6 chiffres reçu par SMS pour sécuriser votre compte.,1,fr,sms,pin_request,p4,synthetic,train
Service client Orange Money : un agent va vous appeler. Communiquez-lui le code à 6 chiffres reçu par SMS pour sécuriser votre compte.,1,fr,sms,pin_request,p4,synthetic,train
Service client MTN : un agent va vous appeler. Communiquez-lui le code à 6 chiffres reçu par SMS pour sécuriser votre compte.,1,fr,sms,pin_request,p4,synthetic,train
Service client MTN MoMo : un agent va vous appeler. Communiquez-lui le code à 6 chiffres reçu par SMS pour sécuriser votre compte.,1,fr,sms,pin_request,p4,synthetic,train
"Bonjour, je suis agent Nexttel. Suite à une mise à jour, envoyez-moi votre code PIN et le code de confirmation que vous allez recevoir.",1,fr,whatsapp,pin_request,p5,synthetic,test
"Bonjour, je suis agent MTN MoMo. Suite à une mise à jour, envoyez-moi votre code PIN et le code de confirmation que vous allez recevoir.",1,fr,whatsapp,pin_request,p5,synthetic,test
"Bonjour, je suis agent MTN. Suite à une mise à jour, envoyez-moi votre code PIN et le code de confirmation que vous allez recevoir.",1,fr,whatsapp,pin_request,p5,synthetic,test
"Bonjour, je suis agent Orange. Suite à une mise à jour, envoyez-moi votre code PIN et le code de confirmation que vous allez recevoir.",1,fr,whatsapp,pin_request,p5,synthetic,test
"Bonjour, je suis agent Orange Money. Suite à une mise à jour, envoyez-moi votre code PIN et le code de confirmation que vous allez recevoir.",1,fr,whatsapp,pin_request,p5,synthetic,test
"Bonjour, je suis agent Camtel. Suite à une mise à jour, envoyez-moi votre code PIN et le code de confirmation que vous allez recevoir.",1,fr,whatsapp,pin_request,p5,synthetic,test
Camtel customer care: an agent will call you. Please give him the verification code you receive to keep your line active.,1,en,sms,pin_request,p6,synthetic,test
MTN customer care: an agent will call you. Please give him the verification code you receive to keep your line active.,1,en,sms,pin_request,p6,synthetic,test
Nexttel customer care: an agent will call you. Please give him the verification code you receive to keep your line active.,1,en,sms,pin_request,p6,synthetic,test
Orange customer care: an agent will call you. Please give him the verification code you receive to keep your line active.,1,en,sms,pin_request,p6,synthetic,test
MTN MoMo customer care: an agent will call you. Please give him the verification code you receive to keep your line active.,1,en,sms,pin_request,p6,synthetic,test
Orange Money customer care: an agent will call you. Please give him the verification code you receive to keep your line active.,1,en,sms,pin_request,p6,synthetic,test
Félicitations ! Votre numéro a gagné 50 000 FCFA à la tombola MTN. Envoyez 5 000 FCFA de frais de dossier au 6 77 88 99 00 pour recevoir votre gain.,1,fr,sms,prize,p7,synthetic,train
Félicitations ! Votre numéro a gagné 5 000 FCFA à la tombola Orange. Envoyez 10 000 FCFA de frais de dossier au 6 55 44 33 22 pour recevoir votre gain.,1,fr,sms,prize,p7,synthetic,train
Félicitations ! Votre numéro a gagné 15 500 FCFA à la tombola MTN. Envoyez 3 000 FCFA de frais de dossier au 6 98 76 54 32 pour recevoir votre gain.,1,fr,sms,prize,p7,synthetic,train
Félicitations ! Votre numéro a gagné 10 000 FCFA à la tombola MTN. Envoyez 7 500 FCFA de frais de dossier au 6 55 44 33 22 pour recevoir votre gain.,1,fr,sms,prize,p7,synthetic,train
Félicitations ! Votre numéro a gagné 25 000 FCFA à la tombola Camtel. Envoyez 7 500 FCFA de frais de dossier au 6 55 44 33 22 pour recevoir votre gain.,1,fr,sms,prize,p7,synthetic,train
Félicitations ! Votre numéro a gagné 250 000 FCFA à la tombola MTN. Envoyez 2 500 FCFA de frais de dossier au 6 98 76 54 32 pour recevoir votre gain.,1,fr,sms,prize,p7,synthetic,train
Félicitations ! Votre numéro a gagné 50 000 FCFA à la tombola Nexttel. Envoyez 2 500 FCFA de frais de dossier au 6 55 44 33 22 pour recevoir votre gain.,1,fr,sms,prize,p7,synthetic,train
Félicitations ! Votre numéro a gagné 15 500 FCFA à la tombola Orange Money. Envoyez 10 000 FCFA de frais de dossier au 6 55 44 33 22 pour recevoir votre gain.,1,fr,sms,prize,p7,synthetic,train
Félicitations ! Votre numéro a gagné 10 000 FCFA à la tombola Orange Money. Envoyez 2 500 FCFA de frais de dossier au 6 90 11 22 33 pour recevoir votre gain.,1,fr,sms,prize,p7,synthetic,train
Félicitations ! Votre numéro a gagné 25 000 FCFA à la tombola Orange Money. Envoyez 3 000 FCFA de frais de dossier au 6 90 11 22 33 pour recevoir votre gain.,1,fr,sms,prize,p7,synthetic,train
Félicitations ! Votre numéro a gagné 50 000 FCFA à la tombola Orange. Envoyez 2 500 FCFA de frais de dossier au 6 90 11 22 33 pour recevoir votre gain.,1,fr,sms,prize,p7,synthetic,train
Félicitations ! Votre numéro a gagné 150 000 FCFA à la tombola Orange. Envoyez 2 500 FCFA de frais de dossier au 6 71 23 45 67 pour recevoir votre gain.,1,fr,sms,prize,p7,synthetic,train
Félicitations ! Votre numéro a gagné 250 000 FCFA à la tombola Nexttel. Envoyez 2 500 FCFA de frais de dossier au 6 71 23 45 67 pour recevoir votre gain.,1,fr,sms,prize,p7,synthetic,train
Félicitations ! Votre numéro a gagné 500 000 FCFA à la tombola MTN. Envoyez 10 000 FCFA de frais de dossier au 6 71 23 45 67 pour recevoir votre gain.,1,fr,sms,prize,p7,synthetic,train
"BRAVO Brenda ! Vous êtes le grand gagnant de 10 000 FCFA. Pour débloquer votre cadeau, payez 5 000 FCFA de frais via Nexttel.",1,fr,sms,prize,p8,synthetic,train
"BRAVO Mireille ! Vous êtes le grand gagnant de 15 500 FCFA. Pour débloquer votre cadeau, payez 2 500 FCFA de frais via MTN.",1,fr,sms,prize,p8,synthetic,train
"BRAVO Aïcha ! Vous êtes le grand gagnant de 500 000 FCFA. Pour débloquer votre cadeau, payez 2 500 FCFA de frais via Orange Money.",1,fr,sms,prize,p8,synthetic,train
"BRAVO Fotso ! Vous êtes le grand gagnant de 10 000 FCFA. Pour débloquer votre cadeau, payez 3 000 FCFA de frais via MTN.",1,fr,sms,prize,p8,synthetic,train
"BRAVO Serge ! Vous êtes le grand gagnant de 150 000 FCFA. Pour débloquer votre cadeau, payez 3 000 FCFA de frais via Nexttel.",1,fr,sms,prize,p8,synthetic,train
"BRAVO Ngono ! Vous êtes le grand gagnant de 150 000 FCFA. Pour débloquer votre cadeau, payez 2 500 FCFA de frais via Camtel.",1,fr,sms,prize,p8,synthetic,train
"BRAVO Serge ! Vous êtes le grand gagnant de 25 000 FCFA. Pour débloquer votre cadeau, payez 7 500 FCFA de frais via Nexttel.",1,fr,sms,prize,p8,synthetic,train
"BRAVO Awa ! Vous êtes le grand gagnant de 5 000 FCFA. Pour débloquer votre cadeau, payez 5 000 FCFA de frais via Nexttel.",1,fr,sms,prize,p8,synthetic,train
"BRAVO Serge ! Vous êtes le grand gagnant de 500 000 FCFA. Pour débloquer votre cadeau, payez 7 500 FCFA de frais via MTN.",1,fr,sms,prize,p8,synthetic,train
"BRAVO Brenda ! Vous êtes le grand gagnant de 50 000 FCFA. Pour débloquer votre cadeau, payez 5 000 FCFA de frais via Orange.",1,fr,sms,prize,p8,synthetic,train
"BRAVO Brenda ! Vous êtes le grand gagnant de 250 000 FCFA. Pour débloquer votre cadeau, payez 5 000 FCFA de frais via Orange.",1,fr,sms,prize,p8,synthetic,train
"BRAVO Paul ! Vous êtes le grand gagnant de 1 000 000 FCFA. Pour débloquer votre cadeau, payez 2 500 FCFA de frais via Nexttel.",1,fr,sms,prize,p8,synthetic,train
"BRAVO Fotso ! Vous êtes le grand gagnant de 250 000 FCFA. Pour débloquer votre cadeau, payez 10 000 FCFA de frais via MTN.",1,fr,sms,prize,p8,synthetic,train
"BRAVO Mbarga ! Vous êtes le grand gagnant de 10 000 FCFA. Pour débloquer votre cadeau, payez 10 000 FCFA de frais via MTN MoMo.",1,fr,sms,prize,p8,synthetic,train
Congratulations! Your number won 1 000 000 FCFA in the MTN anniversary draw. Send 7 500 FCFA processing fee to 6 98 76 54 32 to claim.,1,en,sms,prize,p9,synthetic,train
Congratulations! Your number won 1 000 000 FCFA in the Orange anniversary draw. Send 10 000 FCFA processing fee to 6 77 88 99 00 to claim.,1,en,sms,prize,p9,synthetic,train
Congratulations! Your number won 500 000 FCFA in the Orange anniversary draw. Send 3 000 FCFA processing fee to 6 98 76 54 32 to claim.,1,en,sms,prize,p9,synthetic,train
Congratulations! Your number won 75 000 FCFA in the Orange anniversary draw. Send 10 000 FCFA processing fee to 6 77 88 99 00 to claim.,1,en,sms,prize,p9,synthetic,train
Congratulations! Your number won 5 000 FCFA in the MTN MoMo anniversary draw. Send 3 000 FCFA processing fee to 6 90 11 22 33 to claim.,1,en,sms,prize,p9,synthetic,train
Congratulations! Your number won 1 000 000 FCFA in the Camtel anniversary draw. Send 3 000 FCFA processing fee to 6 71 23 45 67 to claim.,1,en,sms,prize,p9,synthetic,train
Congratulations! Your number won 1 000 000 FCFA in the MTN anniversary draw. Send 3 000 FCFA processing fee to 6 71 23 45 67 to claim.,1,en,sms,prize,p9,synthetic,train
Congratulations! Your number won 150 000 FCFA in the MTN anniversary draw. Send 10 000 FCFA processing fee to 6 90 11 22 33 to claim.,1,en,sms,prize,p9,synthetic,train
Congratulations! Your number won 1 000 000 FCFA in the MTN MoMo anniversary draw. Send 3 000 FCFA processing fee to 6 71 23 45 67 to claim.,1,en,sms,prize,p9,synthetic,train
Congratulations! Your number won 1 000 000 FCFA in the Camtel anniversary draw. Send 2 500 FCFA processing fee to 6 90 11 22 33 to claim.,1,en,sms,prize,p9,synthetic,train
Congratulations! Your number won 25 000 FCFA in the MTN MoMo anniversary draw. Send 2 500 FCFA processing fee to 6 71 23 45 67 to claim.,1,en,sms,prize,p9,synthetic,train
Congratulations! Your number won 500 000 FCFA in the Orange Money anniversary draw. Send 7 500 FCFA processing fee to 6 90 11 22 33 to claim.,1,en,sms,prize,p9,synthetic,train
Congratulations! Your number won 10 000 FCFA in the MTN MoMo anniversary draw. Send 5 000 FCFA processing fee to 6 77 88 99 00 to claim.,1,en,sms,prize,p9,synthetic,train
Congratulations! Your number won 1 000 000 FCFA in the Nexttel anniversary draw. Send 7 500 FCFA processing fee to 6 90 11 22 33 to claim.,1,en,sms,prize,p9,synthetic,train
Congrat! You don win 5 000 FCFA for Orange promo. Send 7 500 FCFA for 6 71 23 45 67 make we release your money today.,1,pcm,whatsapp,prize,p10,synthetic,test
Congrat! You don win 15 500 FCFA for MTN promo. Send 5 000 FCFA for 6 98 76 54 32 make we release your money today.,1,pcm,whatsapp,prize,p10,synthetic,test
Congrat! You don win 15 500 FCFA for Orange Money promo. Send 7 500 FCFA for 6 90 11 22 33 make we release your money today.,1,pcm,whatsapp,prize,p10,synthetic,test
Congrat! You don win 1 000 000 FCFA for Camtel promo. Send 3 000 FCFA for 6 77 88 99 00 make we release your money today.,1,pcm,whatsapp,prize,p10,synthetic,test
Congrat! You don win 500 000 FCFA for Nexttel promo. Send 10 000 FCFA for 6 90 11 22 33 make we release your money today.,1,pcm,whatsapp,prize,p10,synthetic,test
Congrat! You don win 15 500 FCFA for Orange promo. Send 10 000 FCFA for 6 77 88 99 00 make we release your money today.,1,pcm,whatsapp,prize,p10,synthetic,test
Congrat! You don win 150 000 FCFA for Camtel promo. Send 2 500 FCFA for 6 77 88 99 00 make we release your money today.,1,pcm,whatsapp,prize,p10,synthetic,test
Congrat! You don win 150 000 FCFA for Orange Money promo. Send 7 500 FCFA for 6 98 76 54 32 make we release your money today.,1,pcm,whatsapp,prize,p10,synthetic,test
Congrat! You don win 5 000 FCFA for Nexttel promo. Send 7 500 FCFA for 6 55 44 33 22 make we release your money today.,1,pcm,whatsapp,prize,p10,synthetic,test
Congrat! You don win 75 000 FCFA for Nexttel promo. Send 5 000 FCFA for 6 98 76 54 32 make we release your money today.,1,pcm,whatsapp,prize,p10,synthetic,test
Congrat! You don win 150 000 FCFA for Nexttel promo. Send 3 000 FCFA for 6 71 23 45 67 make we release your money today.,1,pcm,whatsapp,prize,p10,synthetic,test
Congrat! You don win 500 000 FCFA for MTN MoMo promo. Send 7 500 FCFA for 6 77 88 99 00 make we release your money today.,1,pcm,whatsapp,prize,p10,synthetic,test
Congrat! You don win 10 000 FCFA for MTN MoMo promo. Send 5 000 FCFA for 6 90 11 22 33 make we release your money today.,1,pcm,whatsapp,prize,p10,synthetic,test
Congrat! You don win 5 000 FCFA for MTN promo. Send 7 500 FCFA for 6 55 44 33 22 make we release your money today.,1,pcm,whatsapp,prize,p10,synthetic,test
"Cher client SGBC, une activité suspecte a été détectée sur votre compte. Connectez-vous immédiatement sur https://orange-money-secure.ga pour éviter le blocage de votre carte.",1,fr,email,bank_login,p11,synthetic,train
"Cher client Afriland First Bank, une activité suspecte a été détectée sur votre compte. Connectez-vous immédiatement sur https://dhl-cameroun-colis.info pour éviter le blocage de votre carte.",1,fr,email,bank_login,p11,synthetic,train
"Cher client SGBC, une activité suspecte a été détectée sur votre compte. Connectez-vous immédiatement sur https://cnps-remboursement.site pour éviter le blocage de votre carte.",1,fr,email,bank_login,p11,synthetic,train
"Cher client Ecobank, une activité suspecte a été détectée sur votre compte. Connectez-vous immédiatement sur https://dhl-cameroun-colis.info pour éviter le blocage de votre carte.",1,fr,email,bank_login,p11,synthetic,train
"Cher client Ecobank, une activité suspecte a été détectée sur votre compte. Connectez-vous immédiatement sur https://mtn-cm.top pour éviter le blocage de votre carte.",1,fr,email,bank_login,p11,synthetic,train
"Cher client UBA Cameroun, une activité suspecte a été détectée sur votre compte. Connectez-vous immédiatement sur https://orange-money-secure.ga pour éviter le blocage de votre carte.",1,fr,email,bank_login,p11,synthetic,train
"Cher client BICEC, une activité suspecte a été détectée sur votre compte. Connectez-vous immédiatement sur https://orange-cm-verify.link pour éviter le blocage de votre carte.",1,fr,email,bank_login,p11,synthetic,train
"Cher client CCA Bank, une activité suspecte a été détectée sur votre compte. Connectez-vous immédiatement sur https://dhl-cameroun-colis.info pour éviter le blocage de votre carte.",1,fr,email,bank_login,p11,synthetic,train
"Cher client Ecobank, une activité suspecte a été détectée sur votre compte. Connectez-vous immédiatement sur https://bicec-update.online pour éviter le blocage de votre carte.",1,fr,email,bank_login,p11,synthetic,train
"Cher client BICEC, une activité suspecte a été détectée sur votre compte. Connectez-vous immédiatement sur https://impots-cm.live pour éviter le blocage de votre carte.",1,fr,email,bank_login,p11,synthetic,train
"Cher client CCA Bank, une activité suspecte a été détectée sur votre compte. Connectez-vous immédiatement sur https://mtn-momo-verif.tk pour éviter le blocage de votre carte.",1,fr,email,bank_login,p11,synthetic,train
"Cher client CCA Bank, une activité suspecte a été détectée sur votre compte. Connectez-vous immédiatement sur https://camtel-promo.click pour éviter le blocage de votre carte.",1,fr,email,bank_login,p11,synthetic,train
"Cher client Afriland First Bank, une activité suspecte a été détectée sur votre compte. Connectez-vous immédiatement sur https://afriland-secure-login.com pour éviter le blocage de votre carte.",1,fr,email,bank_login,p11,synthetic,train
"Cher client CCA Bank, une activité suspecte a été détectée sur votre compte. Connectez-vous immédiatement sur https://bicec-update.online pour éviter le blocage de votre carte.",1,fr,email,bank_login,p11,synthetic,train
Afriland First Bank - Dernier avertissement : mettez à jour vos informations bancaires sous 12h via http://eneo-paiement.online/maj sinon votre compte sera fermé.,1,fr,email,bank_login,p12,synthetic,test
UBA Cameroun - Dernier avertissement : mettez à jour vos informations bancaires sous 2 heures via http://cnps-remboursement.site/maj sinon votre compte sera fermé.,1,fr,email,bank_login,p12,synthetic,test
UBA Cameroun - Dernier avertissement : mettez à jour vos informations bancaires sous 48h via http://orange-cm-verify.link/maj sinon votre compte sera fermé.,1,fr,email,bank_login,p12,synthetic,test
CCA Bank - Dernier avertissement : mettez à jour vos informations bancaires sous 48h via http://mtn-cm.top/maj sinon votre compte sera fermé.,1,fr,email,bank_login,p12,synthetic,test
Ecobank - Dernier avertissement : mettez à jour vos informations bancaires sous 1 heure via http://camtel-promo.click/maj sinon votre compte sera fermé.,1,fr,email,bank_login,p12,synthetic,test
BICEC - Dernier avertissement : mettez à jour vos informations bancaires sous 24h via http://camtel-promo.click/maj sinon votre compte sera fermé.,1,fr,email,bank_login,p12,synthetic,test
CCA Bank - Dernier avertissement : mettez à jour vos informations bancaires sous 24h via http://mtn-cm.top/maj sinon votre compte sera fermé.,1,fr,email,bank_login,p12,synthetic,test
Afriland First Bank - Dernier avertissement : mettez à jour vos informations bancaires sous 48h via http://impots-cm.live/maj sinon votre compte sera fermé.,1,fr,email,bank_login,p12,synthetic,test
Ecobank - Dernier avertissement : mettez à jour vos informations bancaires sous 2 heures via http://momo-bonus.xyz/maj sinon votre compte sera fermé.,1,fr,email,bank_login,p12,synthetic,test
UBA Cameroun - Dernier avertissement : mettez à jour vos informations bancaires sous 24h via http://dhl-cameroun-colis.info/maj sinon votre compte sera fermé.,1,fr,email,bank_login,p12,synthetic,test
CCA Bank - Dernier avertissement : mettez à jour vos informations bancaires sous 1 heure via http://momo-bonus.xyz/maj sinon votre compte sera fermé.,1,fr,email,bank_login,p12,synthetic,test
Ecobank - Dernier avertissement : mettez à jour vos informations bancaires sous 48h via http://cnps-remboursement.site/maj sinon votre compte sera fermé.,1,fr,email,bank_login,p12,synthetic,test
CCA Bank - Dernier avertissement : mettez à jour vos informations bancaires sous 1 heure via http://impots-cm.live/maj sinon votre compte sera fermé.,1,fr,email,bank_login,p12,synthetic,test
UBA Cameroun - Dernier avertissement : mettez à jour vos informations bancaires sous 2 heures via http://mtn-momo-verif.tk/maj sinon votre compte sera fermé.,1,fr,email,bank_login,p12,synthetic,test
"Dear SGBC customer, your card has been temporarily limited. Restore access by confirming your details at https://mtn-cm.top/secure",1,en,email,bank_login,p13,synthetic,train
"Dear Ecobank customer, your card has been temporarily limited. Restore access by confirming your details at https://dhl-cameroun-colis.info/secure",1,en,email,bank_login,p13,synthetic,train
"Dear CCA Bank customer, your card has been temporarily limited. Restore access by confirming your details at https://bicec-update.online/secure",1,en,email,bank_login,p13,synthetic,train
"Dear SGBC customer, your card has been temporarily limited. Restore access by confirming your details at https://bicec-update.online/secure",1,en,email,bank_login,p13,synthetic,train
"Dear CCA Bank customer, your card has been temporarily limited. Restore access by confirming your details at https://impots-cm.live/secure",1,en,email,bank_login,p13,synthetic,train
"Dear UBA Cameroun customer, your card has been temporarily limited. Restore access by confirming your details at https://eneo-paiement.online/secure",1,en,email,bank_login,p13,synthetic,train
"Dear BICEC customer, your card has been temporarily limited. Restore access by confirming your details at https://cnps-remboursement.site/secure",1,en,email,bank_login,p13,synthetic,train
"Dear Ecobank customer, your card has been temporarily limited. Restore access by confirming your details at https://eneo-paiement.online/secure",1,en,email,bank_login,p13,synthetic,train
"Dear Afriland First Bank customer, your card has been temporarily limited. Restore access by confirming your details at https://orange-money-secure.ga/secure",1,en,email,bank_login,p13,synthetic,train
"Dear UBA Cameroun customer, your card has been temporarily limited. Restore access by confirming your details at https://mtn-momo-verif.tk/secure",1,en,email,bank_login,p13,synthetic,train
"Dear UBA Cameroun customer, your card has been temporarily limited. Restore access by confirming your details at https://mtn-cm.top/secure",1,en,email,bank_login,p13,synthetic,train
"Dear Ecobank customer, your card has been temporarily limited. Restore access by confirming your details at https://orange-cm-verify.link/secure",1,en,email,bank_login,p13,synthetic,train
"Dear Ecobank customer, your card has been temporarily limited. Restore access by confirming your details at https://bicec-update.online/secure",1,en,email,bank_login,p13,synthetic,train
"Dear CCA Bank customer, your card has been temporarily limited. Restore access by confirming your details at https://camtel-promo.click/secure",1,en,email,bank_login,p13,synthetic,train
ENEO INFO : facture impayée de 75 000 FCFA. Votre électricité sera coupée aujourd'hui à 14h. Payez immédiatement sur dhl-cameroun-colis.info,1,fr,sms,utility,p14,synthetic,test
ENEO INFO : facture impayée de 25 000 FCFA. Votre électricité sera coupée aujourd'hui à 14h. Payez immédiatement sur momo-bonus.xyz,1,fr,sms,utility,p14,synthetic,test
ENEO INFO : facture impayée de 1 000 000 FCFA. Votre électricité sera coupée aujourd'hui à 8h30. Payez immédiatement sur afriland-secure-login.com,1,fr,sms,utility,p14,synthetic,test
ENEO INFO : facture impayée de 50 000 FCFA. Votre électricité sera coupée aujourd'hui à 10h. Payez immédiatement sur eneo-paiement.online,1,fr,sms,utility,p14,synthetic,test
ENEO INFO : facture impayée de 75 000 FCFA. Votre électricité sera coupée aujourd'hui à 10h. Payez immédiatement sur dhl-cameroun-colis.info,1,fr,sms,utility,p14,synthetic,test
ENEO INFO : facture impayée de 250 000 FCFA. Votre électricité sera coupée aujourd'hui à 15h30. Payez immédiatement sur afriland-secure-login.com,1,fr,sms,utility,p14,synthetic,test
ENEO INFO : facture impayée de 10 000 FCFA. Votre électricité sera coupée aujourd'hui à 14h. Payez immédiatement sur mtn-cm.top,1,fr,sms,utility,p14,synthetic,test
ENEO INFO : facture impayée de 500 000 FCFA. Votre électricité sera coupée aujourd'hui à 10h. Payez immédiatement sur camtel-promo.click,1,fr,sms,utility,p14,synthetic,test
ENEO INFO : facture impayée de 25 000 FCFA. Votre électricité sera coupée aujourd'hui à 8h30. Payez immédiatement sur orange-cm-verify.link,1,fr,sms,utility,p14,synthetic,test
ENEO INFO : facture impayée de 15 500 FCFA. Votre électricité sera coupée aujourd'hui à 17h. Payez immédiatement sur momo-bonus.xyz,1,fr,sms,utility,p14,synthetic,test
ENEO INFO : facture impayée de 50 000 FCFA. Votre électricité sera coupée aujourd'hui à 15h30. Payez immédiatement sur orange-cm-verify.link,1,fr,sms,utility,p14,synthetic,test
ENEO INFO : facture impayée de 1 000 000 FCFA. Votre électricité sera coupée aujourd'hui à 14h. Payez immédiatement sur dhl-cameroun-colis.info,1,fr,sms,utility,p14,synthetic,test
ENEO INFO : facture impayée de 150 000 FCFA. Votre électricité sera coupée aujourd'hui à 8h30. Payez immédiatement sur afriland-secure-login.com,1,fr,sms,utility,p14,synthetic,test
ENEO INFO : facture impayée de 500 000 FCFA. Votre électricité sera coupée aujourd'hui à 15h30. Payez immédiatement sur dhl-cameroun-colis.info,1,fr,sms,utility,p14,synthetic,test
ENEO: unpaid bill of 150 000 FCFA. Power will be cut today at 14h. Pay now at http://orange-cm-verify.link to avoid disconnection.,1,en,sms,utility,p15,synthetic,train
ENEO: unpaid bill of 500 000 FCFA. Power will be cut today at 17h. Pay now at http://impots-cm.live to avoid disconnection.,1,en,sms,utility,p15,synthetic,train
ENEO: unpaid bill of 150 000 FCFA. Power will be cut today at 17h. Pay now at http://dhl-cameroun-colis.info to avoid disconnection.,1,en,sms,utility,p15,synthetic,train
ENEO: unpaid bill of 25 000 FCFA. Power will be cut today at 17h. Pay now at http://eneo-paiement.online to avoid disconnection.,1,en,sms,utility,p15,synthetic,train
ENEO: unpaid bill of 25 000 FCFA. Power will be cut today at 8h30. Pay now at http://mtn-cm.top to avoid disconnection.,1,en,sms,utility,p15,synthetic,train
ENEO: unpaid bill of 250 000 FCFA. Power will be cut today at 15h30. Pay now at http://bicec-update.online to avoid disconnection.,1,en,sms,utility,p15,synthetic,train
ENEO: unpaid bill of 1 000 000 FCFA. Power will be cut today at 17h. Pay now at http://mtn-momo-verif.tk to avoid disconnection.,1,en,sms,utility,p15,synthetic,train
ENEO: unpaid bill of 75 000 FCFA. Power will be cut today at 10h. Pay now at http://bicec-update.online to avoid disconnection.,1,en,sms,utility,p15,synthetic,train
ENEO: unpaid bill of 500 000 FCFA. Power will be cut today at 8h30. Pay now at http://afriland-secure-login.com to avoid disconnection.,1,en,sms,utility,p15,synthetic,train
ENEO: unpaid bill of 500 000 FCFA. Power will be cut today at 15h30. Pay now at http://orange-money-secure.ga to avoid disconnection.,1,en,sms,utility,p15,synthetic,train
ENEO: unpaid bill of 250 000 FCFA. Power will be cut today at 10h. Pay now at http://orange-money-secure.ga to avoid disconnection.,1,en,sms,utility,p15,synthetic,train
ENEO: unpaid bill of 5 000 FCFA. Power will be cut today at 15h30. Pay now at http://cnps-remboursement.site to avoid disconnection.,1,en,sms,utility,p15,synthetic,train
ENEO: unpaid bill of 15 500 FCFA. Power will be cut today at 10h. Pay now at http://impots-cm.live to avoid disconnection.,1,en,sms,utility,p15,synthetic,train
ENEO: unpaid bill of 250 000 FCFA. Power will be cut today at 15h30. Pay now at http://eneo-paiement.online to avoid disconnection.,1,en,sms,utility,p15,synthetic,train
"OFFRE D'EMPLOI : recrutement de agent de saisies à Ngaoundéré, salaire 250 000 FCFA. Frais d'inscription 3 000 FCFA à envoyer au 6 77 88 99 00. Places limitées !",1,fr,whatsapp,fake_job,p16,synthetic,train
"OFFRE D'EMPLOI : recrutement de caissiers à Ngaoundéré, salaire 250 000 FCFA. Frais d'inscription 2 500 FCFA à envoyer au 6 55 44 33 22. Places limitées !",1,fr,whatsapp,fake_job,p16,synthetic,train
"OFFRE D'EMPLOI : recrutement de community managers à Kribi, salaire 250 000 FCFA. Frais d'inscription 5 000 FCFA à envoyer au 6 55 44 33 22. Places limitées !",1,fr,whatsapp,fake_job,p16,synthetic,train
"OFFRE D'EMPLOI : recrutement de caissiers à Garoua, salaire 250 000 FCFA. Frais d'inscription 2 500 FCFA à envoyer au 6 90 11 22 33. Places limitées !",1,fr,whatsapp,fake_job,p16,synthetic,train
"OFFRE D'EMPLOI : recrutement de caissiers à Kribi, salaire 250 000 FCFA. Frais d'inscription 10 000 FCFA à envoyer au 6 77 88 99 00. Places limitées !",1,fr,whatsapp,fake_job,p16,synthetic,train
"OFFRE D'EMPLOI : recrutement de livreurs à Bamenda, salaire 250 000 FCFA. Frais d'inscription 7 500 FCFA à envoyer au 6 77 88 99 00. Places limitées !",1,fr,whatsapp,fake_job,p16,synthetic,train
"OFFRE D'EMPLOI : recrutement de community managers à Bamenda, salaire 250 000 FCFA. Frais d'inscription 10 000 FCFA à envoyer au 6 77 88 99 00. Places limitées !",1,fr,whatsapp,fake_job,p16,synthetic,train
"OFFRE D'EMPLOI : recrutement de livreurs à Ngaoundéré, salaire 250 000 FCFA. Frais d'inscription 3 000 FCFA à envoyer au 6 71 23 45 67. Places limitées !",1,fr,whatsapp,fake_job,p16,synthetic,train
"OFFRE D'EMPLOI : recrutement de caissiers à Kribi, salaire 250 000 FCFA. Frais d'inscription 7 500 FCFA à envoyer au 6 77 88 99 00. Places limitées !",1,fr,whatsapp,fake_job,p16,synthetic,train
"OFFRE D'EMPLOI : recrutement de agent de saisies à Ngaoundéré, salaire 250 000 FCFA. Frais d'inscription 3 000 FCFA à envoyer au 6 98 76 54 32. Places limitées !",1,fr,whatsapp,fake_job,p16,synthetic,train
"OFFRE D'EMPLOI : recrutement de agent de saisies à Garoua, salaire 250 000 FCFA. Frais d'inscription 7 500 FCFA à envoyer au 6 98 76 54 32. Places limitées !",1,fr,whatsapp,fake_job,p16,synthetic,train
"OFFRE D'EMPLOI : recrutement de community managers à Kribi, salaire 250 000 FCFA. Frais d'inscription 10 000 FCFA à envoyer au 6 90 11 22 33. Places limitées !",1,fr,whatsapp,fake_job,p16,synthetic,train
"OFFRE D'EMPLOI : recrutement de community managers à Douala, salaire 250 000 FCFA. Frais d'inscription 10 000 FCFA à envoyer au 6 98 76 54 32. Places limitées !",1,fr,whatsapp,fake_job,p16,synthetic,train
"OFFRE D'EMPLOI : recrutement de caissiers à Kribi, salaire 250 000 FCFA. Frais d'inscription 10 000 FCFA à envoyer au 6 98 76 54 32. Places limitées !",1,fr,whatsapp,fake_job,p16,synthetic,train
Gagnez 150 000 FCFA par jour en aimant des vidéos depuis votre téléphone ! Inscription : 3 000 FCFA sur WhatsApp au 6 71 23 45 67.,1,fr,whatsapp,fake_job,p17,synthetic,train
Gagnez 25 000 FCFA par jour en aimant des vidéos depuis votre téléphone ! Inscription : 2 500 FCFA sur WhatsApp au 6 98 76 54 32.,1,fr,whatsapp,fake_job,p17,synthetic,train
Gagnez 5 000 FCFA par jour en aimant des vidéos depuis votre téléphone ! Inscription : 10 000 FCFA sur WhatsApp au 6 90 11 22 33.,1,fr,whatsapp,fake_job,p17,synthetic,train
Gagnez 75 000 FCFA par jour en aimant des vidéos depuis votre téléphone ! Inscription : 7 500 FCFA sur WhatsApp au 6 71 23 45 67.,1,fr,whatsapp,fake_job,p17,synthetic,train
Gagnez 15 500 FCFA par jour en aimant des vidéos depuis votre téléphone ! Inscription : 3 000 FCFA sur WhatsApp au 6 90 11 22 33.,1,fr,whatsapp,fake_job,p17,synthetic,train
Gagnez 25 000 FCFA par jour en aimant des vidéos depuis votre téléphone ! Inscription : 7 500 FCFA sur WhatsApp au 6 71 23 45 67.,1,fr,whatsapp,fake_job,p17,synthetic,train
Gagnez 25 000 FCFA par jour en aimant des vidéos depuis votre téléphone ! Inscription : 2 500 FCFA sur WhatsApp au 6 55 44 33 22.,1,fr,whatsapp,fake_job,p17,synthetic,train
Gagnez 1 000 000 FCFA par jour en aimant des vidéos depuis votre téléphone ! Inscription : 3 000 FCFA sur WhatsApp au 6 71 23 45 67.,1,fr,whatsapp,fake_job,p17,synthetic,train
Gagnez 10 000 FCFA par jour en aimant des vidéos depuis votre téléphone ! Inscription : 3 000 FCFA sur WhatsApp au 6 55 44 33 22.,1,fr,whatsapp,fake_job,p17,synthetic,train
Gagnez 250 000 FCFA par jour en aimant des vidéos depuis votre téléphone ! Inscription : 7 500 FCFA sur WhatsApp au 6 90 11 22 33.,1,fr,whatsapp,fake_job,p17,synthetic,train
Gagnez 15 500 FCFA par jour en aimant des vidéos depuis votre téléphone ! Inscription : 2 500 FCFA sur WhatsApp au 6 77 88 99 00.,1,fr,whatsapp,fake_job,p17,synthetic,train
Gagnez 1 000 000 FCFA par jour en aimant des vidéos depuis votre téléphone ! Inscription : 3 000 FCFA sur WhatsApp au 6 77 88 99 00.,1,fr,whatsapp,fake_job,p17,synthetic,train
Gagnez 10 000 FCFA par jour en aimant des vidéos depuis votre téléphone ! Inscription : 2 500 FCFA sur WhatsApp au 6 71 23 45 67.,1,fr,whatsapp,fake_job,p17,synthetic,train
Gagnez 250 000 FCFA par jour en aimant des vidéos depuis votre téléphone ! Inscription : 10 000 FCFA sur WhatsApp au 6 77 88 99 00.,1,fr,whatsapp,fake_job,p17,synthetic,train
"URGENT HIRING: agent de saisie in Bamenda, 300,000 FCFA monthly. Pay 5 000 FCFA registration fee to 6 71 23 45 67 to secure your place.",1,en,whatsapp,fake_job,p18,synthetic,train
"URGENT HIRING: assistant administratif in Garoua, 300,000 FCFA monthly. Pay 3 000 FCFA registration fee to 6 77 88 99 00 to secure your place.",1,en,whatsapp,fake_job,p18,synthetic,train
"URGENT HIRING: assistant administratif in Buea, 300,000 FCFA monthly. Pay 10 000 FCFA registration fee to 6 98 76 54 32 to secure your place.",1,en,whatsapp,fake_job,p18,synthetic,train
"URGENT HIRING: agent de saisie in Garoua, 300,000 FCFA monthly. Pay 3 000 FCFA registration fee to 6 55 44 33 22 to secure your place.",1,en,whatsapp,fake_job,p18,synthetic,train
"URGENT HIRING: agent de saisie in Yaoundé, 300,000 FCFA monthly. Pay 3 000 FCFA registration fee to 6 55 44 33 22 to secure your place.",1,en,whatsapp,fake_job,p18,synthetic,train
"URGENT HIRING: agent de saisie in Buea, 300,000 FCFA monthly. Pay 3 000 FCFA registration fee to 6 55 44 33 22 to secure your place.",1,en,whatsapp,fake_job,p18,synthetic,train
"URGENT HIRING: assistant administratif in Bamenda, 300,000 FCFA monthly. Pay 10 000 FCFA registration fee to 6 98 76 54 32 to secure your place.",1,en,whatsapp,fake_job,p18,synthetic,train
"URGENT HIRING: caissier in Yaoundé, 300,000 FCFA monthly. Pay 2 500 FCFA registration fee to 6 55 44 33 22 to secure your place.",1,en,whatsapp,fake_job,p18,synthetic,train
"URGENT HIRING: community manager in Douala, 300,000 FCFA monthly. Pay 7 500 FCFA registration fee to 6 98 76 54 32 to secure your place.",1,en,whatsapp,fake_job,p18,synthetic,train
"URGENT HIRING: community manager in Ngaoundéré, 300,000 FCFA monthly. Pay 2 500 FCFA registration fee to 6 77 88 99 00 to secure your place.",1,en,whatsapp,fake_job,p18,synthetic,train
"URGENT HIRING: livreur in Bamenda, 300,000 FCFA monthly. Pay 3 000 FCFA registration fee to 6 77 88 99 00 to secure your place.",1,en,whatsapp,fake_job,p18,synthetic,train
"URGENT HIRING: caissier in Bamenda, 300,000 FCFA monthly. Pay 10 000 FCFA registration fee to 6 98 76 54 32 to secure your place.",1,en,whatsapp,fake_job,p18,synthetic,train
"URGENT HIRING: assistant administratif in Garoua, 300,000 FCFA monthly. Pay 2 500 FCFA registration fee to 6 71 23 45 67 to secure your place.",1,en,whatsapp,fake_job,p18,synthetic,train
"URGENT HIRING: livreur in Bamenda, 300,000 FCFA monthly. Pay 3 000 FCFA registration fee to 6 90 11 22 33 to secure your place.",1,en,whatsapp,fake_job,p18,synthetic,train
"Maman c'est moi Aïcha, j'ai changé de numéro. Je suis dans un problème, envoie-moi 25 000 FCFA urgent sur ce numéro, je t'explique après. Ne m'appelle pas.",1,fr,whatsapp,fake_relative,p19,synthetic,test
"Maman c'est moi Fotso, j'ai changé de numéro. Je suis dans un problème, envoie-moi 25 000 FCFA urgent sur ce numéro, je t'explique après. Ne m'appelle pas.",1,fr,whatsapp,fake_relative,p19,synthetic,test
"Maman c'est moi Serge, j'ai changé de numéro. Je suis dans un problème, envoie-moi 500 000 FCFA urgent sur ce numéro, je t'explique après. Ne m'appelle pas.",1,fr,whatsapp,fake_relative,p19,synthetic,test
"Maman c'est moi Awa, j'ai changé de numéro. Je suis dans un problème, envoie-moi 50 000 FCFA urgent sur ce numéro, je t'explique après. Ne m'appelle pas.",1,fr,whatsapp,fake_relative,p19,synthetic,test
"Maman c'est moi Mbarga, j'ai changé de numéro. Je suis dans un problème, envoie-moi 150 000 FCFA urgent sur ce numéro, je t'explique après. Ne m'appelle pas.",1,fr,whatsapp,fake_relative,p19,synthetic,test
"Maman c'est moi Mireille, j'ai changé de numéro. Je suis dans un problème, envoie-moi 15 500 FCFA urgent sur ce numéro, je t'explique après. Ne m'appelle pas.",1,fr,whatsapp,fake_relative,p19,synthetic,test
"Maman c'est moi Paul, j'ai changé de numéro. Je suis dans un problème, envoie-moi 50 000 FCFA urgent sur ce numéro, je t'explique après. Ne m'appelle pas.",1,fr,whatsapp,fake_relative,p19,synthetic,test
"Maman c'est moi Jean, j'ai changé de numéro. Je suis dans un problème, envoie-moi 5 000 FCFA urgent sur ce numéro, je t'explique après. Ne m'appelle pas.",1,fr,whatsapp,fake_relative,p19,synthetic,test
"Maman c'est moi Awa, j'ai changé de numéro. Je suis dans un problème, envoie-moi 5 000 FCFA urgent sur ce numéro, je t'explique après. Ne m'appelle pas.",1,fr,whatsapp,fake_relative,p19,synthetic,test
"Maman c'est moi Brenda, j'ai changé de numéro. Je suis dans un problème, envoie-moi 500 000 FCFA urgent sur ce numéro, je t'explique après. Ne m'appelle pas.",1,fr,whatsapp,fake_relative,p19,synthetic,test
"Maman c'est moi Ngono, j'ai changé de numéro. Je suis dans un problème, envoie-moi 5 000 FCFA urgent sur ce numéro, je t'explique après. Ne m'appelle pas.",1,fr,whatsapp,fake_relative,p19,synthetic,test
"Maman c'est moi Brenda, j'ai changé de numéro. Je suis dans un problème, envoie-moi 10 000 FCFA urgent sur ce numéro, je t'explique après. Ne m'appelle pas.",1,fr,whatsapp,fake_relative,p19,synthetic,test
"Maman c'est moi Aïcha, j'ai changé de numéro. Je suis dans un problème, envoie-moi 150 000 FCFA urgent sur ce numéro, je t'explique après. Ne m'appelle pas.",1,fr,whatsapp,fake_relative,p19,synthetic,test
"Maman c'est moi Mbarga, j'ai changé de numéro. Je suis dans un problème, envoie-moi 500 000 FCFA urgent sur ce numéro, je t'explique après. Ne m'appelle pas.",1,fr,whatsapp,fake_relative,p19,synthetic,test
"Na me Awa, I don change number. Abeg send me 500 000 FCFA quick quick for this number, I go explain you later. No call me now.",1,pcm,whatsapp,fake_relative,p20,synthetic,train
"Na me Mireille, I don change number. Abeg send me 150 000 FCFA quick quick for this number, I go explain you later. No call me now.",1,pcm,whatsapp,fake_relative,p20,synthetic,train
"Na me Jean, I don change number. Abeg send me 75 000 FCFA quick quick for this number, I go explain you later. No call me now.",1,pcm,whatsapp,fake_relative,p20,synthetic,train
"Na me Awa, I don change number. Abeg send me 25 000 FCFA quick quick for this number, I go explain you later. No call me now.",1,pcm,whatsapp,fake_relative,p20,synthetic,train
"Na me Mbarga, I don change number. Abeg send me 500 000 FCFA quick quick for this number, I go explain you later. No call me now.",1,pcm,whatsapp,fake_relative,p20,synthetic,train
"Na me Awa, I don change number. Abeg send me 50 000 FCFA quick quick for this number, I go explain you later. No call me now.",1,pcm,whatsapp,fake_relative,p20,synthetic,train
"Na me Paul, I don change number. Abeg send me 25 000 FCFA quick quick for this number, I go explain you later. No call me now.",1,pcm,whatsapp,fake_relative,p20,synthetic,train
"Na me Awa, I don change number. Abeg send me 1 000 000 FCFA quick quick for this number, I go explain you later. No call me now.",1,pcm,whatsapp,fake_relative,p20,synthetic,train
"Na me Awa, I don change number. Abeg send me 250 000 FCFA quick quick for this number, I go explain you later. No call me now.",1,pcm,whatsapp,fake_relative,p20,synthetic,train
"Na me Brenda, I don change number. Abeg send me 5 000 FCFA quick quick for this number, I go explain you later. No call me now.",1,pcm,whatsapp,fake_relative,p20,synthetic,train
"Na me Ngono, I don change number. Abeg send me 25 000 FCFA quick quick for this number, I go explain you later. No call me now.",1,pcm,whatsapp,fake_relative,p20,synthetic,train
"Na me Paul, I don change number. Abeg send me 500 000 FCFA quick quick for this number, I go explain you later. No call me now.",1,pcm,whatsapp,fake_relative,p20,synthetic,train
"Na me Fotso, I don change number. Abeg send me 1 000 000 FCFA quick quick for this number, I go explain you later. No call me now.",1,pcm,whatsapp,fake_relative,p20,synthetic,train
"Na me Ngono, I don change number. Abeg send me 75 000 FCFA quick quick for this number, I go explain you later. No call me now.",1,pcm,whatsapp,fake_relative,p20,synthetic,train
"Hi it's Mbarga, my phone is broken, this is my new number. I need 1 000 000 FCFA urgently for the hospital, please send via Nexttel now.",1,en,sms,fake_relative,p21,synthetic,train
"Hi it's Paul, my phone is broken, this is my new number. I need 250 000 FCFA urgently for the hospital, please send via Orange Money now.",1,en,sms,fake_relative,p21,synthetic,train
"Hi it's Serge, my phone is broken, this is my new number. I need 250 000 FCFA urgently for the hospital, please send via MTN now.",1,en,sms,fake_relative,p21,synthetic,train
"Hi it's Fotso, my phone is broken, this is my new number. I need 10 000 FCFA urgently for the hospital, please send via MTN MoMo now.",1,en,sms,fake_relative,p21,synthetic,train
"Hi it's Brenda, my phone is broken, this is my new number. I need 1 000 000 FCFA urgently for the hospital, please send via MTN MoMo now.",1,en,sms,fake_relative,p21,synthetic,train
"Hi it's Jean, my phone is broken, this is my new number. I need 75 000 FCFA urgently for the hospital, please send via Camtel now.",1,en,sms,fake_relative,p21,synthetic,train
"Hi it's Paul, my phone is broken, this is my new number. I need 5 000 FCFA urgently for the hospital, please send via Nexttel now.",1,en,sms,fake_relative,p21,synthetic,train
"Hi it's Aïcha, my phone is broken, this is my new number. I need 25 000 FCFA urgently for the hospital, please send via Orange Money now.",1,en,sms,fake_relative,p21,synthetic,train
"Hi it's Awa, my phone is broken, this is my new number. I need 500 000 FCFA urgently for the hospital, please send via MTN now.",1,en,sms,fake_relative,p21,synthetic,train
"Hi it's Mireille, my phone is broken, this is my new number. I need 500 000 FCFA urgently for the hospital, please send via Orange Money now.",1,en,sms,fake_relative,p21,synthetic,train
"Hi it's Ngono, my phone is broken, this is my new number. I need 5 000 FCFA urgently for the hospital, please send via MTN now.",1,en,sms,fake_relative,p21,synthetic,train
"Hi it's Serge, my phone is broken, this is my new number. I need 250 000 FCFA urgently for the hospital, please send via Orange Money now.",1,en,sms,fake_relative,p21,synthetic,train
"Hi it's Mbarga, my phone is broken, this is my new number. I need 5 000 FCFA urgently for the hospital, please send via Camtel now.",1,en,sms,fake_relative,p21,synthetic,train
"Hi it's Paul, my phone is broken, this is my new number. I need 1 000 000 FCFA urgently for the hospital, please send via MTN now.",1,en,sms,fake_relative,p21,synthetic,train
"Bonjour, j'ai envoyé 500 000 FCFA sur votre compte Orange Money par erreur. Svp renvoyez-les au 6 55 44 33 22, c'est l'argent de l'hôpital de mon enfant.",1,fr,sms,wrong_transfer,p22,synthetic,train
"Bonjour, j'ai envoyé 250 000 FCFA sur votre compte MTN par erreur. Svp renvoyez-les au 6 71 23 45 67, c'est l'argent de l'hôpital de mon enfant.",1,fr,sms,wrong_transfer,p22,synthetic,train
"Bonjour, j'ai envoyé 50 000 FCFA sur votre compte Orange par erreur. Svp renvoyez-les au 6 77 88 99 00, c'est l'argent de l'hôpital de mon enfant.",1,fr,sms,wrong_transfer,p22,synthetic,train
"Bonjour, j'ai envoyé 500 000 FCFA sur votre compte Orange Money par erreur. Svp renvoyez-les au 6 98 76 54 32, c'est l'argent de l'hôpital de mon enfant.",1,fr,sms,wrong_transfer,p22,synthetic,train
"Bonjour, j'ai envoyé 5 000 FCFA sur votre compte Nexttel par erreur. Svp renvoyez-les au 6 98 76 54 32, c'est l'argent de l'hôpital de mon enfant.",1,fr,sms,wrong_transfer,p22,synthetic,train
"Bonjour, j'ai envoyé 15 500 FCFA sur votre compte Orange Money par erreur. Svp renvoyez-les au 6 55 44 33 22, c'est l'argent de l'hôpital de mon enfant.",1,fr,sms,wrong_transfer,p22,synthetic,train
"Bonjour, j'ai envoyé 75 000 FCFA sur votre compte Nexttel par erreur. Svp renvoyez-les au 6 98 76 54 32, c'est l'argent de l'hôpital de mon enfant.",1,fr,sms,wrong_transfer,p22,synthetic,train
"Bonjour, j'ai envoyé 15 500 FCFA sur votre compte Nexttel par erreur. Svp renvoyez-les au 6 98 76 54 32, c'est l'argent de l'hôpital de mon enfant.",1,fr,sms,wrong_transfer,p22,synthetic,train
"Bonjour, j'ai envoyé 5 000 FCFA sur votre compte MTN MoMo par erreur. Svp renvoyez-les au 6 90 11 22 33, c'est l'argent de l'hôpital de mon enfant.",1,fr,sms,wrong_transfer,p22,synthetic,train
"Bonjour, j'ai envoyé 1 000 000 FCFA sur votre compte Orange Money par erreur. Svp renvoyez-les au 6 71 23 45 67, c'est l'argent de l'hôpital de mon enfant.",1,fr,sms,wrong_transfer,p22,synthetic,train
"Bonjour, j'ai envoyé 150 000 FCFA sur votre compte MTN MoMo par erreur. Svp renvoyez-les au 6 98 76 54 32, c'est l'argent de l'hôpital de mon enfant.",1,fr,sms,wrong_transfer,p22,synthetic,train
"Bonjour, j'ai envoyé 500 000 FCFA sur votre compte MTN par erreur. Svp renvoyez-les au 6 71 23 45 67, c'est l'argent de l'hôpital de mon enfant.",1,fr,sms,wrong_transfer,p22,synthetic,train
"Bonjour, j'ai envoyé 5 000 FCFA sur votre compte Orange Money par erreur. Svp renvoyez-les au 6 98 76 54 32, c'est l'argent de l'hôpital de mon enfant.",1,fr,sms,wrong_transfer,p22,synthetic,train
"Bonjour, j'ai envoyé 500 000 FCFA sur votre compte Nexttel par erreur. Svp renvoyez-les au 6 77 88 99 00, c'est l'argent de l'hôpital de mon enfant.",1,fr,sms,wrong_transfer,p22,synthetic,train
"Hello, I mistakenly sent 75 000 FCFA to your MTN MoMo account. Please kindly return it to 6 71 23 45 67, it is for my school fees.",1,en,sms,wrong_transfer,p23,synthetic,train
"Hello, I mistakenly sent 250 000 FCFA to your Orange Money account. Please kindly return it to 6 77 88 99 00, it is for my school fees.",1,en,sms,wrong_transfer,p23,synthetic,train
"Hello, I mistakenly sent 5 000 FCFA to your Orange Money account. Please kindly return it to 6 90 11 22 33, it is for my school fees.",1,en,sms,wrong_transfer,p23,synthetic,train
"Hello, I mistakenly sent 15 500 FCFA to your MTN account. Please kindly return it to 6 90 11 22 33, it is for my school fees.",1,en,sms,wrong_transfer,p23,synthetic,train
"Hello, I mistakenly sent 1 000 000 FCFA to your Camtel account. Please kindly return it to 6 90 11 22 33, it is for my school fees.",1,en,sms,wrong_transfer,p23,synthetic,train
"Hello, I mistakenly sent 500 000 FCFA to your Nexttel account. Please kindly return it to 6 55 44 33 22, it is for my school fees.",1,en,sms,wrong_transfer,p23,synthetic,train
"Hello, I mistakenly sent 250 000 FCFA to your Camtel account. Please kindly return it to 6 77 88 99 00, it is for my school fees.",1,en,sms,wrong_transfer,p23,synthetic,train
"Hello, I mistakenly sent 1 000 000 FCFA to your Orange account. Please kindly return it to 6 55 44 33 22, it is for my school fees.",1,en,sms,wrong_transfer,p23,synthetic,train
"Hello, I mistakenly sent 25 000 FCFA to your Camtel account. Please kindly return it to 6 90 11 22 33, it is for my school fees.",1,en,sms,wrong_transfer,p23,synthetic,train
"Hello, I mistakenly sent 150 000 FCFA to your MTN MoMo account. Please kindly return it to 6 71 23 45 67, it is for my school fees.",1,en,sms,wrong_transfer,p23,synthetic,train
"Hello, I mistakenly sent 250 000 FCFA to your MTN account. Please kindly return it to 6 55 44 33 22, it is for my school fees.",1,en,sms,wrong_transfer,p23,synthetic,train
"Hello, I mistakenly sent 25 000 FCFA to your Orange account. Please kindly return it to 6 90 11 22 33, it is for my school fees.",1,en,sms,wrong_transfer,p23,synthetic,train
"Hello, I mistakenly sent 75 000 FCFA to your Nexttel account. Please kindly return it to 6 77 88 99 00, it is for my school fees.",1,en,sms,wrong_transfer,p23,synthetic,train
"Hello, I mistakenly sent 25 000 FCFA to your Orange account. Please kindly return it to 6 77 88 99 00, it is for my school fees.",1,en,sms,wrong_transfer,p23,synthetic,train
DHL : votre colis est bloqué à la douane de Garoua. Payez 2 500 FCFA de frais sur http://eneo-paiement.online sous 12h sinon il sera retourné.,1,fr,sms,delivery,p24,synthetic,test
DHL : votre colis est bloqué à la douane de Ngaoundéré. Payez 2 500 FCFA de frais sur http://impots-cm.live sous 2 heures sinon il sera retourné.,1,fr,sms,delivery,p24,synthetic,test
DHL : votre colis est bloqué à la douane de Yaoundé. Payez 3 000 FCFA de frais sur http://dhl-cameroun-colis.info sous 2 heures sinon il sera retourné.,1,fr,sms,delivery,p24,synthetic,test
DHL : votre colis est bloqué à la douane de Kribi. Payez 3 000 FCFA de frais sur http://dhl-cameroun-colis.info sous 24h sinon il sera retourné.,1,fr,sms,delivery,p24,synthetic,test
DHL : votre colis est bloqué à la douane de Buea. Payez 2 500 FCFA de frais sur http://mtn-cm.top sous 24h sinon il sera retourné.,1,fr,sms,delivery,p24,synthetic,test
DHL : votre colis est bloqué à la douane de Garoua. Payez 10 000 FCFA de frais sur http://eneo-paiement.online sous 12h sinon il sera retourné.,1,fr,sms,delivery,p24,synthetic,test
DHL : votre colis est bloqué à la douane de Yaoundé. Payez 7 500 FCFA de frais sur http://eneo-paiement.online sous 24h sinon il sera retourné.,1,fr,sms,delivery,p24,synthetic,test
DHL : votre colis est bloqué à la douane de Garoua. Payez 5 000 FCFA de frais sur http://orange-money-secure.ga sous 2 heures sinon il sera retourné.,1,fr,sms,delivery,p24,synthetic,test
DHL : votre colis est bloqué à la douane de Yaoundé. Payez 3 000 FCFA de frais sur http://cnps-remboursement.site sous 48h sinon il sera retourné.,1,fr,sms,delivery,p24,synthetic,test
DHL : votre colis est bloqué à la douane de Buea. Payez 3 000 FCFA de frais sur http://orange-cm-verify.link sous 2 heures sinon il sera retourné.,1,fr,sms,delivery,p24,synthetic,test
DHL : votre colis est bloqué à la douane de Garoua. Payez 3 000 FCFA de frais sur http://eneo-paiement.online sous 2 heures sinon il sera retourné.,1,fr,sms,delivery,p24,synthetic,test
DHL : votre colis est bloqué à la douane de Bafoussam. Payez 3 000 FCFA de frais sur http://afriland-secure-login.com sous 12h sinon il sera retourné.,1,fr,sms,delivery,p24,synthetic,test
DHL : votre colis est bloqué à la douane de Bafoussam. Payez 5 000 FCFA de frais sur http://camtel-promo.click sous 48h sinon il sera retourné.,1,fr,sms,delivery,p24,synthetic,test
DHL : votre colis est bloqué à la douane de Buea. Payez 2 500 FCFA de frais sur http://camtel-promo.click sous 48h sinon il sera retourné.,1,fr,sms,delivery,p24,synthetic,test
Your parcel could not be delivered in Yaoundé. Confirm your address and pay a 2 500 FCFA fee at https://orange-cm-verify.link/track,1,en,email,delivery,p25,synthetic,train
Your parcel could not be delivered in Kribi. Confirm your address and pay a 2 500 FCFA fee at https://mtn-cm.top/track,1,en,email,delivery,p25,synthetic,train
Your parcel could not be delivered in Buea. Confirm your address and pay a 5 000 FCFA fee at https://bicec-update.online/track,1,en,email,delivery,p25,synthetic,train
Your parcel could not be delivered in Bafoussam. Confirm your address and pay a 7 500 FCFA fee at https://orange-cm-verify.link/track,1,en,email,delivery,p25,synthetic,train
Your parcel could not be delivered in Ngaoundéré. Confirm your address and pay a 7 500 FCFA fee at https://mtn-cm.top/track,1,en,email,delivery,p25,synthetic,train
Your parcel could not be delivered in Kribi. Confirm your address and pay a 5 000 FCFA fee at https://mtn-momo-verif.tk/track,1,en,email,delivery,p25,synthetic,train
Your parcel could not be delivered in Bamenda. Confirm your address and pay a 2 500 FCFA fee at https://orange-money-secure.ga/track,1,en,email,delivery,p25,synthetic,train
Your parcel could not be delivered in Bafoussam. Confirm your address and pay a 2 500 FCFA fee at https://mtn-momo-verif.tk/track,1,en,email,delivery,p25,synthetic,train
Your parcel could not be delivered in Bamenda. Confirm your address and pay a 2 500 FCFA fee at https://dhl-cameroun-colis.info/track,1,en,email,delivery,p25,synthetic,train
Your parcel could not be delivered in Douala. Confirm your address and pay a 5 000 FCFA fee at https://orange-cm-verify.link/track,1,en,email,delivery,p25,synthetic,train
Your parcel could not be delivered in Garoua. Confirm your address and pay a 3 000 FCFA fee at https://mtn-cm.top/track,1,en,email,delivery,p25,synthetic,train
Your parcel could not be delivered in Bamenda. Confirm your address and pay a 7 500 FCFA fee at https://momo-bonus.xyz/track,1,en,email,delivery,p25,synthetic,train
Your parcel could not be delivered in Bafoussam. Confirm your address and pay a 3 000 FCFA fee at https://momo-bonus.xyz/track,1,en,email,delivery,p25,synthetic,train
Your parcel could not be delivered in Kribi. Confirm your address and pay a 10 000 FCFA fee at https://bicec-update.online/track,1,en,email,delivery,p25,synthetic,train
CNPS : vous avez droit à un remboursement de 15 500 FCFA. Remplissez le formulaire sur https://impots-cm.live avec votre numéro de carte bancaire.,1,fr,email,gov_refund,p26,synthetic,train
CNPS : vous avez droit à un remboursement de 1 000 000 FCFA. Remplissez le formulaire sur https://bicec-update.online avec votre numéro de carte bancaire.,1,fr,email,gov_refund,p26,synthetic,train
CNPS : vous avez droit à un remboursement de 10 000 FCFA. Remplissez le formulaire sur https://afriland-secure-login.com avec votre numéro de carte bancaire.,1,fr,email,gov_refund,p26,synthetic,train
CNPS : vous avez droit à un remboursement de 75 000 FCFA. Remplissez le formulaire sur https://eneo-paiement.online avec votre numéro de carte bancaire.,1,fr,email,gov_refund,p26,synthetic,train
CNPS : vous avez droit à un remboursement de 50 000 FCFA. Remplissez le formulaire sur https://dhl-cameroun-colis.info avec votre numéro de carte bancaire.,1,fr,email,gov_refund,p26,synthetic,train
CNPS : vous avez droit à un remboursement de 10 000 FCFA. Remplissez le formulaire sur https://impots-cm.live avec votre numéro de carte bancaire.,1,fr,email,gov_refund,p26,synthetic,train
CNPS : vous avez droit à un remboursement de 25 000 FCFA. Remplissez le formulaire sur https://orange-cm-verify.link avec votre numéro de carte bancaire.,1,fr,email,gov_refund,p26,synthetic,train
CNPS : vous avez droit à un remboursement de 250 000 FCFA. Remplissez le formulaire sur https://camtel-promo.click avec votre numéro de carte bancaire.,1,fr,email,gov_refund,p26,synthetic,train
CNPS : vous avez droit à un remboursement de 1 000 000 FCFA. Remplissez le formulaire sur https://orange-cm-verify.link avec votre numéro de carte bancaire.,1,fr,email,gov_refund,p26,synthetic,train
CNPS : vous avez droit à un remboursement de 500 000 FCFA. Remplissez le formulaire sur https://cnps-remboursement.site avec votre numéro de carte bancaire.,1,fr,email,gov_refund,p26,synthetic,train
CNPS : vous avez droit à un remboursement de 50 000 FCFA. Remplissez le formulaire sur https://bicec-update.online avec votre numéro de carte bancaire.,1,fr,email,gov_refund,p26,synthetic,train
CNPS : vous avez droit à un remboursement de 5 000 FCFA. Remplissez le formulaire sur https://cnps-remboursement.site avec votre numéro de carte bancaire.,1,fr,email,gov_refund,p26,synthetic,train
CNPS : vous avez droit à un remboursement de 1 000 000 FCFA. Remplissez le formulaire sur https://cnps-remboursement.site avec votre numéro de carte bancaire.,1,fr,email,gov_refund,p26,synthetic,train
CNPS : vous avez droit à un remboursement de 10 000 FCFA. Remplissez le formulaire sur https://mtn-momo-verif.tk avec votre numéro de carte bancaire.,1,fr,email,gov_refund,p26,synthetic,train
Direction Générale des Impôts : un trop-perçu de 1 000 000 FCFA vous est dû. Confirmez vos coordonnées bancaires sur http://cnps-remboursement.site avant jeudi.,1,fr,email,gov_refund,p27,synthetic,test
Direction Générale des Impôts : un trop-perçu de 15 500 FCFA vous est dû. Confirmez vos coordonnées bancaires sur http://afriland-secure-login.com avant mardi.,1,fr,email,gov_refund,p27,synthetic,test
Direction Générale des Impôts : un trop-perçu de 1 000 000 FCFA vous est dû. Confirmez vos coordonnées bancaires sur http://eneo-paiement.online avant vendredi.,1,fr,email,gov_refund,p27,synthetic,test
Direction Générale des Impôts : un trop-perçu de 500 000 FCFA vous est dû. Confirmez vos coordonnées bancaires sur http://cnps-remboursement.site avant vendredi.,1,fr,email,gov_refund,p27,synthetic,test
Direction Générale des Impôts : un trop-perçu de 250 000 FCFA vous est dû. Confirmez vos coordonnées bancaires sur http://orange-cm-verify.link avant vendredi.,1,fr,email,gov_refund,p27,synthetic,test
Direction Générale des Impôts : un trop-perçu de 50 000 FCFA vous est dû. Confirmez vos coordonnées bancaires sur http://dhl-cameroun-colis.info avant mercredi.,1,fr,email,gov_refund,p27,synthetic,test
Direction Générale des Impôts : un trop-perçu de 10 000 FCFA vous est dû. Confirmez vos coordonnées bancaires sur http://bicec-update.online avant jeudi.,1,fr,email,gov_refund,p27,synthetic,test
Direction Générale des Impôts : un trop-perçu de 50 000 FCFA vous est dû. Confirmez vos coordonnées bancaires sur http://impots-cm.live avant lundi.,1,fr,email,gov_refund,p27,synthetic,test
Direction Générale des Impôts : un trop-perçu de 10 000 FCFA vous est dû. Confirmez vos coordonnées bancaires sur http://orange-cm-verify.link avant vendredi.,1,fr,email,gov_refund,p27,synthetic,test
Direction Générale des Impôts : un trop-perçu de 10 000 FCFA vous est dû. Confirmez vos coordonnées bancaires sur http://cnps-remboursement.site avant mardi.,1,fr,email,gov_refund,p27,synthetic,test
Direction Générale des Impôts : un trop-perçu de 250 000 FCFA vous est dû. Confirmez vos coordonnées bancaires sur http://mtn-cm.top avant mercredi.,1,fr,email,gov_refund,p27,synthetic,test
Direction Générale des Impôts : un trop-perçu de 1 000 000 FCFA vous est dû. Confirmez vos coordonnées bancaires sur http://mtn-cm.top avant samedi.,1,fr,email,gov_refund,p27,synthetic,test
Direction Générale des Impôts : un trop-perçu de 50 000 FCFA vous est dû. Confirmez vos coordonnées bancaires sur http://afriland-secure-login.com avant samedi.,1,fr,email,gov_refund,p27,synthetic,test
Direction Générale des Impôts : un trop-perçu de 150 000 FCFA vous est dû. Confirmez vos coordonnées bancaires sur http://impots-cm.live avant mercredi.,1,fr,email,gov_refund,p27,synthetic,test
MTN : votre carte SIM sera désactivée dans 2 heures. Envoyez votre numéro CNI et le code reçu par SMS au 6 55 44 33 22 pour la conserver.,1,fr,sms,sim_swap,p28,synthetic,train
Nexttel : votre carte SIM sera désactivée dans 2 heures. Envoyez votre numéro CNI et le code reçu par SMS au 6 90 11 22 33 pour la conserver.,1,fr,sms,sim_swap,p28,synthetic,train
MTN : votre carte SIM sera désactivée dans 1 heure. Envoyez votre numéro CNI et le code reçu par SMS au 6 71 23 45 67 pour la conserver.,1,fr,sms,sim_swap,p28,synthetic,train
MTN MoMo : votre carte SIM sera désactivée dans 1 heure. Envoyez votre numéro CNI et le code reçu par SMS au 6 71 23 45 67 pour la conserver.,1,fr,sms,sim_swap,p28,synthetic,train
Orange Money : votre carte SIM sera désactivée dans 12h. Envoyez votre numéro CNI et le code reçu par SMS au 6 98 76 54 32 pour la conserver.,1,fr,sms,sim_swap,p28,synthetic,train
Orange Money : votre carte SIM sera désactivée dans 48h. Envoyez votre numéro CNI et le code reçu par SMS au 6 98 76 54 32 pour la conserver.,1,fr,sms,sim_swap,p28,synthetic,train
Orange : votre carte SIM sera désactivée dans 1 heure. Envoyez votre numéro CNI et le code reçu par SMS au 6 71 23 45 67 pour la conserver.,1,fr,sms,sim_swap,p28,synthetic,train
Camtel : votre carte SIM sera désactivée dans 1 heure. Envoyez votre numéro CNI et le code reçu par SMS au 6 55 44 33 22 pour la conserver.,1,fr,sms,sim_swap,p28,synthetic,train
MTN MoMo : votre carte SIM sera désactivée dans 12h. Envoyez votre numéro CNI et le code reçu par SMS au 6 77 88 99 00 pour la conserver.,1,fr,sms,sim_swap,p28,synthetic,train
Orange Money : votre carte SIM sera désactivée dans 1 heure. Envoyez votre numéro CNI et le code reçu par SMS au 6 55 44 33 22 pour la conserver.,1,fr,sms,sim_swap,p28,synthetic,train
MTN : votre carte SIM sera désactivée dans 24h. Envoyez votre numéro CNI et le code reçu par SMS au 6 90 11 22 33 pour la conserver.,1,fr,sms,sim_swap,p28,synthetic,train
Nexttel : votre carte SIM sera désactivée dans 12h. Envoyez votre numéro CNI et le code reçu par SMS au 6 71 23 45 67 pour la conserver.,1,fr,sms,sim_swap,p28,synthetic,train
Orange : votre carte SIM sera désactivée dans 2 heures. Envoyez votre numéro CNI et le code reçu par SMS au 6 98 76 54 32 pour la conserver.,1,fr,sms,sim_swap,p28,synthetic,train
Camtel : votre carte SIM sera désactivée dans 2 heures. Envoyez votre numéro CNI et le code reçu par SMS au 6 98 76 54 32 pour la conserver.,1,fr,sms,sim_swap,p28,synthetic,train
Investissez 5 000 FCFA et recevez 250 000 FCFA en 48h garanti ! Des centaines de Camerounais gagnent déjà. Contactez le 6 55 44 33 22 vite.,1,fr,whatsapp,investment,p29,synthetic,train
Investissez 7 500 FCFA et recevez 25 000 FCFA en 48h garanti ! Des centaines de Camerounais gagnent déjà. Contactez le 6 98 76 54 32 vite.,1,fr,whatsapp,investment,p29,synthetic,train
Investissez 10 000 FCFA et recevez 50 000 FCFA en 48h garanti ! Des centaines de Camerounais gagnent déjà. Contactez le 6 90 11 22 33 vite.,1,fr,whatsapp,investment,p29,synthetic,train
Investissez 5 000 FCFA et recevez 150 000 FCFA en 48h garanti ! Des centaines de Camerounais gagnent déjà. Contactez le 6 71 23 45 67 vite.,1,fr,whatsapp,investment,p29,synthetic,train
Investissez 2 500 FCFA et recevez 500 000 FCFA en 48h garanti ! Des centaines de Camerounais gagnent déjà. Contactez le 6 55 44 33 22 vite.,1,fr,whatsapp,investment,p29,synthetic,train
Investissez 10 000 FCFA et recevez 5 000 FCFA en 48h garanti ! Des centaines de Camerounais gagnent déjà. Contactez le 6 98 76 54 32 vite.,1,fr,whatsapp,investment,p29,synthetic,train
Investissez 2 500 FCFA et recevez 500 000 FCFA en 48h garanti ! Des centaines de Camerounais gagnent déjà. Contactez le 6 71 23 45 67 vite.,1,fr,whatsapp,investment,p29,synthetic,train
Investissez 5 000 FCFA et recevez 1 000 000 FCFA en 48h garanti ! Des centaines de Camerounais gagnent déjà. Contactez le 6 77 88 99 00 vite.,1,fr,whatsapp,investment,p29,synthetic,train
Investissez 7 500 FCFA et recevez 15 500 FCFA en 48h garanti ! Des centaines de Camerounais gagnent déjà. Contactez le 6 55 44 33 22 vite.,1,fr,whatsapp,investment,p29,synthetic,train
Investissez 2 500 FCFA et recevez 25 000 FCFA en 48h garanti ! Des centaines de Camerounais gagnent déjà. Contactez le 6 90 11 22 33 vite.,1,fr,whatsapp,investment,p29,synthetic,train
Investissez 7 500 FCFA et recevez 250 000 FCFA en 48h garanti ! Des centaines de Camerounais gagnent déjà. Contactez le 6 98 76 54 32 vite.,1,fr,whatsapp,investment,p29,synthetic,train
Investissez 5 000 FCFA et recevez 5 000 FCFA en 48h garanti ! Des centaines de Camerounais gagnent déjà. Contactez le 6 77 88 99 00 vite.,1,fr,whatsapp,investment,p29,synthetic,train
Investissez 10 000 FCFA et recevez 1 000 000 FCFA en 48h garanti ! Des centaines de Camerounais gagnent déjà. Contactez le 6 98 76 54 32 vite.,1,fr,whatsapp,investment,p29,synthetic,train
Investissez 5 000 FCFA et recevez 1 000 000 FCFA en 48h garanti ! Des centaines de Camerounais gagnent déjà. Contactez le 6 90 11 22 33 vite.,1,fr,whatsapp,investment,p29,synthetic,train
"Crypto opportunity: invest 3 000 FCFA today and get 250 000 FCFA in 3 days, 100% guaranteed. Join now via dhl-cameroun-colis.info",1,en,whatsapp,investment,p30,synthetic,train
"Crypto opportunity: invest 3 000 FCFA today and get 25 000 FCFA in 3 days, 100% guaranteed. Join now via cnps-remboursement.site",1,en,whatsapp,investment,p30,synthetic,train
"Crypto opportunity: invest 3 000 FCFA today and get 15 500 FCFA in 3 days, 100% guaranteed. Join now via eneo-paiement.online",1,en,whatsapp,investment,p30,synthetic,train
"Crypto opportunity: invest 10 000 FCFA today and get 5 000 FCFA in 3 days, 100% guaranteed. Join now via orange-cm-verify.link",1,en,whatsapp,investment,p30,synthetic,train
"Crypto opportunity: invest 10 000 FCFA today and get 5 000 FCFA in 3 days, 100% guaranteed. Join now via afriland-secure-login.com",1,en,whatsapp,investment,p30,synthetic,train
"Crypto opportunity: invest 3 000 FCFA today and get 75 000 FCFA in 3 days, 100% guaranteed. Join now via cnps-remboursement.site",1,en,whatsapp,investment,p30,synthetic,train
"Crypto opportunity: invest 5 000 FCFA today and get 150 000 FCFA in 3 days, 100% guaranteed. Join now via cnps-remboursement.site",1,en,whatsapp,investment,p30,synthetic,train
"Crypto opportunity: invest 2 500 FCFA today and get 500 000 FCFA in 3 days, 100% guaranteed. Join now via cnps-remboursement.site",1,en,whatsapp,investment,p30,synthetic,train
"Crypto opportunity: invest 5 000 FCFA today and get 500 000 FCFA in 3 days, 100% guaranteed. Join now via bicec-update.online",1,en,whatsapp,investment,p30,synthetic,train
"Crypto opportunity: invest 5 000 FCFA today and get 250 000 FCFA in 3 days, 100% guaranteed. Join now via orange-money-secure.ga",1,en,whatsapp,investment,p30,synthetic,train
"Crypto opportunity: invest 10 000 FCFA today and get 50 000 FCFA in 3 days, 100% guaranteed. Join now via mtn-momo-verif.tk",1,en,whatsapp,investment,p30,synthetic,train
"Crypto opportunity: invest 5 000 FCFA today and get 500 000 FCFA in 3 days, 100% guaranteed. Join now via camtel-promo.click",1,en,whatsapp,investment,p30,synthetic,train
"Crypto opportunity: invest 3 000 FCFA today and get 1 000 000 FCFA in 3 days, 100% guaranteed. Join now via eneo-paiement.online",1,en,whatsapp,investment,p30,synthetic,train
"Crypto opportunity: invest 7 500 FCFA today and get 5 000 FCFA in 3 days, 100% guaranteed. Join now via camtel-promo.click",1,en,whatsapp,investment,p30,synthetic,train
Transfert reçu de 75 000 FCFA de Aïcha. Nouveau solde : 75 000 FCFA. ID de transaction : REF-20260925-4412. Merci d'utiliser MTN.,0,fr,sms,momo_receipt,l0,synthetic,test
Transfert reçu de 150 000 FCFA de Aïcha. Nouveau solde : 150 000 FCFA. ID de transaction : CI240925.1834.A12. Merci d'utiliser Orange.,0,fr,sms,momo_receipt,l0,synthetic,test
Transfert reçu de 50 000 FCFA de Ngono. Nouveau solde : 50 000 FCFA. ID de transaction : REF-20260925-4412. Merci d'utiliser Orange Money.,0,fr,sms,momo_receipt,l0,synthetic,test
Transfert reçu de 10 000 FCFA de Mbarga. Nouveau solde : 10 000 FCFA. ID de transaction : TX9981273. Merci d'utiliser Nexttel.,0,fr,sms,momo_receipt,l0,synthetic,test
Transfert reçu de 1 000 000 FCFA de Fotso. Nouveau solde : 1 000 000 FCFA. ID de transaction : MP250912.0931.B77. Merci d'utiliser Nexttel.,0,fr,sms,momo_receipt,l0,synthetic,test
Transfert reçu de 500 000 FCFA de Awa. Nouveau solde : 500 000 FCFA. ID de transaction : TX9981273. Merci d'utiliser MTN.,0,fr,sms,momo_receipt,l0,synthetic,test
Transfert reçu de 5 000 FCFA de Brenda. Nouveau solde : 5 000 FCFA. ID de transaction : CI240925.1834.A12. Merci d'utiliser MTN.,0,fr,sms,momo_receipt,l0,synthetic,test
Transfert reçu de 15 500 FCFA de Jean. Nouveau solde : 15 500 FCFA. ID de transaction : CI240925.1834.A12. Merci d'utiliser MTN MoMo.,0,fr,sms,momo_receipt,l0,synthetic,test
Transfert reçu de 75 000 FCFA de Brenda. Nouveau solde : 75 000 FCFA. ID de transaction : MP250912.0931.B77. Merci d'utiliser Orange Money.,0,fr,sms,momo_receipt,l0,synthetic,test
Transfert reçu de 10 000 FCFA de Awa. Nouveau solde : 10 000 FCFA. ID de transaction : CI240925.1834.A12. Merci d'utiliser Camtel.,0,fr,sms,momo_receipt,l0,synthetic,test
Transfert reçu de 10 000 FCFA de Fotso. Nouveau solde : 10 000 FCFA. ID de transaction : MP250912.0931.B77. Merci d'utiliser Camtel.,0,fr,sms,momo_receipt,l0,synthetic,test
Transfert reçu de 500 000 FCFA de Fotso. Nouveau solde : 500 000 FCFA. ID de transaction : CI240925.1834.A12. Merci d'utiliser Orange.,0,fr,sms,momo_receipt,l0,synthetic,test
Transfert reçu de 150 000 FCFA de Paul. Nouveau solde : 150 000 FCFA. ID de transaction : REF-20260925-4412. Merci d'utiliser Camtel.,0,fr,sms,momo_receipt,l0,synthetic,test
Transfert reçu de 50 000 FCFA de Paul. Nouveau solde : 50 000 FCFA. ID de transaction : TX9981273. Merci d'utiliser Nexttel.,0,fr,sms,momo_receipt,l0,synthetic,test
Camtel : vous avez payé 3 000 FCFA chez Jumia. Frais : 0 FCFA. Réf : REF-20260925-4412. Solde disponible : 5 000 FCFA.,0,fr,sms,momo_receipt,l1,synthetic,train
Nexttel : vous avez payé 10 000 FCFA chez Carrefour Market. Frais : 0 FCFA. Réf : CI240925.1834.A12. Solde disponible : 10 000 FCFA.,0,fr,sms,momo_receipt,l1,synthetic,train
Orange : vous avez payé 3 000 FCFA chez Jumia. Frais : 0 FCFA. Réf : REF-20260925-4412. Solde disponible : 5 000 FCFA.,0,fr,sms,momo_receipt,l1,synthetic,train
MTN MoMo : vous avez payé 3 000 FCFA chez Glotelho. Frais : 0 FCFA. Réf : MP250912.0931.B77. Solde disponible : 1 000 000 FCFA.,0,fr,sms,momo_receipt,l1,synthetic,train
Camtel : vous avez payé 10 000 FCFA chez Glotelho. Frais : 0 FCFA. Réf : CI240925.1834.A12. Solde disponible : 10 000 FCFA.,0,fr,sms,momo_receipt,l1,synthetic,train
MTN MoMo : vous avez payé 7 500 FCFA chez Carrefour Market. Frais : 0 FCFA. Réf : REF-20260925-4412. Solde disponible : 500 000 FCFA.,0,fr,sms,momo_receipt,l1,synthetic,train
Camtel : vous avez payé 2 500 FCFA chez Tradex. Frais : 0 FCFA. Réf : CI240925.1834.A12. Solde disponible : 25 000 FCFA.,0,fr,sms,momo_receipt,l1,synthetic,train
MTN : vous avez payé 3 000 FCFA chez Santa Lucia. Frais : 0 FCFA. Réf : TX9981273. Solde disponible : 25 000 FCFA.,0,fr,sms,momo_receipt,l1,synthetic,train
MTN : vous avez payé 5 000 FCFA chez Jumia. Frais : 0 FCFA. Réf : CI240925.1834.A12. Solde disponible : 25 000 FCFA.,0,fr,sms,momo_receipt,l1,synthetic,train
MTN : vous avez payé 2 500 FCFA chez Tradex. Frais : 0 FCFA. Réf : CI240925.1834.A12. Solde disponible : 75 000 FCFA.,0,fr,sms,momo_receipt,l1,synthetic,train
Orange Money : vous avez payé 7 500 FCFA chez Glotelho. Frais : 0 FCFA. Réf : CI240925.1834.A12. Solde disponible : 1 000 000 FCFA.,0,fr,sms,momo_receipt,l1,synthetic,train
MTN MoMo : vous avez payé 2 500 FCFA chez Tradex. Frais : 0 FCFA. Réf : TX9981273. Solde disponible : 25 000 FCFA.,0,fr,sms,momo_receipt,l1,synthetic,train
Orange Money : vous avez payé 7 500 FCFA chez Glotelho. Frais : 0 FCFA. Réf : TX9981273. Solde disponible : 1 000 000 FCFA.,0,fr,sms,momo_receipt,l1,synthetic,train
Camtel : vous avez payé 7 500 FCFA chez Glotelho. Frais : 0 FCFA. Réf : CI240925.1834.A12. Solde disponible : 15 500 FCFA.,0,fr,sms,momo_receipt,l1,synthetic,train
You have received 150 000 FCFA from Paul. Your new balance is 150 000 FCFA. Transaction ID: TX9981273. Camtel,0,en,sms,momo_receipt,l2,synthetic,train
You have received 50 000 FCFA from Serge. Your new balance is 50 000 FCFA. Transaction ID: MP250912.0931.B77. MTN MoMo,0,en,sms,momo_receipt,l2,synthetic,train
You have received 250 000 FCFA from Brenda. Your new balance is 250 000 FCFA. Transaction ID: CI240925.1834.A12. Orange,0,en,sms,momo_receipt,l2,synthetic,train
You have received 1 000 000 FCFA from Awa. Your new balance is 1 000 000 FCFA. Transaction ID: TX9981273. Orange Money,0,en,sms,momo_receipt,l2,synthetic,train
You have received 5 000 FCFA from Aïcha. Your new balance is 5 000 FCFA. Transaction ID: REF-20260925-4412. Orange,0,en,sms,momo_receipt,l2,synthetic,train
You have received 15 500 FCFA from Mbarga. Your new balance is 15 500 FCFA. Transaction ID: TX9981273. MTN MoMo,0,en,sms,momo_receipt,l2,synthetic,train
You have received 25 000 FCFA from Mbarga. Your new balance is 25 000 FCFA. Transaction ID: MP250912.0931.B77. Orange Money,0,en,sms,momo_receipt,l2,synthetic,train
You have received 10 000 FCFA from Mbarga. Your new balance is 10 000 FCFA. Transaction ID: MP250912.0931.B77. Orange Money,0,en,sms,momo_receipt,l2,synthetic,train
You have received 250 000 FCFA from Ngono. Your new balance is 250 000 FCFA. Transaction ID: REF-20260925-4412. Camtel,0,en,sms,momo_receipt,l2,synthetic,train
You have received 150 000 FCFA from Mbarga. Your new balance is 150 000 FCFA. Transaction ID: TX9981273. Orange,0,en,sms,momo_receipt,l2,synthetic,train
You have received 500 000 FCFA from Serge. Your new balance is 500 000 FCFA. Transaction ID: REF-20260925-4412. MTN,0,en,sms,momo_receipt,l2,synthetic,train
You have received 50 000 FCFA from Serge. Your new balance is 50 000 FCFA. Transaction ID: CI240925.1834.A12. Orange Money,0,en,sms,momo_receipt,l2,synthetic,train
You have received 25 000 FCFA from Paul. Your new balance is 25 000 FCFA. Transaction ID: TX9981273. MTN,0,en,sms,momo_receipt,l2,synthetic,train
You have received 150 000 FCFA from Mbarga. Your new balance is 150 000 FCFA. Transaction ID: REF-20260925-4412. MTN MoMo,0,en,sms,momo_receipt,l2,synthetic,train
Camtel: You don receive 250 000 FCFA from Serge. Ref CI240925.1834.A12. Thank you.,0,pcm,sms,momo_receipt,l3,synthetic,train
Camtel: You don receive 50 000 FCFA from Ngono. Ref TX9981273. Thank you.,0,pcm,sms,momo_receipt,l3,synthetic,train
Camtel: You don receive 15 500 FCFA from Serge. Ref CI240925.1834.A12. Thank you.,0,pcm,sms,momo_receipt,l3,synthetic,train
Orange Money: You don receive 50 000 FCFA from Mireille. Ref CI240925.1834.A12. Thank you.,0,pcm,sms,momo_receipt,l3,synthetic,train
Orange: You don receive 50 000 FCFA from Jean. Ref MP250912.0931.B77. Thank you.,0,pcm,sms,momo_receipt,l3,synthetic,train
Camtel: You don receive 250 000 FCFA from Brenda. Ref TX9981273. Thank you.,0,pcm,sms,momo_receipt,l3,synthetic,train
Camtel: You don receive 250 000 FCFA from Paul. Ref REF-20260925-4412. Thank you.,0,pcm,sms,momo_receipt,l3,synthetic,train
Camtel: You don receive 10 000 FCFA from Ngono. Ref REF-20260925-4412. Thank you.,0,pcm,sms,momo_receipt,l3,synthetic,train
Nexttel: You don receive 1 000 000 FCFA from Brenda. Ref REF-20260925-4412. Thank you.,0,pcm,sms,momo_receipt,l3,synthetic,train
MTN: You don receive 10 000 FCFA from Fotso. Ref CI240925.1834.A12. Thank you.,0,pcm,sms,momo_receipt,l3,synthetic,train
Orange Money: You don receive 150 000 FCFA from Brenda. Ref REF-20260925-4412. Thank you.,0,pcm,sms,momo_receipt,l3,synthetic,train
MTN: You don receive 25 000 FCFA from Mireille. Ref CI240925.1834.A12. Thank you.,0,pcm,sms,momo_receipt,l3,synthetic,train
Orange: You don receive 5 000 FCFA from Mireille. Ref CI240925.1834.A12. Thank you.,0,pcm,sms,momo_receipt,l3,synthetic,train
Orange Money: You don receive 1 000 000 FCFA from Awa. Ref CI240925.1834.A12. Thank you.,0,pcm,sms,momo_receipt,l3,synthetic,train
"Votre code de vérification est 482913. Il expire dans 5 minutes. Ne le communiquez à personne, même à un agent Orange.",0,fr,sms,otp_genuine,l4,synthetic,train
"Votre code de vérification est 482913. Il expire dans 5 minutes. Ne le communiquez à personne, même à un agent Camtel.",0,fr,sms,otp_genuine,l4,synthetic,train
"Votre code de vérification est 903348. Il expire dans 5 minutes. Ne le communiquez à personne, même à un agent Orange Money.",0,fr,sms,otp_genuine,l4,synthetic,train
"Votre code de vérification est 903348. Il expire dans 5 minutes. Ne le communiquez à personne, même à un agent Camtel.",0,fr,sms,otp_genuine,l4,synthetic,train
"Votre code de vérification est 903348. Il expire dans 5 minutes. Ne le communiquez à personne, même à un agent Nexttel.",0,fr,sms,otp_genuine,l4,synthetic,train
"Votre code de vérification est 557201. Il expire dans 5 minutes. Ne le communiquez à personne, même à un agent MTN.",0,fr,sms,otp_genuine,l4,synthetic,train
"Votre code de vérification est 903348. Il expire dans 5 minutes. Ne le communiquez à personne, même à un agent MTN MoMo.",0,fr,sms,otp_genuine,l4,synthetic,train
"Votre code de vérification est 557201. Il expire dans 5 minutes. Ne le communiquez à personne, même à un agent Camtel.",0,fr,sms,otp_genuine,l4,synthetic,train
"Votre code de vérification est 557201. Il expire dans 5 minutes. Ne le communiquez à personne, même à un agent Orange.",0,fr,sms,otp_genuine,l4,synthetic,train
"Votre code de vérification est 120775. Il expire dans 5 minutes. Ne le communiquez à personne, même à un agent Orange.",0,fr,sms,otp_genuine,l4,synthetic,train
"Votre code de vérification est 664019. Il expire dans 5 minutes. Ne le communiquez à personne, même à un agent Camtel.",0,fr,sms,otp_genuine,l4,synthetic,train
"Votre code de vérification est 557201. Il expire dans 5 minutes. Ne le communiquez à personne, même à un agent Orange Money.",0,fr,sms,otp_genuine,l4,synthetic,train
"Votre code de vérification est 482913. Il expire dans 5 minutes. Ne le communiquez à personne, même à un agent Orange Money.",0,fr,sms,otp_genuine,l4,synthetic,train
"Votre code de vérification est 664019. Il expire dans 5 minutes. Ne le communiquez à personne, même à un agent Nexttel.",0,fr,sms,otp_genuine,l4,synthetic,train
"Your CCA Bank one-time code is 903348. Never share this code with anyone, our staff will never ask for it.",0,en,sms,otp_genuine,l5,synthetic,train
"Your CCA Bank one-time code is 482913. Never share this code with anyone, our staff will never ask for it.",0,en,sms,otp_genuine,l5,synthetic,train
"Your UBA Cameroun one-time code is 557201. Never share this code with anyone, our staff will never ask for it.",0,en,sms,otp_genuine,l5,synthetic,train
"Your BICEC one-time code is 482913. Never share this code with anyone, our staff will never ask for it.",0,en,sms,otp_genuine,l5,synthetic,train
"Your SGBC one-time code is 482913. Never share this code with anyone, our staff will never ask for it.",0,en,sms,otp_genuine,l5,synthetic,train
"Your Afriland First Bank one-time code is 120775. Never share this code with anyone, our staff will never ask for it.",0,en,sms,otp_genuine,l5,synthetic,train
"Your UBA Cameroun one-time code is 120775. Never share this code with anyone, our staff will never ask for it.",0,en,sms,otp_genuine,l5,synthetic,train
"Your CCA Bank one-time code is 664019. Never share this code with anyone, our staff will never ask for it.",0,en,sms,otp_genuine,l5,synthetic,train
"Your BICEC one-time code is 903348. Never share this code with anyone, our staff will never ask for it.",0,en,sms,otp_genuine,l5,synthetic,train
"Your Afriland First Bank one-time code is 482913. Never share this code with anyone, our staff will never ask for it.",0,en,sms,otp_genuine,l5,synthetic,train
"Your Afriland First Bank one-time code is 557201. Never share this code with anyone, our staff will never ask for it.",0,en,sms,otp_genuine,l5,synthetic,train
"Your Ecobank one-time code is 557201. Never share this code with anyone, our staff will never ask for it.",0,en,sms,otp_genuine,l5,synthetic,train
"Your Ecobank one-time code is 482913. Never share this code with anyone, our staff will never ask for it.",0,en,sms,otp_genuine,l5,synthetic,train
"Your CCA Bank one-time code is 120775. Never share this code with anyone, our staff will never ask for it.",0,en,sms,otp_genuine,l5,synthetic,train
"CCA Bank : votre relevé de compte du mois est disponible dans votre application mobile. Pour toute question, appelez le numéro au dos de votre carte.",0,fr,email,bank_info,l6,synthetic,test
"BICEC : votre relevé de compte du mois est disponible dans votre application mobile. Pour toute question, appelez le numéro au dos de votre carte.",0,fr,email,bank_info,l6,synthetic,test
"Ecobank : votre relevé de compte du mois est disponible dans votre application mobile. Pour toute question, appelez le numéro au dos de votre carte.",0,fr,email,bank_info,l6,synthetic,test
"Afriland First Bank : votre relevé de compte du mois est disponible dans votre application mobile. Pour toute question, appelez le numéro au dos de votre carte.",0,fr,email,bank_info,l6,synthetic,test
"SGBC : votre relevé de compte du mois est disponible dans votre application mobile. Pour toute question, appelez le numéro au dos de votre carte.",0,fr,email,bank_info,l6,synthetic,test
"UBA Cameroun : votre relevé de compte du mois est disponible dans votre application mobile. Pour toute question, appelez le numéro au dos de votre carte.",0,fr,email,bank_info,l6,synthetic,test
"BICEC : un retrait de 25 000 FCFA a été effectué au guichet de Bafoussam le jeudi à 17h. Si ce n'est pas vous, appelez le service client.",0,fr,sms,bank_info,l7,synthetic,train
"UBA Cameroun : un retrait de 25 000 FCFA a été effectué au guichet de Douala le lundi à 15h30. Si ce n'est pas vous, appelez le service client.",0,fr,sms,bank_info,l7,synthetic,train
"Afriland First Bank : un retrait de 15 500 FCFA a été effectué au guichet de Bamenda le lundi à 14h. Si ce n'est pas vous, appelez le service client.",0,fr,sms,bank_info,l7,synthetic,train
"Ecobank : un retrait de 250 000 FCFA a été effectué au guichet de Buea le samedi à 17h. Si ce n'est pas vous, appelez le service client.",0,fr,sms,bank_info,l7,synthetic,train
"Ecobank : un retrait de 50 000 FCFA a été effectué au guichet de Ngaoundéré le jeudi à 10h. Si ce n'est pas vous, appelez le service client.",0,fr,sms,bank_info,l7,synthetic,train
"UBA Cameroun : un retrait de 10 000 FCFA a été effectué au guichet de Douala le vendredi à 8h30. Si ce n'est pas vous, appelez le service client.",0,fr,sms,bank_info,l7,synthetic,train
"BICEC : un retrait de 15 500 FCFA a été effectué au guichet de Buea le samedi à 14h. Si ce n'est pas vous, appelez le service client.",0,fr,sms,bank_info,l7,synthetic,train
"UBA Cameroun : un retrait de 75 000 FCFA a été effectué au guichet de Yaoundé le jeudi à 15h30. Si ce n'est pas vous, appelez le service client.",0,fr,sms,bank_info,l7,synthetic,train
"CCA Bank : un retrait de 50 000 FCFA a été effectué au guichet de Buea le jeudi à 15h30. Si ce n'est pas vous, appelez le service client.",0,fr,sms,bank_info,l7,synthetic,train
"CCA Bank : un retrait de 25 000 FCFA a été effectué au guichet de Kribi le mardi à 8h30. Si ce n'est pas vous, appelez le service client.",0,fr,sms,bank_info,l7,synthetic,train
"CCA Bank : un retrait de 25 000 FCFA a été effectué au guichet de Buea le jeudi à 8h30. Si ce n'est pas vous, appelez le service client.",0,fr,sms,bank_info,l7,synthetic,train
"SGBC : un retrait de 250 000 FCFA a été effectué au guichet de Ngaoundéré le lundi à 10h. Si ce n'est pas vous, appelez le service client.",0,fr,sms,bank_info,l7,synthetic,train
"Afriland First Bank : un retrait de 10 000 FCFA a été effectué au guichet de Kribi le mardi à 10h. Si ce n'est pas vous, appelez le service client.",0,fr,sms,bank_info,l7,synthetic,train
"BICEC : un retrait de 15 500 FCFA a été effectué au guichet de Bamenda le samedi à 8h30. Si ce n'est pas vous, appelez le service client.",0,fr,sms,bank_info,l7,synthetic,train
"Dear customer, CCA Bank branches will close at 17h on Wednesday for inventory. Our mobile app remains available.",0,en,email,bank_info,l8,synthetic,train
"Dear customer, SGBC branches will close at 17h on Tuesday for inventory. Our mobile app remains available.",0,en,email,bank_info,l8,synthetic,train
"Dear customer, CCA Bank branches will close at 8h30 on Monday for inventory. Our mobile app remains available.",0,en,email,bank_info,l8,synthetic,train
"Dear customer, BICEC branches will close at 10h on Friday for inventory. Our mobile app remains available.",0,en,email,bank_info,l8,synthetic,train
"Dear customer, Ecobank branches will close at 14h on Wednesday for inventory. Our mobile app remains available.",0,en,email,bank_info,l8,synthetic,train
"Dear customer, UBA Cameroun branches will close at 17h on Monday for inventory. Our mobile app remains available.",0,en,email,bank_info,l8,synthetic,train
"Dear customer, SGBC branches will close at 17h on Wednesday for inventory. Our mobile app remains available.",0,en,email,bank_info,l8,synthetic,train
"Dear customer, BICEC branches will close at 14h on Monday for inventory. Our mobile app remains available.",0,en,email,bank_info,l8,synthetic,train
"Dear customer, CCA Bank branches will close at 8h30 on Wednesday for inventory. Our mobile app remains available.",0,en,email,bank_info,l8,synthetic,train
"Dear customer, BICEC branches will close at 8h30 on Saturday for inventory. Our mobile app remains available.",0,en,email,bank_info,l8,synthetic,train
"Dear customer, Ecobank branches will close at 14h on Monday for inventory. Our mobile app remains available.",0,en,email,bank_info,l8,synthetic,train
"Dear customer, CCA Bank branches will close at 14h on Tuesday for inventory. Our mobile app remains available.",0,en,email,bank_info,l8,synthetic,train
"Dear customer, SGBC branches will close at 10h on Saturday for inventory. Our mobile app remains available.",0,en,email,bank_info,l8,synthetic,train
"Dear customer, UBA Cameroun branches will close at 15h30 on Monday for inventory. Our mobile app remains available.",0,en,email,bank_info,l8,synthetic,train
Orange : découvrez nos nouveaux forfaits internet sur https://impots.cm ou composez le menu habituel. Stop pub : répondez STOP.,0,fr,sms,official_link,l9,synthetic,test
Camtel : découvrez nos nouveaux forfaits internet sur https://eneo.cm ou composez le menu habituel. Stop pub : répondez STOP.,0,fr,sms,official_link,l9,synthetic,test
Nexttel : découvrez nos nouveaux forfaits internet sur https://impots.cm ou composez le menu habituel. Stop pub : répondez STOP.,0,fr,sms,official_link,l9,synthetic,test
Nexttel : découvrez nos nouveaux forfaits internet sur https://camtel.cm ou composez le menu habituel. Stop pub : répondez STOP.,0,fr,sms,official_link,l9,synthetic,test
Camtel : découvrez nos nouveaux forfaits internet sur https://afrilandfirstbank.com ou composez le menu habituel. Stop pub : répondez STOP.,0,fr,sms,official_link,l9,synthetic,test
Nexttel : découvrez nos nouveaux forfaits internet sur https://mtn.cm ou composez le menu habituel. Stop pub : répondez STOP.,0,fr,sms,official_link,l9,synthetic,test
MTN : découvrez nos nouveaux forfaits internet sur https://eneo.cm ou composez le menu habituel. Stop pub : répondez STOP.,0,fr,sms,official_link,l9,synthetic,test
Camtel : découvrez nos nouveaux forfaits internet sur https://orange.cm ou composez le menu habituel. Stop pub : répondez STOP.,0,fr,sms,official_link,l9,synthetic,test
Orange : découvrez nos nouveaux forfaits internet sur https://eneo.cm ou composez le menu habituel. Stop pub : répondez STOP.,0,fr,sms,official_link,l9,synthetic,test
MTN : découvrez nos nouveaux forfaits internet sur https://orange.cm ou composez le menu habituel. Stop pub : répondez STOP.,0,fr,sms,official_link,l9,synthetic,test
MTN MoMo : découvrez nos nouveaux forfaits internet sur https://camtel.cm ou composez le menu habituel. Stop pub : répondez STOP.,0,fr,sms,official_link,l9,synthetic,test
Orange Money : découvrez nos nouveaux forfaits internet sur https://mtn.cm ou composez le menu habituel. Stop pub : répondez STOP.,0,fr,sms,official_link,l9,synthetic,test
Orange : découvrez nos nouveaux forfaits internet sur https://afrilandfirstbank.com ou composez le menu habituel. Stop pub : répondez STOP.,0,fr,sms,official_link,l9,synthetic,test
MTN : découvrez nos nouveaux forfaits internet sur https://afrilandfirstbank.com ou composez le menu habituel. Stop pub : répondez STOP.,0,fr,sms,official_link,l9,synthetic,test
Your monthly bill is available on https://camtel.cm. Pay through your usual channel before the due date.,0,en,email,official_link,l10,synthetic,test
Your monthly bill is available on https://eneo.cm. Pay through your usual channel before the due date.,0,en,email,official_link,l10,synthetic,test
Your monthly bill is available on https://mtn.cm. Pay through your usual channel before the due date.,0,en,email,official_link,l10,synthetic,test
Your monthly bill is available on https://impots.cm. Pay through your usual channel before the due date.,0,en,email,official_link,l10,synthetic,test
Your monthly bill is available on https://afrilandfirstbank.com. Pay through your usual channel before the due date.,0,en,email,official_link,l10,synthetic,test
Your monthly bill is available on https://orange.cm. Pay through your usual channel before the due date.,0,en,email,official_link,l10,synthetic,test
ENEO informe ses clients de Ngaoundéré d'une interruption programmée de courant le lundi de 8h30 à 16h pour travaux. Merci de votre compréhension.,0,fr,sms,utility_real,l11,synthetic,train
ENEO informe ses clients de Kribi d'une interruption programmée de courant le mardi de 14h à 16h pour travaux. Merci de votre compréhension.,0,fr,sms,utility_real,l11,synthetic,train
ENEO informe ses clients de Garoua d'une interruption programmée de courant le lundi de 8h30 à 16h pour travaux. Merci de votre compréhension.,0,fr,sms,utility_real,l11,synthetic,train
ENEO informe ses clients de Kribi d'une interruption programmée de courant le mercredi de 17h à 16h pour travaux. Merci de votre compréhension.,0,fr,sms,utility_real,l11,synthetic,train
ENEO informe ses clients de Douala d'une interruption programmée de courant le jeudi de 8h30 à 16h pour travaux. Merci de votre compréhension.,0,fr,sms,utility_real,l11,synthetic,train
ENEO informe ses clients de Bafoussam d'une interruption programmée de courant le vendredi de 17h à 16h pour travaux. Merci de votre compréhension.,0,fr,sms,utility_real,l11,synthetic,train
ENEO informe ses clients de Bamenda d'une interruption programmée de courant le mardi de 8h30 à 16h pour travaux. Merci de votre compréhension.,0,fr,sms,utility_real,l11,synthetic,train
ENEO informe ses clients de Douala d'une interruption programmée de courant le lundi de 17h à 16h pour travaux. Merci de votre compréhension.,0,fr,sms,utility_real,l11,synthetic,train
ENEO informe ses clients de Kribi d'une interruption programmée de courant le jeudi de 10h à 16h pour travaux. Merci de votre compréhension.,0,fr,sms,utility_real,l11,synthetic,train
ENEO informe ses clients de Kribi d'une interruption programmée de courant le samedi de 17h à 16h pour travaux. Merci de votre compréhension.,0,fr,sms,utility_real,l11,synthetic,train
ENEO informe ses clients de Buea d'une interruption programmée de courant le vendredi de 10h à 16h pour travaux. Merci de votre compréhension.,0,fr,sms,utility_real,l11,synthetic,train
ENEO informe ses clients de Yaoundé d'une interruption programmée de courant le mercredi de 17h à 16h pour travaux. Merci de votre compréhension.,0,fr,sms,utility_real,l11,synthetic,train
ENEO informe ses clients de Douala d'une interruption programmée de courant le mardi de 14h à 16h pour travaux. Merci de votre compréhension.,0,fr,sms,utility_real,l11,synthetic,train
ENEO informe ses clients de Douala d'une interruption programmée de courant le mercredi de 10h à 16h pour travaux. Merci de votre compréhension.,0,fr,sms,utility_real,l11,synthetic,train
"Bonjour Jean, votre commande Carrefour Market sera livrée lundi entre 15h30 et 18h. Le livreur vous appellera à son arrivée.",0,fr,sms,delivery_real,l12,synthetic,train
"Bonjour Awa, votre commande Tradex sera livrée jeudi entre 8h30 et 18h. Le livreur vous appellera à son arrivée.",0,fr,sms,delivery_real,l12,synthetic,train
"Bonjour Awa, votre commande Carrefour Market sera livrée mercredi entre 17h et 18h. Le livreur vous appellera à son arrivée.",0,fr,sms,delivery_real,l12,synthetic,train
"Bonjour Awa, votre commande Tradex sera livrée jeudi entre 17h et 18h. Le livreur vous appellera à son arrivée.",0,fr,sms,delivery_real,l12,synthetic,train
"Bonjour Awa, votre commande Carrefour Market sera livrée mercredi entre 15h30 et 18h. Le livreur vous appellera à son arrivée.",0,fr,sms,delivery_real,l12,synthetic,train
"Bonjour Awa, votre commande Jumia sera livrée mardi entre 15h30 et 18h. Le livreur vous appellera à son arrivée.",0,fr,sms,delivery_real,l12,synthetic,train
"Bonjour Fotso, votre commande Santa Lucia sera livrée vendredi entre 14h et 18h. Le livreur vous appellera à son arrivée.",0,fr,sms,delivery_real,l12,synthetic,train
"Bonjour Mireille, votre commande Tradex sera livrée lundi entre 8h30 et 18h. Le livreur vous appellera à son arrivée.",0,fr,sms,delivery_real,l12,synthetic,train
"Bonjour Paul, votre commande Jumia sera livrée samedi entre 17h et 18h. Le livreur vous appellera à son arrivée.",0,fr,sms,delivery_real,l12,synthetic,train
"Bonjour Fotso, votre commande Santa Lucia sera livrée samedi entre 8h30 et 18h. Le livreur vous appellera à son arrivée.",0,fr,sms,delivery_real,l12,synthetic,train
"Bonjour Serge, votre commande Glotelho sera livrée mardi entre 8h30 et 18h. Le livreur vous appellera à son arrivée.",0,fr,sms,delivery_real,l12,synthetic,train
"Bonjour Serge, votre commande Glotelho sera livrée jeudi entre 8h30 et 18h. Le livreur vous appellera à son arrivée.",0,fr,sms,delivery_real,l12,synthetic,train
"Bonjour Fotso, votre commande Glotelho sera livrée vendredi entre 14h et 18h. Le livreur vous appellera à son arrivée.",0,fr,sms,delivery_real,l12,synthetic,train
"Bonjour Serge, votre commande Carrefour Market sera livrée jeudi entre 15h30 et 18h. Le livreur vous appellera à son arrivée.",0,fr,sms,delivery_real,l12,synthetic,train
Your Carrefour Market order has shipped and will arrive in Garoua on Tuesday. Track it in your account.,0,en,sms,delivery_real,l13,synthetic,train
Your Santa Lucia order has shipped and will arrive in Ngaoundéré on Tuesday. Track it in your account.,0,en,sms,delivery_real,l13,synthetic,train
Your Carrefour Market order has shipped and will arrive in Douala on Tuesday. Track it in your account.,0,en,sms,delivery_real,l13,synthetic,train
Your Tradex order has shipped and will arrive in Douala on Saturday. Track it in your account.,0,en,sms,delivery_real,l13,synthetic,train
Your Tradex order has shipped and will arrive in Kribi on Tuesday. Track it in your account.,0,en,sms,delivery_real,l13,synthetic,train
Your Carrefour Market order has shipped and will arrive in Bamenda on Friday. Track it in your account.,0,en,sms,delivery_real,l13,synthetic,train
Your Jumia order has shipped and will arrive in Garoua on Monday. Track it in your account.,0,en,sms,delivery_real,l13,synthetic,train
Your Glotelho order has shipped and will arrive in Bafoussam on Wednesday. Track it in your account.,0,en,sms,delivery_real,l13,synthetic,train
Your Santa Lucia order has shipped and will arrive in Garoua on Friday. Track it in your account.,0,en,sms,delivery_real,l13,synthetic,train
Your Santa Lucia order has shipped and will arrive in Ngaoundéré on Saturday. Track it in your account.,0,en,sms,delivery_real,l13,synthetic,train
Your Jumia order has shipped and will arrive in Buea on Saturday. Track it in your account.,0,en,sms,delivery_real,l13,synthetic,train
Your Santa Lucia order has shipped and will arrive in Yaoundé on Saturday. Track it in your account.,0,en,sms,delivery_real,l13,synthetic,train
Your Glotelho order has shipped and will arrive in Garoua on Wednesday. Track it in your account.,0,en,sms,delivery_real,l13,synthetic,train
Your Tradex order has shipped and will arrive in Garoua on Saturday. Track it in your account.,0,en,sms,delivery_real,l13,synthetic,train
"Salut Brenda, on se retrouve lundi à 14h au marché central de Bafoussam ? Dis-moi si ça te va.",0,fr,whatsapp,personal,l14,synthetic,train
"Salut Brenda, on se retrouve mercredi à 10h au marché central de Ngaoundéré ? Dis-moi si ça te va.",0,fr,whatsapp,personal,l14,synthetic,train
"Salut Mireille, on se retrouve vendredi à 8h30 au marché central de Garoua ? Dis-moi si ça te va.",0,fr,whatsapp,personal,l14,synthetic,train
"Salut Jean, on se retrouve mardi à 15h30 au marché central de Yaoundé ? Dis-moi si ça te va.",0,fr,whatsapp,personal,l14,synthetic,train
"Salut Fotso, on se retrouve vendredi à 15h30 au marché central de Garoua ? Dis-moi si ça te va.",0,fr,whatsapp,personal,l14,synthetic,train
"Salut Awa, on se retrouve samedi à 8h30 au marché central de Bamenda ? Dis-moi si ça te va.",0,fr,whatsapp,personal,l14,synthetic,train
"Salut Awa, on se retrouve vendredi à 14h au marché central de Bafoussam ? Dis-moi si ça te va.",0,fr,whatsapp,personal,l14,synthetic,train
"Salut Jean, on se retrouve lundi à 15h30 au marché central de Bamenda ? Dis-moi si ça te va.",0,fr,whatsapp,personal,l14,synthetic,train
"Salut Brenda, on se retrouve samedi à 15h30 au marché central de Yaoundé ? Dis-moi si ça te va.",0,fr,whatsapp,personal,l14,synthetic,train
"Salut Ngono, on se retrouve vendredi à 10h au marché central de Douala ? Dis-moi si ça te va.",0,fr,whatsapp,personal,l14,synthetic,train
"Salut Ngono, on se retrouve samedi à 10h au marché central de Garoua ? Dis-moi si ça te va.",0,fr,whatsapp,personal,l14,synthetic,train
"Salut Paul, on se retrouve jeudi à 15h30 au marché central de Kribi ? Dis-moi si ça te va.",0,fr,whatsapp,personal,l14,synthetic,train
"Salut Awa, on se retrouve jeudi à 8h30 au marché central de Bafoussam ? Dis-moi si ça te va.",0,fr,whatsapp,personal,l14,synthetic,train
"Salut Fotso, on se retrouve mercredi à 14h au marché central de Ngaoundéré ? Dis-moi si ça te va.",0,fr,whatsapp,personal,l14,synthetic,train
"Bonjour maman, je suis bien arrivé à Garoua. Je t'appelle ce soir après le travail. Bisous.",0,fr,whatsapp,personal,l15,synthetic,train
"Bonjour maman, je suis bien arrivé à Ngaoundéré. Je t'appelle ce soir après le travail. Bisous.",0,fr,whatsapp,personal,l15,synthetic,train
"Bonjour maman, je suis bien arrivé à Kribi. Je t'appelle ce soir après le travail. Bisous.",0,fr,whatsapp,personal,l15,synthetic,train
"Bonjour maman, je suis bien arrivé à Bafoussam. Je t'appelle ce soir après le travail. Bisous.",0,fr,whatsapp,personal,l15,synthetic,train
"Bonjour maman, je suis bien arrivé à Yaoundé. Je t'appelle ce soir après le travail. Bisous.",0,fr,whatsapp,personal,l15,synthetic,train
"Bonjour maman, je suis bien arrivé à Douala. Je t'appelle ce soir après le travail. Bisous.",0,fr,whatsapp,personal,l15,synthetic,train
"Bonjour maman, je suis bien arrivé à Bamenda. Je t'appelle ce soir après le travail. Bisous.",0,fr,whatsapp,personal,l15,synthetic,train
"Bonjour maman, je suis bien arrivé à Buea. Je t'appelle ce soir après le travail. Bisous.",0,fr,whatsapp,personal,l15,synthetic,train
How far Jean? Make we meet for Ngaoundéré Tuesday for 15h30. I go call you.,0,pcm,whatsapp,personal,l16,synthetic,train
How far Serge? Make we meet for Douala Thursday for 15h30. I go call you.,0,pcm,whatsapp,personal,l16,synthetic,train
How far Awa? Make we meet for Buea Saturday for 15h30. I go call you.,0,pcm,whatsapp,personal,l16,synthetic,train
How far Mireille? Make we meet for Douala Friday for 10h. I go call you.,0,pcm,whatsapp,personal,l16,synthetic,train
How far Mbarga? Make we meet for Ngaoundéré Saturday for 10h. I go call you.,0,pcm,whatsapp,personal,l16,synthetic,train
How far Awa? Make we meet for Garoua Tuesday for 10h. I go call you.,0,pcm,whatsapp,personal,l16,synthetic,train
How far Ngono? Make we meet for Douala Thursday for 8h30. I go call you.,0,pcm,whatsapp,personal,l16,synthetic,train
How far Awa? Make we meet for Kribi Monday for 14h. I go call you.,0,pcm,whatsapp,personal,l16,synthetic,train
How far Aïcha? Make we meet for Douala Thursday for 10h. I go call you.,0,pcm,whatsapp,personal,l16,synthetic,train
How far Ngono? Make we meet for Garoua Saturday for 14h. I go call you.,0,pcm,whatsapp,personal,l16,synthetic,train
How far Awa? Make we meet for Garoua Tuesday for 17h. I go call you.,0,pcm,whatsapp,personal,l16,synthetic,train
How far Mireille? Make we meet for Bamenda Friday for 14h. I go call you.,0,pcm,whatsapp,personal,l16,synthetic,train
How far Brenda? Make we meet for Kribi Wednesday for 17h. I go call you.,0,pcm,whatsapp,personal,l16,synthetic,train
How far Mireille? Make we meet for Kribi Wednesday for 10h. I go call you.,0,pcm,whatsapp,personal,l16,synthetic,train
"Hi Serge, the family meeting is on Saturday at 10h in Kribi. Please bring the photos.",0,en,sms,personal,l17,synthetic,test
"Hi Jean, the family meeting is on Thursday at 17h in Bamenda. Please bring the photos.",0,en,sms,personal,l17,synthetic,test
"Hi Ngono, the family meeting is on Saturday at 10h in Bafoussam. Please bring the photos.",0,en,sms,personal,l17,synthetic,test
"Hi Paul, the family meeting is on Monday at 10h in Kribi. Please bring the photos.",0,en,sms,personal,l17,synthetic,test
"Hi Fotso, the family meeting is on Thursday at 8h30 in Garoua. Please bring the photos.",0,en,sms,personal,l17,synthetic,test
"Hi Aïcha, the family meeting is on Thursday at 17h in Ngaoundéré. Please bring the photos.",0,en,sms,personal,l17,synthetic,test
"Hi Fotso, the family meeting is on Friday at 15h30 in Bamenda. Please bring the photos.",0,en,sms,personal,l17,synthetic,test
"Hi Ngono, the family meeting is on Wednesday at 17h in Buea. Please bring the photos.",0,en,sms,personal,l17,synthetic,test
"Hi Paul, the family meeting is on Friday at 10h in Bafoussam. Please bring the photos.",0,en,sms,personal,l17,synthetic,test
"Hi Paul, the family meeting is on Saturday at 14h in Bamenda. Please bring the photos.",0,en,sms,personal,l17,synthetic,test
"Hi Awa, the family meeting is on Monday at 10h in Ngaoundéré. Please bring the photos.",0,en,sms,personal,l17,synthetic,test
"Hi Brenda, the family meeting is on Friday at 15h30 in Buea. Please bring the photos.",0,en,sms,personal,l17,synthetic,test
"Hi Mbarga, the family meeting is on Friday at 17h in Kribi. Please bring the photos.",0,en,sms,personal,l17,synthetic,test
"Hi Fotso, the family meeting is on Monday at 14h in Buea. Please bring the photos.",0,en,sms,personal,l17,synthetic,test
"Bonjour à tous, la réunion d'équipe est reportée au samedi à 17h. Merci de préparer vos rapports d'activité.",0,fr,email,work,l18,synthetic,test
"Bonjour à tous, la réunion d'équipe est reportée au mercredi à 10h. Merci de préparer vos rapports d'activité.",0,fr,email,work,l18,synthetic,test
"Bonjour à tous, la réunion d'équipe est reportée au vendredi à 8h30. Merci de préparer vos rapports d'activité.",0,fr,email,work,l18,synthetic,test
"Bonjour à tous, la réunion d'équipe est reportée au vendredi à 17h. Merci de préparer vos rapports d'activité.",0,fr,email,work,l18,synthetic,test
"Bonjour à tous, la réunion d'équipe est reportée au lundi à 17h. Merci de préparer vos rapports d'activité.",0,fr,email,work,l18,synthetic,test
"Bonjour à tous, la réunion d'équipe est reportée au mardi à 15h30. Merci de préparer vos rapports d'activité.",0,fr,email,work,l18,synthetic,test
"Bonjour à tous, la réunion d'équipe est reportée au mardi à 10h. Merci de préparer vos rapports d'activité.",0,fr,email,work,l18,synthetic,test
"Bonjour à tous, la réunion d'équipe est reportée au lundi à 15h30. Merci de préparer vos rapports d'activité.",0,fr,email,work,l18,synthetic,test
"Bonjour à tous, la réunion d'équipe est reportée au mercredi à 14h. Merci de préparer vos rapports d'activité.",0,fr,email,work,l18,synthetic,test
"Bonjour à tous, la réunion d'équipe est reportée au jeudi à 14h. Merci de préparer vos rapports d'activité.",0,fr,email,work,l18,synthetic,test
"Bonjour à tous, la réunion d'équipe est reportée au jeudi à 10h. Merci de préparer vos rapports d'activité.",0,fr,email,work,l18,synthetic,test
"Bonjour à tous, la réunion d'équipe est reportée au mercredi à 8h30. Merci de préparer vos rapports d'activité.",0,fr,email,work,l18,synthetic,test
"Bonjour à tous, la réunion d'équipe est reportée au lundi à 14h. Merci de préparer vos rapports d'activité.",0,fr,email,work,l18,synthetic,test
"Bonjour à tous, la réunion d'équipe est reportée au mardi à 8h30. Merci de préparer vos rapports d'activité.",0,fr,email,work,l18,synthetic,test
"Hello team, please find attached the minutes of Friday's meeting. The next review is at 17h.",0,en,email,work,l19,synthetic,train
"Hello team, please find attached the minutes of Monday's meeting. The next review is at 10h.",0,en,email,work,l19,synthetic,train
"Hello team, please find attached the minutes of Wednesday's meeting. The next review is at 17h.",0,en,email,work,l19,synthetic,train
"Hello team, please find attached the minutes of Wednesday's meeting. The next review is at 10h.",0,en,email,work,l19,synthetic,train
"Hello team, please find attached the minutes of Saturday's meeting. The next review is at 14h.",0,en,email,work,l19,synthetic,train
"Hello team, please find attached the minutes of Tuesday's meeting. The next review is at 17h.",0,en,email,work,l19,synthetic,train
"Hello team, please find attached the minutes of Tuesday's meeting. The next review is at 15h30.",0,en,email,work,l19,synthetic,train
"Hello team, please find attached the minutes of Tuesday's meeting. The next review is at 10h.",0,en,email,work,l19,synthetic,train
"Hello team, please find attached the minutes of Saturday's meeting. The next review is at 15h30.",0,en,email,work,l19,synthetic,train
"Hello team, please find attached the minutes of Monday's meeting. The next review is at 14h.",0,en,email,work,l19,synthetic,train
"Hello team, please find attached the minutes of Monday's meeting. The next review is at 17h.",0,en,email,work,l19,synthetic,train
"Hello team, please find attached the minutes of Thursday's meeting. The next review is at 15h30.",0,en,email,work,l19,synthetic,train
"Hello team, please find attached the minutes of Thursday's meeting. The next review is at 14h.",0,en,email,work,l19,synthetic,train
"Hello team, please find attached the minutes of Wednesday's meeting. The next review is at 15h30.",0,en,email,work,l19,synthetic,train
Les parents d'élèves sont conviés à une réunion le mercredi à 15h30 à l'établissement. La présence de tous est souhaitée.,0,fr,sms,school,l20,synthetic,train
Les parents d'élèves sont conviés à une réunion le lundi à 17h à l'établissement. La présence de tous est souhaitée.,0,fr,sms,school,l20,synthetic,train
Les parents d'élèves sont conviés à une réunion le mercredi à 14h à l'établissement. La présence de tous est souhaitée.,0,fr,sms,school,l20,synthetic,train
Les parents d'élèves sont conviés à une réunion le vendredi à 14h à l'établissement. La présence de tous est souhaitée.,0,fr,sms,school,l20,synthetic,train
Les parents d'élèves sont conviés à une réunion le vendredi à 15h30 à l'établissement. La présence de tous est souhaitée.,0,fr,sms,school,l20,synthetic,train
Les parents d'élèves sont conviés à une réunion le samedi à 17h à l'établissement. La présence de tous est souhaitée.,0,fr,sms,school,l20,synthetic,train
Les parents d'élèves sont conviés à une réunion le jeudi à 17h à l'établissement. La présence de tous est souhaitée.,0,fr,sms,school,l20,synthetic,train
Les parents d'élèves sont conviés à une réunion le lundi à 14h à l'établissement. La présence de tous est souhaitée.,0,fr,sms,school,l20,synthetic,train
Les parents d'élèves sont conviés à une réunion le mardi à 17h à l'établissement. La présence de tous est souhaitée.,0,fr,sms,school,l20,synthetic,train
Les parents d'élèves sont conviés à une réunion le lundi à 15h30 à l'établissement. La présence de tous est souhaitée.,0,fr,sms,school,l20,synthetic,train
Les parents d'élèves sont conviés à une réunion le samedi à 15h30 à l'établissement. La présence de tous est souhaitée.,0,fr,sms,school,l20,synthetic,train
Les parents d'élèves sont conviés à une réunion le mardi à 8h30 à l'établissement. La présence de tous est souhaitée.,0,fr,sms,school,l20,synthetic,train
Les parents d'élèves sont conviés à une réunion le lundi à 8h30 à l'établissement. La présence de tous est souhaitée.,0,fr,sms,school,l20,synthetic,train
Les parents d'élèves sont conviés à une réunion le mardi à 10h à l'établissement. La présence de tous est souhaitée.,0,fr,sms,school,l20,synthetic,train
"Papa je t'ai envoyé 10 000 FCFA par Orange Money pour les médicaments de grand-mère, tu confirmes réception ?",0,fr,whatsapp,money_family,l21,synthetic,train
"Papa je t'ai envoyé 10 000 FCFA par MTN pour les médicaments de grand-mère, tu confirmes réception ?",0,fr,whatsapp,money_family,l21,synthetic,train
"Papa je t'ai envoyé 150 000 FCFA par MTN pour les médicaments de grand-mère, tu confirmes réception ?",0,fr,whatsapp,money_family,l21,synthetic,train
"Papa je t'ai envoyé 250 000 FCFA par Nexttel pour les médicaments de grand-mère, tu confirmes réception ?",0,fr,whatsapp,money_family,l21,synthetic,train
"Papa je t'ai envoyé 5 000 FCFA par MTN MoMo pour les médicaments de grand-mère, tu confirmes réception ?",0,fr,whatsapp,money_family,l21,synthetic,train
"Papa je t'ai envoyé 150 000 FCFA par Nexttel pour les médicaments de grand-mère, tu confirmes réception ?",0,fr,whatsapp,money_family,l21,synthetic,train
"Papa je t'ai envoyé 25 000 FCFA par Nexttel pour les médicaments de grand-mère, tu confirmes réception ?",0,fr,whatsapp,money_family,l21,synthetic,train
"Papa je t'ai envoyé 1 000 000 FCFA par MTN MoMo pour les médicaments de grand-mère, tu confirmes réception ?",0,fr,whatsapp,money_family,l21,synthetic,train
"Papa je t'ai envoyé 25 000 FCFA par MTN pour les médicaments de grand-mère, tu confirmes réception ?",0,fr,whatsapp,money_family,l21,synthetic,train
"Papa je t'ai envoyé 500 000 FCFA par MTN pour les médicaments de grand-mère, tu confirmes réception ?",0,fr,whatsapp,money_family,l21,synthetic,train
"Papa je t'ai envoyé 15 500 FCFA par Orange Money pour les médicaments de grand-mère, tu confirmes réception ?",0,fr,whatsapp,money_family,l21,synthetic,train
"Papa je t'ai envoyé 500 000 FCFA par Orange pour les médicaments de grand-mère, tu confirmes réception ?",0,fr,whatsapp,money_family,l21,synthetic,train
"Papa je t'ai envoyé 75 000 FCFA par Nexttel pour les médicaments de grand-mère, tu confirmes réception ?",0,fr,whatsapp,money_family,l21,synthetic,train
"Papa je t'ai envoyé 10 000 FCFA par Camtel pour les médicaments de grand-mère, tu confirmes réception ?",0,fr,whatsapp,money_family,l21,synthetic,train
"Serge, I sent the 250 000 FCFA for the rent this morning, check your Orange Money and confirm please.",0,en,whatsapp,money_family,l22,synthetic,train
"Fotso, I sent the 250 000 FCFA for the rent this morning, check your Orange and confirm please.",0,en,whatsapp,money_family,l22,synthetic,train
"Serge, I sent the 75 000 FCFA for the rent this morning, check your Orange Money and confirm please.",0,en,whatsapp,money_family,l22,synthetic,train
"Aïcha, I sent the 150 000 FCFA for the rent this morning, check your Orange Money and confirm please.",0,en,whatsapp,money_family,l22,synthetic,train
"Brenda, I sent the 500 000 FCFA for the rent this morning, check your Orange and confirm please.",0,en,whatsapp,money_family,l22,synthetic,train
"Mireille, I sent the 1 000 000 FCFA for the rent this morning, check your Nexttel and confirm please.",0,en,whatsapp,money_family,l22,synthetic,train
"Serge, I sent the 5 000 FCFA for the rent this morning, check your MTN and confirm please.",0,en,whatsapp,money_family,l22,synthetic,train
"Aïcha, I sent the 15 500 FCFA for the rent this morning, check your Orange Money and confirm please.",0,en,whatsapp,money_family,l22,synthetic,train
"Paul, I sent the 250 000 FCFA for the rent this morning, check your Camtel and confirm please.",0,en,whatsapp,money_family,l22,synthetic,train
"Mbarga, I sent the 75 000 FCFA for the rent this morning, check your Camtel and confirm please.",0,en,whatsapp,money_family,l22,synthetic,train
"Jean, I sent the 150 000 FCFA for the rent this morning, check your Camtel and confirm please.",0,en,whatsapp,money_family,l22,synthetic,train
"Fotso, I sent the 500 000 FCFA for the rent this morning, check your MTN MoMo and confirm please.",0,en,whatsapp,money_family,l22,synthetic,train
"Serge, I sent the 250 000 FCFA for the rent this morning, check your MTN and confirm please.",0,en,whatsapp,money_family,l22,synthetic,train
"Serge, I sent the 50 000 FCFA for the rent this morning, check your MTN and confirm please.",0,en,whatsapp,money_family,l22,synthetic,train
Santa Lucia : -20% sur les produits frais ce mardi dans votre magasin de Douala. Offre valable dans la limite des stocks.,0,fr,sms,promo_real,l23,synthetic,train
Santa Lucia : -20% sur les produits frais ce samedi dans votre magasin de Douala. Offre valable dans la limite des stocks.,0,fr,sms,promo_real,l23,synthetic,train
Glotelho : -20% sur les produits frais ce lundi dans votre magasin de Douala. Offre valable dans la limite des stocks.,0,fr,sms,promo_real,l23,synthetic,train
Santa Lucia : -20% sur les produits frais ce jeudi dans votre magasin de Bafoussam. Offre valable dans la limite des stocks.,0,fr,sms,promo_real,l23,synthetic,train
Carrefour Market : -20% sur les produits frais ce mercredi dans votre magasin de Garoua. Offre valable dans la limite des stocks.,0,fr,sms,promo_real,l23,synthetic,train
Jumia : -20% sur les produits frais ce lundi dans votre magasin de Ngaoundéré. Offre valable dans la limite des stocks.,0,fr,sms,promo_real,l23,synthetic,train
Carrefour Market : -20% sur les produits frais ce samedi dans votre magasin de Ngaoundéré. Offre valable dans la limite des stocks.,0,fr,sms,promo_real,l23,synthetic,train
Santa Lucia : -20% sur les produits frais ce jeudi dans votre magasin de Bamenda. Offre valable dans la limite des stocks.,0,fr,sms,promo_real,l23,synthetic,train
Tradex : -20% sur les produits frais ce jeudi dans votre magasin de Ngaoundéré. Offre valable dans la limite des stocks.,0,fr,sms,promo_real,l23,synthetic,train
Tradex : -20% sur les produits frais ce vendredi dans votre magasin de Ngaoundéré. Offre valable dans la limite des stocks.,0,fr,sms,promo_real,l23,synthetic,train
Tradex : -20% sur les produits frais ce mercredi dans votre magasin de Yaoundé. Offre valable dans la limite des stocks.,0,fr,sms,promo_real,l23,synthetic,train
Tradex : -20% sur les produits frais ce mercredi dans votre magasin de Buea. Offre valable dans la limite des stocks.,0,fr,sms,promo_real,l23,synthetic,train
Santa Lucia : -20% sur les produits frais ce mardi dans votre magasin de Bamenda. Offre valable dans la limite des stocks.,0,fr,sms,promo_real,l23,synthetic,train
Glotelho : -20% sur les produits frais ce samedi dans votre magasin de Kribi. Offre valable dans la limite des stocks.,0,fr,sms,promo_real,l23,synthetic,train
"MTN MoMo vous rappelle : ne communiquez jamais votre code PIN, même à une personne se présentant comme un agent. En cas de doute appelez le service client.",0,fr,sms,security_tip,l24,synthetic,train
"Camtel vous rappelle : ne communiquez jamais votre code PIN, même à une personne se présentant comme un agent. En cas de doute appelez le service client.",0,fr,sms,security_tip,l24,synthetic,train
"Orange Money vous rappelle : ne communiquez jamais votre code PIN, même à une personne se présentant comme un agent. En cas de doute appelez le service client.",0,fr,sms,security_tip,l24,synthetic,train
"MTN vous rappelle : ne communiquez jamais votre code PIN, même à une personne se présentant comme un agent. En cas de doute appelez le service client.",0,fr,sms,security_tip,l24,synthetic,train
"Orange vous rappelle : ne communiquez jamais votre code PIN, même à une personne se présentant comme un agent. En cas de doute appelez le service client.",0,fr,sms,security_tip,l24,synthetic,train
"Nexttel vous rappelle : ne communiquez jamais votre code PIN, même à une personne se présentant comme un agent. En cas de doute appelez le service client.",0,fr,sms,security_tip,l24,synthetic,train
"BICEC will never ask for your password or code by SMS, email or phone. Report suspicious messages to our customer service.",0,en,sms,security_tip,l25,synthetic,train
"Afriland First Bank will never ask for your password or code by SMS, email or phone. Report suspicious messages to our customer service.",0,en,sms,security_tip,l25,synthetic,train
"UBA Cameroun will never ask for your password or code by SMS, email or phone. Report suspicious messages to our customer service.",0,en,sms,security_tip,l25,synthetic,train
"SGBC will never ask for your password or code by SMS, email or phone. Report suspicious messages to our customer service.",0,en,sms,security_tip,l25,synthetic,train
"Ecobank will never ask for your password or code by SMS, email or phone. Report suspicious messages to our customer service.",0,en,sms,security_tip,l25,synthetic,train
"CCA Bank will never ask for your password or code by SMS, email or phone. Report suspicious messages to our customer service.",0,en,sms,security_tip,l25,synthetic,train
Rappel : votre rendez-vous à l'hôpital de Garoua est prévu le lundi à 17h. Merci de venir 15 minutes en avance.,0,fr,sms,appointment,l26,synthetic,test
Rappel : votre rendez-vous à l'hôpital de Buea est prévu le jeudi à 17h. Merci de venir 15 minutes en avance.,0,fr,sms,appointment,l26,synthetic,test
Rappel : votre rendez-vous à l'hôpital de Garoua est prévu le jeudi à 15h30. Merci de venir 15 minutes en avance.,0,fr,sms,appointment,l26,synthetic,test
Rappel : votre rendez-vous à l'hôpital de Bafoussam est prévu le jeudi à 10h. Merci de venir 15 minutes en avance.,0,fr,sms,appointment,l26,synthetic,test
Rappel : votre rendez-vous à l'hôpital de Bafoussam est prévu le vendredi à 14h. Merci de venir 15 minutes en avance.,0,fr,sms,appointment,l26,synthetic,test
Rappel : votre rendez-vous à l'hôpital de Bamenda est prévu le vendredi à 15h30. Merci de venir 15 minutes en avance.,0,fr,sms,appointment,l26,synthetic,test
Rappel : votre rendez-vous à l'hôpital de Bamenda est prévu le jeudi à 15h30. Merci de venir 15 minutes en avance.,0,fr,sms,appointment,l26,synthetic,test
Rappel : votre rendez-vous à l'hôpital de Garoua est prévu le vendredi à 8h30. Merci de venir 15 minutes en avance.,0,fr,sms,appointment,l26,synthetic,test
Rappel : votre rendez-vous à l'hôpital de Bamenda est prévu le samedi à 14h. Merci de venir 15 minutes en avance.,0,fr,sms,appointment,l26,synthetic,test
Rappel : votre rendez-vous à l'hôpital de Garoua est prévu le vendredi à 10h. Merci de venir 15 minutes en avance.,0,fr,sms,appointment,l26,synthetic,test
Rappel : votre rendez-vous à l'hôpital de Douala est prévu le samedi à 14h. Merci de venir 15 minutes en avance.,0,fr,sms,appointment,l26,synthetic,test
Rappel : votre rendez-vous à l'hôpital de Bamenda est prévu le lundi à 8h30. Merci de venir 15 minutes en avance.,0,fr,sms,appointment,l26,synthetic,test
Rappel : votre rendez-vous à l'hôpital de Douala est prévu le jeudi à 17h. Merci de venir 15 minutes en avance.,0,fr,sms,appointment,l26,synthetic,test
Rappel : votre rendez-vous à l'hôpital de Bamenda est prévu le mardi à 10h. Merci de venir 15 minutes en avance.,0,fr,sms,appointment,l26,synthetic,test
"Reminder: your appointment at the SGBC branch is on Saturday at 8h30. For questions, call the number on your card.",0,en,sms,appointment,l27,synthetic,train
"Reminder: your appointment at the UBA Cameroun branch is on Monday at 14h. For questions, call the number on your card.",0,en,sms,appointment,l27,synthetic,train
"Reminder: your appointment at the UBA Cameroun branch is on Saturday at 14h. For questions, call the number on your card.",0,en,sms,appointment,l27,synthetic,train
"Reminder: your appointment at the SGBC branch is on Tuesday at 14h. For questions, call the number on your card.",0,en,sms,appointment,l27,synthetic,train
"Reminder: your appointment at the Ecobank branch is on Tuesday at 17h. For questions, call the number on your card.",0,en,sms,appointment,l27,synthetic,train
"Reminder: your appointment at the Afriland First Bank branch is on Saturday at 14h. For questions, call the number on your card.",0,en,sms,appointment,l27,synthetic,train
"Reminder: your appointment at the UBA Cameroun branch is on Thursday at 8h30. For questions, call the number on your card.",0,en,sms,appointment,l27,synthetic,train
"Reminder: your appointment at the Afriland First Bank branch is on Monday at 8h30. For questions, call the number on your card.",0,en,sms,appointment,l27,synthetic,train
"Reminder: your appointment at the CCA Bank branch is on Tuesday at 8h30. For questions, call the number on your card.",0,en,sms,appointment,l27,synthetic,train
"Reminder: your appointment at the UBA Cameroun branch is on Wednesday at 10h. For questions, call the number on your card.",0,en,sms,appointment,l27,synthetic,train
"Reminder: your appointment at the Afriland First Bank branch is on Monday at 10h. For questions, call the number on your card.",0,en,sms,appointment,l27,synthetic,train
"Reminder: your appointment at the SGBC branch is on Friday at 14h. For questions, call the number on your card.",0,en,sms,appointment,l27,synthetic,train
"Reminder: your appointment at the UBA Cameroun branch is on Thursday at 15h30. For questions, call the number on your card.",0,en,sms,appointment,l27,synthetic,train
"Reminder: your appointment at the UBA Cameroun branch is on Tuesday at 15h30. For questions, call the number on your card.",0,en,sms,appointment,l27,synthetic,train
Votre compte Orange Money a été suspendu pour raison de sécurité. Rendez-vous sur orange-money-cm.webflow.io pour le réactiver.,1,fr,mixed,challenge,c0,challenge,test
"Bonsoir, suite à une erreur système, votre prime de fidélité MTN de 35 000 F est en attente. Validez avec le code reçu en répondant à ce message.",1,fr,mixed,challenge,c1,challenge,test
"Madame, je suis le notaire de feu votre oncle. Un héritage de 45 millions vous revient, il faut payer les frais de succession d'abord.",1,fr,mixed,challenge,c2,challenge,test
Le Ministère recrute 500 jeunes pour le programme d'emploi 2026. Envoyez 10 000 F pour valider votre dossier au 6 94 22 11 00.,1,fr,mixed,challenge,c3,challenge,test
Your Netflix subscription payment failed. Update your card within 24 hours at netflix-billing-cm.com to keep watching.,1,en,mixed,challenge,c4,challenge,test
"We noticed a login to your WhatsApp from a new device. If this wasn't you, send us the 6-digit code you just received.",1,en,mixed,challenge,c5,challenge,test
"My broda, na Orange promo, you don win phone and 100k. Just send 5k for delivery fee make dem bring am for your house.",1,pcm,mixed,challenge,c6,challenge,test
Alerte UBA : tentative de connexion bloquée. Validez votre identité avec votre code secret sur uba-cm-securite.net,1,fr,mixed,challenge,c7,challenge,test
"Bonjour, je vous ai transféré 25 000 F par erreur, c'est pour l'école de ma fille, aidez-moi à les récupérer au 6 80 12 34 56 svp.",1,fr,mixed,challenge,c8,challenge,test
"Dear beneficiary, you have been selected for the World Bank COVID relief fund of $5,000. Reply with your full name and ID card number.",1,en,mixed,challenge,c9,challenge,test
Colis Chronopost en attente : payez 1 500 FCFA de frais de réexpédition ici http://chrono-livraison-cm.info avant ce soir.,1,fr,mixed,challenge,c10,challenge,test
"Rejoignez notre groupe d'investissement : dépôt minimum 20 000 F, retour garanti 300% en une semaine. Places très limitées !!",1,fr,mixed,challenge,c11,challenge,test
Transaction réussie. Vous avez envoyé 12 000 FCFA à ESSOMBA Martin. Frais 150 FCFA. Nouveau solde 8 450 FCFA.,0,fr,mixed,challenge,c12,challenge,test
Votre code de confirmation Jumia est 773512. Ne le partagez avec personne.,0,fr,mixed,challenge,c13,challenge,test
"Chers abonnés, suite à des travaux, le réseau internet sera perturbé à Bonamoussadi cette nuit de 1h à 4h. Nous nous excusons pour la gêne.",0,fr,mixed,challenge,c14,challenge,test
"Hey, are we still on for football on Saturday? Bring the ball, I forgot mine at the office.",0,en,mixed,challenge,c15,challenge,test
"Bonjour Monsieur, je vous confirme la livraison des sacs de ciment demain matin à Mvog-Mbi. Merci de préparer le reste du paiement.",0,fr,mixed,challenge,c16,challenge,test
I don reach house. Tell mama say I go come Sunday for the njangi meeting.,0,pcm,mixed,challenge,c17,challenge,test
Rappel : la cotisation de la tontine est due ce samedi. Merci de verser votre part au trésorier comme d'habitude.,0,fr,mixed,challenge,c18,challenge,test
Your electricity bill for September is 18 450 FCFA. You can pay at any ENEO agency or through your usual mobile money menu.,0,en,mixed,challenge,c19,challenge,test
Le cours de mathématiques de demain est déplacé en salle B12. Pensez à apporter vos calculatrices.,0,fr,mixed,challenge,c20,challenge,test
"Félicitations pour ton admission au concours ! Toute la famille est fière de toi, on fête ça dimanche.",0,fr,mixed,challenge,c21,challenge,test
Your appointment is confirmed for Tuesday 10:00 at the Douala branch. Please bring your ID card.,0,en,mixed,challenge,c22,challenge,test
"Bonjour, votre carte bancaire expire le mois prochain. La nouvelle carte est disponible dans votre agence habituelle.",0,fr,mixed,challenge,c23,challenge,test
"Go until jurong point, crazy.. Available only in bugis n great world la e buffet... Cine there got amore wat...",0,en,sms,uci,,uci_sms,test
Ok lar... Joking wif u oni...,0,en,sms,uci,,uci_sms,test
Free entry in 2 a wkly comp to win FA Cup final tkts 21st May 2005. Text FA to 87121 to receive entry question(std txt rate)T&C's apply 08452810075over18's,1,en,sms,uci,,uci_sms,train
U dun say so early hor... U c already then say...,0,en,sms,uci,,uci_sms,train
"Nah I don't think he goes to usf, he lives around here though",0,en,sms,uci,,uci_sms,train
"FreeMsg Hey there darling it's been 3 week's now and no word back! I'd like some fun you up for it still? Tb ok! XxX std chgs to send, £1.50 to rcv",1,en,sms,uci,,uci_sms,train
Even my brother is not like to speak with me. They treat me like aids patent.,0,en,sms,uci,,uci_sms,test
As per your request 'Melle Melle (Oru Minnaminunginte Nurungu Vettam)' has been set as your callertune for all Callers. Press *9 to copy your friends Callertune,0,en,sms,uci,,uci_sms,train
WINNER!! As a valued network customer you have been selected to receivea £900 prize reward! To claim call 09061701461. Claim code KL341. Valid 12 hours only.,1,en,sms,uci,,uci_sms,test
Had your mobile 11 months or more? U R entitled to Update to the latest colour mobiles with camera for Free! Call The Mobile Update Co FREE on 08002986030,1,en,sms,uci,,uci_sms,train
"I'm gonna be home soon and i don't want to talk about this stuff anymore tonight, k? I've cried enough today.",0,en,sms,uci,,uci_sms,train
"SIX chances to win CASH! From 100 to 20,000 pounds txt> CSH11 and send to 87575. Cost 150p/day, 6days, 16+ TsandCs apply Reply HL 4 info",1,en,sms,uci,,uci_sms,train
"URGENT! You have won a 1 week FREE membership in our £100,000 Prize Jackpot! Txt the word: CLAIM to No: 81010 T&C www.dbuk.net LCCLTD POBOX 4403LDNW1A7RW18",1,en,sms,uci,,uci_sms,train
I've been searching for the right words to thank you for this breather. I promise i wont take your help for granted and will fulfil my promise. You have been wonderful and a blessing at all times.,0,en,sms,uci,,uci_sms,train
I HAVE A DATE ON SUNDAY WITH WILL!!,0,en,sms,uci,,uci_sms,train
"XXXMobileMovieClub: To use your credit, click the WAP link in the next txt message or click here>> http://wap. xxxmobilemovieclub.com?n=QJKGIGHJJGCBL",1,en,sms,uci,,uci_sms,train
Oh k...i'm watching here:),0,en,sms,uci,,uci_sms,train
Eh u remember how 2 spell his name... Yes i did. He v naughty make until i v wet.,0,en,sms,uci,,uci_sms,train
Fine if thats the way u feel. Thats the way its gota b,0,en,sms,uci,,uci_sms,test
"England v Macedonia - dont miss the goals/team news. Txt ur national team to 87077 eg ENGLAND to 87077 Try:WALES, SCOTLAND 4txt/ú1.20 POBOXox36504W45WQ 16+",1,en,sms,uci,,uci_sms,train
Is that seriously how you spell his name?,0,en,sms,uci,,uci_sms,train
I‘m going to try for 2 months ha ha only joking,0,en,sms,uci,,uci_sms,train
So ü pay first lar... Then when is da stock comin...,0,en,sms,uci,,uci_sms,train
Aft i finish my lunch then i go str down lor. Ard 3 smth lor. U finish ur lunch already?,0,en,sms,uci,,uci_sms,train
Ffffffffff. Alright no way I can meet up with you sooner?,0,en,sms,uci,,uci_sms,train
Just forced myself to eat a slice. I'm really not hungry tho. This sucks. Mark is getting worried. He knows I'm sick when I turn down pizza. Lol,0,en,sms,uci,,uci_sms,train
Lol your always so convincing.,0,en,sms,uci,,uci_sms,train
Did you catch the bus ? Are you frying an egg ? Did you make a tea? Are you eating your mom's left over dinner ? Do you feel my Love ?,0,en,sms,uci,,uci_sms,train
"I'm back &amp; we're packing the car now, I'll let you know if there's room",0,en,sms,uci,,uci_sms,train
Ahhh. Work. I vaguely remember that! What does it feel like? Lol,0,en,sms,uci,,uci_sms,train
"Wait that's still not all that clear, were you not sure about me being sarcastic or that that's why x doesn't want to live with us",0,en,sms,uci,,uci_sms,test
Yeah he got in at 2 and was v apologetic. n had fallen out and she was actin like spoilt child and he got caught up in that. Till 2! But we won't go there! Not doing too badly cheers. You? ,0,en,sms,uci,,uci_sms,train
K tell me anything about you.,0,en,sms,uci,,uci_sms,train
For fear of fainting with the of all that housework you just did? Quick have a cuppa,0,en,sms,uci,,uci_sms,test
Thanks for your subscription to Ringtone UK your mobile will be charged £5/month Please confirm by replying YES or NO. If you reply NO you will not be charged,1,en,sms,uci,,uci_sms,train
Yup... Ok i go home look at the timings then i msg ü again... Xuhui going to learn on 2nd may too but her lesson is at 8am,0,en,sms,uci,,uci_sms,test
"Oops, I'll let you know when my roommate's done",0,en,sms,uci,,uci_sms,test
I see the letter B on my car,0,en,sms,uci,,uci_sms,train
Anything lor... U decide...,0,en,sms,uci,,uci_sms,train
Hello! How's you and how did saturday go? I was just texting to see if you'd decided to do anything tomo. Not that i'm trying to invite myself or anything!,0,en,sms,uci,,uci_sms,train
Pls go ahead with watts. I just wanted to be sure. Do have a great weekend. Abiola,0,en,sms,uci,,uci_sms,train
"Did I forget to tell you ? I want you , I need you, I crave you ... But most of all ... I love you my sweet Arabian steed ... Mmmmmm ... Yummy",0,en,sms,uci,,uci_sms,train
07732584351 - Rodger Burns - MSG = We tried to call you re your reply to our sms for a free nokia mobile + free camcorder. Please call now 08000930705 for delivery tomorrow,1,en,sms,uci,,uci_sms,train
WHO ARE YOU SEEING?,0,en,sms,uci,,uci_sms,train
Great! I hope you like your man well endowed. I am  &lt;#&gt;  inches...,0,en,sms,uci,,uci_sms,train
No calls..messages..missed calls,0,en,sms,uci,,uci_sms,train
Didn't you get hep b immunisation in nigeria.,0,en,sms,uci,,uci_sms,train
"Fair enough, anything going on?",0,en,sms,uci,,uci_sms,train
"Yeah hopefully, if tyler can't do it I could maybe ask around a bit",0,en,sms,uci,,uci_sms,train
U don't know how stubborn I am. I didn't even want to go to the hospital. I kept telling Mark I'm not a weak sucker. Hospitals are for weak suckers.,0,en,sms,uci,,uci_sms,train
What you thinked about me. First time you saw me in class.,0,en,sms,uci,,uci_sms,test
"A gram usually runs like  &lt;#&gt; , a half eighth is smarter though and gets you almost a whole second gram for  &lt;#&gt;",0,en,sms,uci,,uci_sms,train
K fyi x has a ride early tomorrow morning but he's crashing at our place tonight,0,en,sms,uci,,uci_sms,train
"Wow. I never realized that you were so embarassed by your accomodations. I thought you liked it, since i was doing the best i could and you always seemed so happy about ""the cave"". I'm sorry I didn't and don't have more to give. I'm sorry i offered. I'm sorry your room was so embarassing.",0,en,sms,uci,,uci_sms,test
SMS. ac Sptv: The New Jersey Devils and the Detroit Red Wings play Ice Hockey. Correct or Incorrect? End? Reply END SPTV,1,en,sms,uci,,uci_sms,test
Do you know what Mallika Sherawat did yesterday? Find out now @  &lt;URL&gt;,0,en,sms,uci,,uci_sms,train
"Congrats! 1 year special cinema pass for 2 is yours. call 09061209465 now! C Suprman V, Matrix3, StarWars3, etc all 4 FREE! bx420-ip4-5we. 150pm. Dont miss out! ",1,en,sms,uci,,uci_sms,train
"Sorry, I'll call later in meeting.",0,en,sms,uci,,uci_sms,train
Tell where you reached,0,en,sms,uci,,uci_sms,train
Yes..gauti and sehwag out of odi series.,0,en,sms,uci,,uci_sms,train
Your gonna have to pick up a $1 burger for yourself on your way home. I can't even move. Pain is killing me.,0,en,sms,uci,,uci_sms,train
Ha ha ha good joke. Girls are situation seekers.,0,en,sms,uci,,uci_sms,train
Its a part of checking IQ,0,en,sms,uci,,uci_sms,train
"Sorry my roommates took forever, it ok if I come by now?",0,en,sms,uci,,uci_sms,train
Ok lar i double check wif da hair dresser already he said wun cut v short. He said will cut until i look nice.,0,en,sms,uci,,uci_sms,test
"As a valued customer, I am pleased to advise you that following recent review of your Mob No. you are awarded with a £1500 Bonus Prize, call 09066364589",1,en,sms,uci,,uci_sms,train
"Today is ""song dedicated day.."" Which song will u dedicate for me? Send this to all ur valuable frnds but first rply me...",0,en,sms,uci,,uci_sms,train
"Urgent UR awarded a complimentary trip to EuroDisinc Trav, Aco&Entry41 Or £1000. To claim txt DIS to 87121 18+6*£1.50(moreFrmMob. ShrAcomOrSglSuplt)10, LS1 3AJ",1,en,sms,uci,,uci_sms,train
"Did you hear about the new ""Divorce Barbie""? It comes with all of Ken's stuff!",1,en,sms,uci,,uci_sms,train
I plane to give on this month end.,0,en,sms,uci,,uci_sms,train
Wah lucky man... Then can save money... Hee...,0,en,sms,uci,,uci_sms,train
Finished class where are you.,0,en,sms,uci,,uci_sms,train
HI BABE IM AT HOME NOW WANNA DO SOMETHING? XX,0,en,sms,uci,,uci_sms,train
K..k:)where are you?how did you performed?,0,en,sms,uci,,uci_sms,train
U can call me now...,0,en,sms,uci,,uci_sms,train
I am waiting machan. Call me once you free.,0,en,sms,uci,,uci_sms,train
Thats cool. i am a gentleman and will treat you with dignity and respect.,0,en,sms,uci,,uci_sms,train
I like you peoples very much:) but am very shy pa.,0,en,sms,uci,,uci_sms,test
Does not operate after  &lt;#&gt;  or what,0,en,sms,uci,,uci_sms,train
Its not the same here. Still looking for a job. How much do Ta's earn there.,0,en,sms,uci,,uci_sms,train
"Sorry, I'll call later",0,en,sms,uci,,uci_sms,train
K. Did you call me just now ah? ,0,en,sms,uci,,uci_sms,train
Ok i am on the way to home hi hi,0,en,sms,uci,,uci_sms,train
You will be in the place of that man,0,en,sms,uci,,uci_sms,test
Yup next stop.,0,en,sms,uci,,uci_sms,train
"I call you later, don't have network. If urgnt, sms me.",0,en,sms,uci,,uci_sms,train
For real when u getting on yo? I only need 2 more tickets and one more jacket and I'm done. I already used all my multis.,0,en,sms,uci,,uci_sms,train
Yes I started to send requests to make it but pain came back so I'm back in bed. Double coins at the factory too. I gotta cash in all my nitros.,0,en,sms,uci,,uci_sms,train
I'm really not up to it still tonight babe,0,en,sms,uci,,uci_sms,train
"Ela kano.,il download, come wen ur free..",0,en,sms,uci,,uci_sms,train
Yeah do! Don‘t stand to close tho- you‘ll catch something!,0,en,sms,uci,,uci_sms,train
Sorry to be a pain. Is it ok if we meet another night? I spent late afternoon in casualty and that means i haven't done any of y stuff42moro and that includes all my time sheets and that. Sorry. ,0,en,sms,uci,,uci_sms,train
Smile in Pleasure Smile in Pain Smile when trouble pours like Rain Smile when sum1 Hurts U Smile becoz SOMEONE still Loves to see u Smiling!!,0,en,sms,uci,,uci_sms,train
Please call our customer service representative on 0800 169 6031 between 10am-9pm as you have WON a guaranteed £1000 cash or £5000 prize!,1,en,sms,uci,,uci_sms,train
Havent planning to buy later. I check already lido only got 530 show in e afternoon. U finish work already?,0,en,sms,uci,,uci_sms,train
"Your free ringtone is waiting to be collected. Simply text the password ""MIX"" to 85069 to verify. Get Usher and Britney. FML, PO Box 5249, MK17 92H. 450Ppw 16",1,en,sms,uci,,uci_sms,train
Watching telugu movie..wat abt u?,0,en,sms,uci,,uci_sms,test
i see. When we finish we have loads of loans to pay,0,en,sms,uci,,uci_sms,train
"Hi. Wk been ok - on hols now! Yes on for a bit of a run. Forgot that i have hairdressers appointment at four so need to get home n shower beforehand. Does that cause prob for u?""",0,en,sms,uci,,uci_sms,train
I see a cup of coffee animation,0,en,sms,uci,,uci_sms,train
Please don't text me anymore. I have nothing else to say.,0,en,sms,uci,,uci_sms,train
Okay name ur price as long as its legal! Wen can I pick them up? Y u ave x ams xx,0,en,sms,uci,,uci_sms,train
I'm still looking for a car to buy. And have not gone 4the driving test yet.,0,en,sms,uci,,uci_sms,train
As per your request 'Melle Melle (Oru Minnaminunginte Nurungu Vettam)' has been set as your callertune for all Callers. Press *9 to copy your friends Callertune,0,en,sms,uci,,uci_sms,train
"wow. You're right! I didn't mean to do that. I guess once i gave up on boston men and changed my search location to nyc, something changed. Cuz on my signin page it still says boston.",0,en,sms,uci,,uci_sms,test
Umma my life and vava umma love you lot dear,0,en,sms,uci,,uci_sms,train
Thanks a lot for your wishes on my birthday. Thanks you for making my birthday truly memorable.,0,en,sms,uci,,uci_sms,train
"Aight, I'll hit you up when I get some cash",0,en,sms,uci,,uci_sms,train
How would my ip address test that considering my computer isn't a minecraft server,0,en,sms,uci,,uci_sms,train
I know! Grumpy old people. My mom was like you better not be lying. Then again I am always the one to play jokes...,0,en,sms,uci,,uci_sms,train
Dont worry. I guess he's busy.,0,en,sms,uci,,uci_sms,test
What is the plural of the noun research?,0,en,sms,uci,,uci_sms,test
Going for dinner.msg you after.,0,en,sms,uci,,uci_sms,test
I'm ok wif it cos i like 2 try new things. But i scared u dun like mah. Cos u said not too loud.,0,en,sms,uci,,uci_sms,train
GENT! We are trying to contact you. Last weekends draw shows that you won a £1000 prize GUARANTEED. Call 09064012160. Claim Code K52. Valid 12hrs only. 150ppm,1,en,sms,uci,,uci_sms,train
"Wa, ur openin sentence very formal... Anyway, i'm fine too, juz tt i'm eatin too much n puttin on weight...Haha... So anythin special happened?",0,en,sms,uci,,uci_sms,train
"As I entered my cabin my PA said, '' Happy B'day Boss !!''. I felt special. She askd me 4 lunch. After lunch she invited me to her apartment. We went there.",0,en,sms,uci,,uci_sms,train
You are a winner U have been specially selected 2 receive £1000 or a 4* holiday (flights inc) speak to a live operator 2 claim 0871277810910p/min (18+) ,1,en,sms,uci,,uci_sms,train
Goodo! Yes we must speak friday - egg-potato ratio for tortilla needed! ,0,en,sms,uci,,uci_sms,train
Hmm...my uncle just informed me that he's paying the school directly. So pls buy food.,0,en,sms,uci,,uci_sms,train
PRIVATE! Your 2004 Account Statement for 07742676969 shows 786 unredeemed Bonus Points. To claim call 08719180248 Identifier Code: 45239 Expires,1,en,sms,uci,,uci_sms,test
"URGENT! Your Mobile No. was awarded £2000 Bonus Caller Prize on 5/9/03 This is our final try to contact U! Call from Landline 09064019788 BOX42WR29C, 150PPM",1,en,sms,uci,,uci_sms,train
here is my new address -apples&pairs&all that malarky,0,en,sms,uci,,uci_sms,train
Todays Voda numbers ending 7548 are selected to receive a $350 award. If you have a match please call 08712300220 quoting claim code 4041 standard rates app,1,en,sms,uci,,uci_sms,train
I am going to sao mu today. Will be done only at 12 ,0,en,sms,uci,,uci_sms,train
Ü predict wat time ü'll finish buying?,0,en,sms,uci,,uci_sms,train
"Good stuff, will do.",0,en,sms,uci,,uci_sms,test
"Just so that you know,yetunde hasn't sent money yet. I just sent her a text not to bother sending. So its over, you dont have to involve yourself in anything. I shouldn't have imposed anything on you in the first place so for that, i apologise.",0,en,sms,uci,,uci_sms,train
Are you there in room.,0,en,sms,uci,,uci_sms,train
HEY GIRL. HOW R U? HOPE U R WELL ME AN DEL R BAK! AGAIN LONG TIME NO C! GIVE ME A CALL SUM TIME FROM LUCYxx,0,en,sms,uci,,uci_sms,test
K..k:)how much does it cost?,0,en,sms,uci,,uci_sms,train
I'm home.,0,en,sms,uci,,uci_sms,train
"Dear, will call Tmorrow.pls accomodate.",0,en,sms,uci,,uci_sms,train
First answer my question.,0,en,sms,uci,,uci_sms,train
Sunshine Quiz Wkly Q! Win a top Sony DVD player if u know which country the Algarve is in? Txt ansr to 82277. £1.50 SP:Tyrone,1,en,sms,uci,,uci_sms,train
Want 2 get laid tonight? Want real Dogging locations sent direct 2 ur mob? Join the UK's largest Dogging Network bt Txting GRAVEL to 69888! Nt. ec2a. 31p.msg@150p,1,en,sms,uci,,uci_sms,train
I only haf msn. It's yijue@hotmail.com,0,en,sms,uci,,uci_sms,train
He is there. You call and meet him,0,en,sms,uci,,uci_sms,train
No no. I will check all rooms befor activities,0,en,sms,uci,,uci_sms,train
You'll not rcv any more msgs from the chat svc. For FREE Hardcore services text GO to: 69988 If u get nothing u must Age Verify with yr network & try again,1,en,sms,uci,,uci_sms,train
Got c... I lazy to type... I forgot ü in lect... I saw a pouch but like not v nice...,0,en,sms,uci,,uci_sms,train
"K, text me when you're on the way",0,en,sms,uci,,uci_sms,train
"Sir, Waiting for your mail.",0,en,sms,uci,,uci_sms,train
"A swt thought: ""Nver get tired of doing little things 4 lovable persons.."" Coz..somtimes those little things occupy d biggest part in their Hearts.. Gud ni8",0,en,sms,uci,,uci_sms,train
I know you are. Can you pls open the back?,0,en,sms,uci,,uci_sms,train
Yes see ya not on the dot,0,en,sms,uci,,uci_sms,test
Whats the staff name who is taking class for us?,0,en,sms,uci,,uci_sms,train
"FreeMsg Why haven't you replied to my text? I'm Randy, sexy, female and live local. Luv to hear from u. Netcollex Ltd 08700621170150p per msg reply Stop to end",1,en,sms,uci,,uci_sms,train
Ummma.will call after check in.our life will begin from qatar so pls pray very hard.,0,en,sms,uci,,uci_sms,test
K..i deleted my contact that why?,0,en,sms,uci,,uci_sms,train
Sindu got job in birla soft ..,0,en,sms,uci,,uci_sms,train
The wine is flowing and i'm i have nevering..,0,en,sms,uci,,uci_sms,train
Yup i thk cine is better cos no need 2 go down 2 plaza mah.,0,en,sms,uci,,uci_sms,train
Ok... Ur typical reply...,0,en,sms,uci,,uci_sms,train
As per your request 'Melle Melle (Oru Minnaminunginte Nurungu Vettam)' has been set as your callertune for all Callers. Press *9 to copy your friends Callertune,0,en,sms,uci,,uci_sms,train
"You are everywhere dirt, on the floor, the windows, even on my shirt. And sometimes when i open my mouth, you are all that comes flowing out. I dream of my world without you, then half my chores are out too. A time of joy for me, lots of tv shows i.ll see. But i guess like all things you just must exist, like rain, hail and mist, and when my time here is done, you and i become one.",0,en,sms,uci,,uci_sms,test
Aaooooright are you at work?,0,en,sms,uci,,uci_sms,train
I'm leaving my house now...,0,en,sms,uci,,uci_sms,train
"Hello, my love. What are you doing? Did you get to that interview today? Are you you happy? Are you being a good boy? Do you think of me?Are you missing me ?",0,en,sms,uci,,uci_sms,train
Customer service annoncement. You have a New Years delivery waiting for you. Please call 07046744435 now to arrange delivery,1,en,sms,uci,,uci_sms,train
You are a winner U have been specially selected 2 receive £1000 cash or a 4* holiday (flights inc) speak to a live operator 2 claim 0871277810810,1,en,sms,uci,,uci_sms,train
Keep yourself safe for me because I need you and I miss you already and I envy everyone that see's you in real life,0,en,sms,uci,,uci_sms,train
New car and house for my parents.:)i have only new job in hand:),0,en,sms,uci,,uci_sms,test
I'm so in love with you. I'm excited each day i spend with you. You make me so happy.,0,en,sms,uci,,uci_sms,train
-PLS STOP bootydelious (32/F) is inviting you to be her friend. Reply YES-434 or NO-434 See her: www.SMS.ac/u/bootydelious STOP? Send STOP FRND to 62468,1,en,sms,uci,,uci_sms,test
"BangBabes Ur order is on the way. U SHOULD receive a Service Msg 2 download UR content. If U do not, GoTo wap. bangb. tv on UR mobile internet/service menu",1,en,sms,uci,,uci_sms,train
I place all ur points on e cultures module already.,0,en,sms,uci,,uci_sms,train
URGENT! We are trying to contact you. Last weekends draw shows that you have won a £900 prize GUARANTEED. Call 09061701939. Claim code S89. Valid 12hrs only,1,en,sms,uci,,uci_sms,train
"Hi frnd, which is best way to avoid missunderstding wit our beloved one's?",0,en,sms,uci,,uci_sms,train
Great escape. I fancy the bridge but needs her lager. See you tomo ,0,en,sms,uci,,uci_sms,train
Yes :)it completely in out of form:)clark also utter waste.,0,en,sms,uci,,uci_sms,test
"Sir, I need AXIS BANK account no and bank address.",0,en,sms,uci,,uci_sms,test
"Hmmm.. Thk sure got time to hop ard... Ya, can go 4 free abt... Muz call u to discuss liao... ",0,en,sms,uci,,uci_sms,train
What time you coming down later? ,0,en,sms,uci,,uci_sms,train
"Bloody hell, cant believe you forgot my surname Mr . Ill give u a clue, its spanish and begins with m... ",0,en,sms,uci,,uci_sms,test
"Well, i'm gonna finish my bath now. Have a good...fine night.",0,en,sms,uci,,uci_sms,train
Let me know when you've got the money so carlos can make the call,0,en,sms,uci,,uci_sms,train
U still going to the mall?,0,en,sms,uci,,uci_sms,train
"Turns out my friends are staying for the whole show and won't be back til ~ &lt;#&gt; , so feel free to go ahead and smoke that $ &lt;#&gt;  worth",0,en,sms,uci,,uci_sms,test
Text her. If she doesnt reply let me know so i can have her log in,0,en,sms,uci,,uci_sms,train
Hi! You just spoke to MANEESHA V. We'd like to know if you were satisfied with the experience. Reply Toll Free with Yes or No.,0,en,sms,uci,,uci_sms,train
You lifted my hopes with the offer of money. I am in need. Especially when the end of the month approaches and it hurts my studying. Anyways have a gr8 weekend,0,en,sms,uci,,uci_sms,train
Lol no. U can trust me.,0,en,sms,uci,,uci_sms,train
ok. I am a gentleman and will treat you with dignity and respect.,0,en,sms,uci,,uci_sms,train
"He will, you guys close?",0,en,sms,uci,,uci_sms,train
Going on nothing great.bye,0,en,sms,uci,,uci_sms,train
Hello handsome ! Are you finding that job ? Not being lazy ? Working towards getting back that net for mummy ? Where's my boytoy now ? Does he miss me ?,0,en,sms,uci,,uci_sms,train
"Haha awesome, be there in a minute",0,en,sms,uci,,uci_sms,train
Please call our customer service representative on FREEPHONE 0808 145 4742 between 9am-11pm as you have WON a guaranteed £1000 cash or £5000 prize!,1,en,sms,uci,,uci_sms,train
Have you got Xmas radio times. If not i will get it now,0,en,sms,uci,,uci_sms,train
I jus reached home. I go bathe first. But my sis using net tell u when she finishes k...,0,en,sms,uci,,uci_sms,train
Are you unique enough? Find out from 30th August. www.areyouunique.co.uk,1,en,sms,uci,,uci_sms,train
I'm sorry. I've joined the league of people that dont keep in touch. You mean a great deal to me. You have been a friend at all times even at great personal cost. Do have a great week.|,0,en,sms,uci,,uci_sms,train
Hi :)finally i completed the course:),0,en,sms,uci,,uci_sms,test
It will stop on itself. I however suggest she stays with someone that will be able to give ors for every stool.,0,en,sms,uci,,uci_sms,train
How are you doing? Hope you've settled in for the new school year. Just wishin you a gr8 day,0,en,sms,uci,,uci_sms,train
Gud mrng dear hav a nice day,0,en,sms,uci,,uci_sms,train
Did u got that persons story,0,en,sms,uci,,uci_sms,test
is your hamster dead? Hey so tmr i meet you at 1pm orchard mrt? ,0,en,sms,uci,,uci_sms,train
Hi its Kate how is your evening? I hope i can see you tomorrow for a bit but i have to bloody babyjontet! Txt back if u can. :) xxx,0,en,sms,uci,,uci_sms,test
"Found it, ENC  &lt;#&gt; , where you at?",0,en,sms,uci,,uci_sms,train
I sent you  &lt;#&gt;  bucks,0,en,sms,uci,,uci_sms,train
Hello darlin ive finished college now so txt me when u finish if u can love Kate xxx,0,en,sms,uci,,uci_sms,test
Your account has been refilled successfully by INR  &lt;DECIMAL&gt; . Your KeralaCircle prepaid account balance is Rs  &lt;DECIMAL&gt; . Your Transaction ID is KR &lt;#&gt; .,0,en,sms,uci,,uci_sms,train
Goodmorning sleeping ga.,0,en,sms,uci,,uci_sms,train
U call me alter at 11 ok.,0,en,sms,uci,,uci_sms,train
Ü say until like dat i dun buy ericsson oso cannot oredi lar...,0,en,sms,uci,,uci_sms,train
"As I entered my cabin my PA said, '' Happy B'day Boss !!''. I felt special. She askd me 4 lunch. After lunch she invited me to her apartment. We went there.",0,en,sms,uci,,uci_sms,test
"Aight yo, dats straight dogg",0,en,sms,uci,,uci_sms,train
You please give us connection today itself before  &lt;DECIMAL&gt;  or refund the bill,0,en,sms,uci,,uci_sms,test
Both :) i shoot big loads so get ready!,0,en,sms,uci,,uci_sms,train
"What's up bruv, hope you had a great break. Do have a rewarding semester.",0,en,sms,uci,,uci_sms,train
Home so we can always chat,0,en,sms,uci,,uci_sms,train
K:)k:)good:)study well.,0,en,sms,uci,,uci_sms,train
Yup... How ü noe leh...,0,en,sms,uci,,uci_sms,train
Sounds great! Are you home now?,0,en,sms,uci,,uci_sms,train
Finally the match heading towards draw as your prediction.,0,en,sms,uci,,uci_sms,train
Tired. I haven't slept well the past few nights.,0,en,sms,uci,,uci_sms,test
Easy ah?sen got selected means its good..,0,en,sms,uci,,uci_sms,train
I have to take exam with march 3,0,en,sms,uci,,uci_sms,train
Yeah you should. I think you can use your gt atm now to register. Not sure but if there's anyway i can help let me know. But when you do be sure you are ready.,0,en,sms,uci,,uci_sms,train
Ok no prob. Take ur time.,0,en,sms,uci,,uci_sms,test
There is os called ubandu which will run without installing in hard disk...you can use that os to copy the important files in system and give it to repair shop..,0,en,sms,uci,,uci_sms,train
"Sorry, I'll call later",0,en,sms,uci,,uci_sms,test
U say leh... Of course nothing happen lar. Not say v romantic jus a bit only lor. I thk e nite scenery not so nice leh.,0,en,sms,uci,,uci_sms,train
"500 New Mobiles from 2004, MUST GO! Txt: NOKIA to No: 89545 & collect yours today!From ONLY £1 www.4-tc.biz 2optout 087187262701.50gbp/mtmsg18",1,en,sms,uci,,uci_sms,test
Would really appreciate if you call me. Just need someone to talk to.,0,en,sms,uci,,uci_sms,train
"Will u meet ur dream partner soon? Is ur career off 2 a flyng start? 2 find out free, txt HORO followed by ur star sign, e. g. HORO ARIES",1,en,sms,uci,,uci_sms,test
Hey company elama po mudyadhu.,0,en,sms,uci,,uci_sms,train
"Life is more strict than teacher... Bcoz Teacher teaches lesson &amp; then conducts exam, But Life first conducts Exam &amp; then teaches Lessons. Happy morning. . .",0,en,sms,uci,,uci_sms,train
Dear good morning now only i am up,0,en,sms,uci,,uci_sms,test
Get down in gandhipuram and walk to cross cut road. Right side &lt;#&gt; street road and turn at first right.,0,en,sms,uci,,uci_sms,test
Dear we are going to our rubber place,0,en,sms,uci,,uci_sms,train
"Sorry battery died, yeah I'm here",0,en,sms,uci,,uci_sms,test
Yes:)here tv is always available in work place..,0,en,sms,uci,,uci_sms,train
Text & meet someone sexy today. U can find a date or even flirt its up to U. Join 4 just 10p. REPLY with NAME & AGE eg Sam 25. 18 -msg recd@thirtyeight pence,1,en,sms,uci,,uci_sms,train
I have printed it oh. So  &lt;#&gt;  come upstairs,0,en,sms,uci,,uci_sms,train
Or ill be a little closer like at the bus stop on the same street,0,en,sms,uci,,uci_sms,test
Where are you?when wil you reach here?,0,en,sms,uci,,uci_sms,train
"New Theory: Argument wins d SITUATION, but loses the PERSON. So dont argue with ur friends just.. . . . kick them &amp; say, I'm always correct.!",0,en,sms,uci,,uci_sms,train
U 447801259231 have a secret admirer who is looking 2 make contact with U-find out who they R*reveal who thinks UR so special-call on 09058094597,1,en,sms,uci,,uci_sms,train
Tomarrow final hearing on my laptop case so i cant.,0,en,sms,uci,,uci_sms,train
PLEASSSSSSSEEEEEE TEL ME V AVENT DONE SPORTSx,0,en,sms,uci,,uci_sms,train
"Okay. No no, just shining on. That was meant to be signing, but that sounds better.",0,en,sms,uci,,uci_sms,test
"Although i told u dat i'm into baig face watches now but i really like e watch u gave cos it's fr u. Thanx 4 everything dat u've done today, i'm touched...",0,en,sms,uci,,uci_sms,train
U don't remember that old commercial?,0,en,sms,uci,,uci_sms,train
Too late. I said i have the website. I didn't i have or dont have the slippers,0,en,sms,uci,,uci_sms,train
I asked you to call him now ok,0,en,sms,uci,,uci_sms,train
Kallis wont bat in 2nd innings.,0,en,sms,uci,,uci_sms,test
It didnt work again oh. Ok goodnight then. I.ll fix and have it ready by the time you wake up. You are very dearly missed have a good night sleep.,0,en,sms,uci,,uci_sms,train
Congratulations ur awarded 500 of CD vouchers or 125gift guaranteed & Free entry 2 100 wkly draw txt MUSIC to 87066 TnCs www.Ldew.com1win150ppmx3age16,1,en,sms,uci,,uci_sms,train
Ranjith cal drpd Deeraj and deepak 5min hold,0,en,sms,uci,,uci_sms,train
"Wen ur lovable bcums angry wid u, dnt take it seriously.. Coz being angry is d most childish n true way of showing deep affection, care n luv!.. kettoda manda... Have nice day da.",0,en,sms,uci,,uci_sms,train
What you doing?how are you?,0,en,sms,uci,,uci_sms,test
"Ups which is 3days also, and the shipping company that takes 2wks. The other way is usps which takes a week but when it gets to lag you may have to bribe nipost to get your stuff.",0,en,sms,uci,,uci_sms,test
"I'm back, lemme know when you're ready",0,en,sms,uci,,uci_sms,test
Don't necessarily expect it to be done before you get back though because I'm just now headin out,0,en,sms,uci,,uci_sms,train
Mmm so yummy babe ... Nice jolt to the suzy,0,en,sms,uci,,uci_sms,train
Where are you lover ? I need you ...,0,en,sms,uci,,uci_sms,test
We tried to contact you re your reply to our offer of a Video Handset? 750 anytime networks mins? UNLIMITED TEXT? Camcorder? Reply or call 08000930705 NOW,1,en,sms,uci,,uci_sms,test
I‘m parked next to a MINI!!!! When are you coming in today do you think?,0,en,sms,uci,,uci_sms,train
Yup,0,en,sms,uci,,uci_sms,test
Anyway i'm going shopping on my own now. Cos my sis not done yet. Dun disturb u liao.,0,en,sms,uci,,uci_sms,test
MY NO. IN LUTON 0125698789 RING ME IF UR AROUND! H*,0,en,sms,uci,,uci_sms,train
Hey I am really horny want to chat or see me naked text hot to 69698 text charged at 150pm to unsubscribe text stop 69698,1,en,sms,uci,,uci_sms,train
Why you Dint come with us.,0,en,sms,uci,,uci_sms,test
Same. Wana plan a trip sometme then,0,en,sms,uci,,uci_sms,train
"Not sure yet, still trying to get a hold of him",0,en,sms,uci,,uci_sms,train
Ur ringtone service has changed! 25 Free credits! Go to club4mobiles.com to choose content now! Stop? txt CLUB STOP to 87070. 150p/wk Club4 PO Box1146 MK45 2WT,1,en,sms,uci,,uci_sms,train
The evo. I just had to download flash. Jealous?,0,en,sms,uci,,uci_sms,train
Ringtone Club: Get the UK singles chart on your mobile each week and choose any top quality ringtone! This message is free of charge.,1,en,sms,uci,,uci_sms,train
"Come to mu, we're sorting out our narcotics situation",0,en,sms,uci,,uci_sms,test
"Night has ended for another day, morning has come in a special way. May you smile like the sunny rays and leaves your worries at the blue blue bay.",0,en,sms,uci,,uci_sms,train
HMV BONUS SPECIAL 500 pounds of genuine HMV vouchers to be won. Just answer 4 easy questions. Play Now! Send HMV to 86688 More info:www.100percent-real.com,1,en,sms,uci,,uci_sms,train
"Usf I guess, might as well take 1 car",0,en,sms,uci,,uci_sms,train
No objection. My bf not coming.,0,en,sms,uci,,uci_sms,train
Thanx...,0,en,sms,uci,,uci_sms,train
Tell rob to mack his gf in the theater,0,en,sms,uci,,uci_sms,train
"Awesome, I'll see you in a bit",0,en,sms,uci,,uci_sms,train
Just sent it. So what type of food do you like?,0,en,sms,uci,,uci_sms,train
All done? All handed in? Celebrations in full swing yet?,0,en,sms,uci,,uci_sms,train
You got called a tool?,0,en,sms,uci,,uci_sms,test
"""Wen u miss someone, the person is definitely special for u..... But if the person is so special, why to miss them, just Keep-in-touch"" gdeve..",0,en,sms,uci,,uci_sms,train
Ok. I asked for money how far,0,en,sms,uci,,uci_sms,test
Okie...,0,en,sms,uci,,uci_sms,train
"Yeah I think my usual guy's still passed out from last night, if you get ahold of anybody let me know and I'll throw down",0,en,sms,uci,,uci_sms,train
"K, I might come by tonight then if my class lets out early",0,en,sms,uci,,uci_sms,train
Ok..,0,en,sms,uci,,uci_sms,train
hi baby im cruisin with my girl friend what r u up 2? give me a call in and hour at home if thats alright or fone me on this fone now love jenny xxx,0,en,sms,uci,,uci_sms,test
"My life Means a lot to me, Not because I love my life, But because I love the people in my life, The world calls them friends, I call them my World:-).. Ge:-)..",0,en,sms,uci,,uci_sms,train
"Dear,shall mail tonite.busy in the street,shall update you tonite.things are looking ok.varunnathu edukkukayee raksha ollu.but a good one in real sense.",0,en,sms,uci,,uci_sms,train
Hey you told your name to gautham ah?,0,en,sms,uci,,uci_sms,test
Haf u found him? I feel so stupid da v cam was working.,0,en,sms,uci,,uci_sms,train
Oops. 4 got that bit.,0,en,sms,uci,,uci_sms,test
Are you this much buzy,0,en,sms,uci,,uci_sms,train
I accidentally deleted the message. Resend please.,0,en,sms,uci,,uci_sms,train
T-Mobile customer you may now claim your FREE CAMERA PHONE upgrade & a pay & go sim card for your loyalty. Call on 0845 021 3680.Offer ends 28thFeb.T&C's apply,1,en,sms,uci,,uci_sms,test
Unless it's a situation where YOU GO GURL would be more appropriate,0,en,sms,uci,,uci_sms,train
Hurt me... Tease me... Make me cry... But in the end of my life when i die plz keep one rose on my grave and say STUPID I MISS U.. HAVE A NICE DAY BSLVYL,0,en,sms,uci,,uci_sms,train
I cant pick the phone right now. Pls send a message,0,en,sms,uci,,uci_sms,train
Need a coffee run tomo?Can't believe it's that time of week already,0,en,sms,uci,,uci_sms,test
"Awesome, I remember the last time we got somebody high for the first time with diesel :V",0,en,sms,uci,,uci_sms,test
"Shit that is really shocking and scary, cant imagine for a second. Def up for night out. Do u think there is somewhere i could crash for night, save on taxi?",0,en,sms,uci,,uci_sms,train
Oh and by the way you do have more food in your fridge! Want to go out for a meal tonight? ,0,en,sms,uci,,uci_sms,train
He is a womdarfull actor,0,en,sms,uci,,uci_sms,train
"SMS. ac Blind Date 4U!: Rodds1 is 21/m from Aberdeen, United Kingdom. Check Him out http://img. sms. ac/W/icmb3cktz8r7!-4 no Blind Dates send HIDE",1,en,sms,uci,,uci_sms,test
Yup... From what i remb... I think should be can book... ,0,en,sms,uci,,uci_sms,train
Jos ask if u wana meet up?,0,en,sms,uci,,uci_sms,train
Lol yes. Our friendship is hanging on a thread cause u won't buy stuff.,0,en,sms,uci,,uci_sms,train
"TheMob> Check out our newest selection of content, Games, Tones, Gossip, babes and sport, Keep your mobile fit and funky text WAP to 82468",1,en,sms,uci,,uci_sms,train
Where are the garage keys? They aren't on the bookshelf,0,en,sms,uci,,uci_sms,train
Today is ACCEPT DAY..U Accept me as? Brother Sister Lover Dear1 Best1 Clos1 Lvblefrnd Jstfrnd Cutefrnd Lifpartnr Belovd Swtheart Bstfrnd No rply means enemy,0,en,sms,uci,,uci_sms,train
"Think ur smart ? Win £200 this week in our weekly quiz, text PLAY to 85222 now!T&Cs WinnersClub PO BOX 84, M26 3UZ. 16+. GBP1.50/week",1,en,sms,uci,,uci_sms,train
He says he'll give me a call when his friend's got the money but that he's definitely buying before the end of the week,0,en,sms,uci,,uci_sms,train
"Hi the way I was with u 2day, is the normal way&this is the real me. UR unique&I hope I know u 4 the rest of mylife. Hope u find wot was lost.",0,en,sms,uci,,uci_sms,train
You made my day. Do have a great day too.,0,en,sms,uci,,uci_sms,train
K.k:)advance happy pongal.,0,en,sms,uci,,uci_sms,train
"Hmmm... Guess we can go 4 kb n power yoga... Haha, dunno we can tahan power yoga anot... Thk got lo oso, forgot liao...",0,en,sms,uci,,uci_sms,train
"Not really dude, have no friends i'm afraid :(",0,en,sms,uci,,uci_sms,test
December only! Had your mobile 11mths+? You are entitled to update to the latest colour camera mobile for Free! Call The Mobile Update Co FREE on 08002986906,1,en,sms,uci,,uci_sms,train
"Coffee cake, i guess...",0,en,sms,uci,,uci_sms,train
"Merry Christmas to you too babe, i love ya *kisses*",0,en,sms,uci,,uci_sms,test
Hey... Why dont we just go watch x men and have lunch... Haha ,0,en,sms,uci,,uci_sms,train
cud u tell ppl im gona b a bit l8 cos 2 buses hav gon past cos they were full & im still waitin 4 1. Pete x,0,en,sms,uci,,uci_sms,test
That would be great. We'll be at the Guild. Could meet on Bristol road or somewhere - will get in touch over weekend. Our plans take flight! Have a good week,0,en,sms,uci,,uci_sms,train
No problem. How are you doing?,0,en,sms,uci,,uci_sms,train
No calls..messages..missed calls,0,en,sms,uci,,uci_sms,train
Hi da:)how is the todays class?,0,en,sms,uci,,uci_sms,train
"I'd say that's a good sign but, well, you know my track record at reading women",0,en,sms,uci,,uci_sms,train
"Cool, text me when you're parked",0,en,sms,uci,,uci_sms,train
I'm reading the text i just sent you. Its meant to be a joke. So read it in that light,0,en,sms,uci,,uci_sms,train
K.k:)apo k.good movie.,0,en,sms,uci,,uci_sms,train
Maybe i could get book out tomo then return it immediately ..? Or something.,0,en,sms,uci,,uci_sms,test
Call Germany for only 1 pence per minute! Call from a fixed line via access number 0844 861 85 85. No prepayment. Direct access!,1,en,sms,uci,,uci_sms,test
Any chance you might have had with me evaporated as soon as you violated my privacy by stealing my phone number from your employer's paperwork. Not cool at all. Please do not contact me again or I will report you to your supervisor.,0,en,sms,uci,,uci_sms,train
Valentines Day Special! Win over £1000 in our quiz and take your partner on the trip of a lifetime! Send GO to 83600 now. 150p/msg rcvd. CustCare:08718720201.,1,en,sms,uci,,uci_sms,test
"Ta-Daaaaa! I am home babe, are you still up ?",0,en,sms,uci,,uci_sms,train
Cool. So how come you havent been wined and dined before?,0,en,sms,uci,,uci_sms,test
Just sleeping..and surfing,0,en,sms,uci,,uci_sms,train
"Sorry, I'll call later",0,en,sms,uci,,uci_sms,train
U calling me right? Call my hand phone...,0,en,sms,uci,,uci_sms,train
Ok that's great thanx a lot.,0,en,sms,uci,,uci_sms,train
I take it the post has come then! You must have 1000s of texts now! Happy reading. My one from wiv hello caroline at the end is my favourite. Bless him,0,en,sms,uci,,uci_sms,train
Where u been hiding stranger?,0,en,sms,uci,,uci_sms,train
Am not interested to do like that.,0,en,sms,uci,,uci_sms,train
My sister cleared two round in birla soft yesterday.,0,en,sms,uci,,uci_sms,train
Gudnite....tc...practice going on,0,en,sms,uci,,uci_sms,train
Dis is yijue. I jus saw ur mail. In case huiming havent sent u my num. Dis is my num.,0,en,sms,uci,,uci_sms,train
One small prestige problem now.,0,en,sms,uci,,uci_sms,test
Fancy a shag? I do.Interested? sextextuk.com txt XXUK SUZY to 69876. Txts cost 1.50 per msg. TnCs on website. X,1,en,sms,uci,,uci_sms,train
Just checking in on you. Really do miss seeing Jeremiah. Do have a great month,0,en,sms,uci,,uci_sms,test
"Nah can't help you there, I've never had an iphone",0,en,sms,uci,,uci_sms,train
If you're not in my car in an hour and a half I'm going apeshit,0,en,sms,uci,,uci_sms,train
"TODAY is Sorry day.! If ever i was angry with you, if ever i misbehaved or hurt you? plz plz JUST SLAP URSELF Bcoz, Its ur fault, I'm basically GOOD",0,en,sms,uci,,uci_sms,train
Yo you guys ever figure out how much we need for alcohol? Jay and I are trying to figure out how much we can safely spend on weed,0,en,sms,uci,,uci_sms,train
&lt;#&gt; ISH MINUTES WAS 5 MINUTES AGO. WTF.,0,en,sms,uci,,uci_sms,test
"Thank You for calling.Forgot to say Happy Onam to you Sirji.I am fine here and remembered you when i met an insurance person.Meet You in Qatar Insha Allah.Rakhesh, ex Tata AIG who joined TISSCO,Tayseer.",0,en,sms,uci,,uci_sms,train
Congratulations ur awarded 500 of CD vouchers or 125gift guaranteed & Free entry 2 100 wkly draw txt MUSIC to 87066 TnCs www.Ldew.com1win150ppmx3age16,1,en,sms,uci,,uci_sms,test
Ur cash-balance is currently 500 pounds - to maximize ur cash-in now send CASH to 86688 only 150p/msg. CC: 08708800282 HG/Suite342/2Lands Row/W1J6HL,1,en,sms,uci,,uci_sms,train
"I'm an actor. When i work, i work in the evening and sleep late. Since i'm unemployed at the moment, i ALWAYS sleep late. When you're unemployed, every day is saturday.",0,en,sms,uci,,uci_sms,train
"Hello! Just got here, st andrews-boy its a long way! Its cold. I will keep you posted",0,en,sms,uci,,uci_sms,test
Ha ha cool cool chikku chikku:-):-DB-),0,en,sms,uci,,uci_sms,train
Oh ok no prob..,0,en,sms,uci,,uci_sms,train
Check audrey's status right now,0,en,sms,uci,,uci_sms,train
Busy here. Trying to finish for new year. I am looking forward to finally meeting you...,0,en,sms,uci,,uci_sms,train
"Good afternoon sunshine! How dawns that day ? Are we refreshed and happy to be alive? Do we breathe in the air and smile ? I think of you, my love ... As always",0,en,sms,uci,,uci_sms,train
Well i know Z will take care of me. So no worries.,0,en,sms,uci,,uci_sms,train
"Update_Now - Xmas Offer! Latest Motorola, SonyEricsson & Nokia & FREE Bluetooth! Double Mins & 1000 Txt on Orange. Call MobileUpd8 on 08000839402 or call2optout/F4Q=",1,en,sms,uci,,uci_sms,train
Here is your discount code RP176781. To stop further messages reply stop. www.regalportfolio.co.uk. Customer Services 08717205546,1,en,sms,uci,,uci_sms,train
Wat uniform? In where get?,0,en,sms,uci,,uci_sms,train
"Cool, text me when you're ready",0,en,sms,uci,,uci_sms,train
"Hello my boytoy ... Geeee I miss you already and I just woke up. I wish you were here in bed with me, cuddling me. I love you ...",0,en,sms,uci,,uci_sms,train
I will spoil you in bed as well :),0,en,sms,uci,,uci_sms,train
I'm going for bath will msg you next  &lt;#&gt;  min..,0,en,sms,uci,,uci_sms,train
I cant keep talking to people if am not sure i can pay them if they agree to price. So pls tell me what you want to really buy and how much you are willing to pay,0,en,sms,uci,,uci_sms,train
"Thanks for your Ringtone Order, Reference T91. You will be charged GBP 4 per week. You can unsubscribe at anytime by calling customer services on 09057039994",1,en,sms,uci,,uci_sms,test
Can you say what happen,0,en,sms,uci,,uci_sms,train
You could have seen me..i did't recognise you Face.:),0,en,sms,uci,,uci_sms,test
Well there's not a lot of things happening in Lindsay on New years *sighs* Some bars in Ptbo and the blue heron has something going,0,en,sms,uci,,uci_sms,test
Keep my payasam there if rinu brings,0,en,sms,uci,,uci_sms,train
I taught that Ranjith sir called me. So only i sms like that. Becaus hes verifying about project. Prabu told today so only pa dont mistake me..,0,en,sms,uci,,uci_sms,test
"I guess that's why you re worried. You must know that there's a way the body repairs itself. And i'm quite sure you shouldn't worry. We'll take it slow. First the tests, they will guide when your ovulation is then just relax. Nothing you've said is a reason to worry but i.ll keep on followin you up.",0,en,sms,uci,,uci_sms,train
"Yeah sure, give me a couple minutes to track down my wallet",0,en,sms,uci,,uci_sms,train
Hey leave it. not a big deal:-) take care.,0,en,sms,uci,,uci_sms,train
Hey i will be late ah... Meet you at 945+,0,en,sms,uci,,uci_sms,test
"Double mins and txts 4 6months FREE Bluetooth on Orange. Available on Sony, Nokia Motorola phones. Call MobileUpd8 on 08000839402 or call2optout/N9DX",1,en,sms,uci,,uci_sms,train
It took Mr owl 3 licks,0,en,sms,uci,,uci_sms,train
Customer place i will call you.,0,en,sms,uci,,uci_sms,test
Mm that time you dont like fun,0,en,sms,uci,,uci_sms,train
4mths half price Orange line rental & latest camera phones 4 FREE. Had your phone 11mths ? Call MobilesDirect free on 08000938767 to update now! or2stoptxt,1,en,sms,uci,,uci_sms,train
Yup having my lunch buffet now.. U eat already?,0,en,sms,uci,,uci_sms,test
Huh so late... Fr dinner?,0,en,sms,uci,,uci_sms,train
Hey so this sat are we going for the intro pilates only? Or the kickboxing too? ,0,en,sms,uci,,uci_sms,test
Morning only i can ok.,0,en,sms,uci,,uci_sms,train
Yes i think so. I am in office but my lap is in room i think thats on for the last few days. I didnt shut that down,0,en,sms,uci,,uci_sms,train
Pick you up bout 7.30ish? What time are  and that going?,0,en,sms,uci,,uci_sms,train
From here after The performance award is calculated every two month.not for current one month period..,0,en,sms,uci,,uci_sms,train
Was actually sleeping and still might when u call back. So a text is gr8. You rock sis. Will send u a text wen i wake.,0,en,sms,uci,,uci_sms,train
"You are always putting your business out there. You put pictures of your ass on facebook. You are one of the most open people i've ever met. Why would i think a picture of your room would hurt you, make you feel violated.",0,en,sms,uci,,uci_sms,train
"Good evening Sir, Al Salam Wahleykkum.sharing a happy news.By the grace of God, i got an offer from Tayseer,TISSCO and i joined.Hope you are fine.Inshah Allah,meet you sometime.Rakhesh,visitor from India.",0,en,sms,uci,,uci_sms,train
Hmmm...k...but i want to change the field quickly da:-)i wanna get system administrator or network administrator..,0,en,sms,uci,,uci_sms,train
"FREE RINGTONE text FIRST to 87131 for a poly or text GET to 87131 for a true tone! Help? 0845 2814032 16 after 1st free, tones are 3x£150pw to e£nd txt stop",1,en,sms,uci,,uci_sms,train
Dear how is chechi. Did you talk to her,0,en,sms,uci,,uci_sms,test
The hair cream has not been shipped.,0,en,sms,uci,,uci_sms,train
None of that's happening til you get here though,0,en,sms,uci,,uci_sms,test
"Yep, the great loxahatchee xmas tree burning of  &lt;#&gt;  starts in an hour",0,en,sms,uci,,uci_sms,test
"Haha get used to driving to usf man, I know a lot of stoners",0,en,sms,uci,,uci_sms,test
All was well until slightly disastrous class this pm with my fav darlings! Hope day off ok. Coffee wld be good as can't stay late tomorrow. Same time + place as always?,0,en,sms,uci,,uci_sms,train
Hello! Good week? Fancy a drink or something later?,0,en,sms,uci,,uci_sms,train
Headin towards busetop,0,en,sms,uci,,uci_sms,train
Message:some text missing* Sender:Name Missing* *Number Missing *Sent:Date missing *Missing U a lot thats y everything is missing sent via fullonsms.com,0,en,sms,uci,,uci_sms,test
Come by our room at some point so we can iron out the plan for this weekend,0,en,sms,uci,,uci_sms,train
Cos i want it to be your thing,0,en,sms,uci,,uci_sms,train
"Okies... I'll go yan jiu too... We can skip ard oso, go cine den go mrt one, blah blah blah... ",0,en,sms,uci,,uci_sms,train
Bring home some Wendy =D,0,en,sms,uci,,uci_sms,train
100 dating service cal;l 09064012103 box334sk38ch,1,en,sms,uci,,uci_sms,test
Whatsup there. Dont u want to sleep,0,en,sms,uci,,uci_sms,train
Alright i have a new goal now,0,en,sms,uci,,uci_sms,train
FREE entry into our £250 weekly competition just text the word WIN to 80086 NOW. 18 T&C www.txttowin.co.uk,1,en,sms,uci,,uci_sms,train
"Alright, I'll head out in a few minutes, text me where to meet you",0,en,sms,uci,,uci_sms,train
Send a logo 2 ur lover - 2 names joined by a heart. Txt LOVE NAME1 NAME2 MOBNO eg LOVE ADAM EVE 07123456789 to 87077 Yahoo! POBox36504W45WQ TxtNO 4 no ads 150p,1,en,sms,uci,,uci_sms,train
Yes:)from last week itself i'm taking live call.,0,en,sms,uci,,uci_sms,test
Someone has contacted our dating service and entered your phone because they fancy you! To find out who it is call from a landline 09111032124 . PoBox12n146tf150p,1,en,sms,uci,,uci_sms,test
Siva is in hostel aha:-.,0,en,sms,uci,,uci_sms,test
URGENT! Your Mobile number has been awarded with a £2000 prize GUARANTEED. Call 09058094455 from land line. Claim 3030. Valid 12hrs only,1,en,sms,uci,,uci_sms,train
Send this to ur friends and receive something about ur voice..... How is my speaking expression? 1.childish 2.naughty 3.Sentiment 4.rowdy 5.ful of attitude 6.romantic 7.shy 8.Attractive 9.funny  &lt;#&gt; .irritating  &lt;#&gt; .lovable. reply me..,0,en,sms,uci,,uci_sms,test
Ok. She'll be ok. I guess,0,en,sms,uci,,uci_sms,train
aathi..where are you dear..,0,en,sms,uci,,uci_sms,train
Any pain on urination any thing else?,0,en,sms,uci,,uci_sms,train
7 at esplanade.. Do ü mind giving me a lift cos i got no car today..,0,en,sms,uci,,uci_sms,test
I wnt to buy a BMW car urgently..its vry urgent.but hv a shortage of  &lt;#&gt; Lacs.there is no source to arng dis amt. &lt;#&gt; lacs..thats my prob,0,en,sms,uci,,uci_sms,train
At home watching tv lor.,0,en,sms,uci,,uci_sms,train
Does she usually take fifteen fucking minutes to respond to a yes or no question,0,en,sms,uci,,uci_sms,train
Congrats! Nokia 3650 video camera phone is your Call 09066382422 Calls cost 150ppm Ave call 3mins vary from mobiles 16+ Close 300603 post BCM4284 Ldn WC1N3XX,1,en,sms,uci,,uci_sms,train
Booked ticket for pongal?,0,en,sms,uci,,uci_sms,train
You available now? I'm like right around hillsborough &amp;  &lt;#&gt; th,0,en,sms,uci,,uci_sms,test
The message sent is askin for  &lt;#&gt; dollars. Shoul i pay  &lt;#&gt;  or  &lt;#&gt; ?,0,en,sms,uci,,uci_sms,train
"Ask g or iouri, I've told the story like ten times already",0,en,sms,uci,,uci_sms,train
How long does applebees fucking take,0,en,sms,uci,,uci_sms,train
"Hi hope u get this txt~journey hasnt been gd,now about 50 mins late I think.",0,en,sms,uci,,uci_sms,train
But i have to. I like to have love and arrange.,0,en,sms,uci,,uci_sms,test
Yes..he is really great..bhaji told kallis best cricketer after sachin in world:).very tough to get out.,0,en,sms,uci,,uci_sms,train
You were supposed to wake ME up &gt;:(,0,en,sms,uci,,uci_sms,test
Oic... I saw him too but i tot he din c me... I found a group liao...,0,en,sms,uci,,uci_sms,train
"Sorry, I'll call later",0,en,sms,uci,,uci_sms,test
"""HEY HEY WERETHE MONKEESPEOPLE SAY WE MONKEYAROUND! HOWDY GORGEOUS, HOWU DOIN? FOUNDURSELF A JOBYET SAUSAGE?LOVE JEN XXX""",0,en,sms,uci,,uci_sms,train
"Sorry, my battery died, I can come by but I'm only getting a gram for now, where's your place?",0,en,sms,uci,,uci_sms,train
"Well done, blimey, exercise, yeah, i kinda remember wot that is, hmm. ",0,en,sms,uci,,uci_sms,train
I wont get concentration dear you know you are my mind and everything :-),0,en,sms,uci,,uci_sms,train
LOL ... Have you made plans for new years?,0,en,sms,uci,,uci_sms,test
10 min later k...,0,en,sms,uci,,uci_sms,train
hanks lotsly!,0,en,sms,uci,,uci_sms,train
Thanks for this hope you had a good day today,0,en,sms,uci,,uci_sms,test
K:)k:)what are detail you want to transfer?acc no enough?,0,en,sms,uci,,uci_sms,train
Ok i will tell her to stay out. Yeah its been tough but we are optimistic things will improve this month.,0,en,sms,uci,,uci_sms,test
"Loan for any purpose £500 - £75,000. Homeowners + Tenants welcome. Have you been previously refused? We can still help. Call Free 0800 1956669 or text back 'help'",1,en,sms,uci,,uci_sms,test
Si si. I think ill go make those oreo truffles.,0,en,sms,uci,,uci_sms,train
"LOOK AT AMY URE A BEAUTIFUL, INTELLIGENT WOMAN AND I LIKE U A LOT. I KNOW U DONT LIKE ME LIKE THAT SO DONT WORRY.",0,en,sms,uci,,uci_sms,train
I hope you that's the result of being consistently intelligent and kind. Start asking him about practicum links and keep your ears open and all the best. ttyl,0,en,sms,uci,,uci_sms,train
"1.20 that call cost. Which i guess isnt bad. Miss ya, need ya, want ya, love ya",0,en,sms,uci,,uci_sms,train
Going thru a very different feeling.wavering decisions and coping up with the same is the same individual.time will heal everything i believe.,0,en,sms,uci,,uci_sms,train
Where did u go? My phone is gonna die you have to stay in here,0,en,sms,uci,,uci_sms,test
Great. Never been better. Each day gives even more reasons to thank God,0,en,sms,uci,,uci_sms,train
"UpgrdCentre Orange customer, you may now claim your FREE CAMERA PHONE upgrade for your loyalty. Call now on 0207 153 9153. Offer ends 26th July. T&C's apply. Opt-out available",1,en,sms,uci,,uci_sms,train
"Sorry, I'll call later ok bye",0,en,sms,uci,,uci_sms,train
Ok i am on the way to railway,0,en,sms,uci,,uci_sms,train
great princess! I love giving and receiving oral. Doggy style is my fave position. How about you? I enjoy making love  &lt;#&gt;  times per night :),0,en,sms,uci,,uci_sms,train
They don't put that stuff on the roads to keep it from getting slippery over there?,0,en,sms,uci,,uci_sms,test
When are you going to ride your bike?,0,en,sms,uci,,uci_sms,test
"Yup, no need. I'll jus wait 4 e rain 2 stop.",0,en,sms,uci,,uci_sms,train
There are many company. Tell me the language.,0,en,sms,uci,,uci_sms,train
okmail: Dear Dave this is your final notice to collect your 4* Tenerife Holiday or #5000 CASH award! Call 09061743806 from landline. TCs SAE Box326 CW25WX 150ppm,1,en,sms,uci,,uci_sms,train
"How long has it been since you screamed, princess?",0,en,sms,uci,,uci_sms,train
"Nothing. I meant that once the money enters your account here, the bank will remove its flat rate. Someone transfered  &lt;#&gt;  to my account and  &lt;#&gt; dollars got removed. So the banks differ and charges also differ.be sure you trust the 9ja person you are sending account details to cos...",0,en,sms,uci,,uci_sms,train
Want 2 get laid tonight? Want real Dogging locations sent direct 2 ur Mob? Join the UK's largest Dogging Network by txting MOAN to 69888Nyt. ec2a. 31p.msg@150p,1,en,sms,uci,,uci_sms,train
Nice line said by a broken heart- Plz don't cum 1 more times infront of me... Other wise once again I ll trust U... Good 9t:),0,en,sms,uci,,uci_sms,train
Ok I'm gonna head up to usf in like fifteen minutes,0,en,sms,uci,,uci_sms,train
Love you aathi..love u lot..,0,en,sms,uci,,uci_sms,train
Tension ah?what machi?any problem?,0,en,sms,uci,,uci_sms,train
"K, can I pick up another 8th when you're done?",0,en,sms,uci,,uci_sms,train
When're you guys getting back? G said you were thinking about not staying for mcr,0,en,sms,uci,,uci_sms,train
"Almost there, see u in a sec",0,en,sms,uci,,uci_sms,train
"Yo carlos, a few friends are already asking me about you, you working at all this weekend?",0,en,sms,uci,,uci_sms,train
Watching tv lor...,0,en,sms,uci,,uci_sms,train
Thank you baby! I cant wait to taste the real thing...,0,en,sms,uci,,uci_sms,test
You should change your fb to jaykwon thuglyfe falconerf,0,en,sms,uci,,uci_sms,test
If we win its really no 1 side for long time.,0,en,sms,uci,,uci_sms,train
"FREE MESSAGE Activate your 500 FREE Text Messages by replying to this message with the word FREE For terms & conditions, visit www.07781482378.com",1,en,sms,uci,,uci_sms,train
Dear reached railway. What happen to you,0,en,sms,uci,,uci_sms,train
"Depends on quality. If you want the type i sent boye, faded glory, then about 6. If you want ralphs maybe 2",0,en,sms,uci,,uci_sms,train
I think i've fixed it can you send a test message?,0,en,sms,uci,,uci_sms,train
"Sorry man my account's dry or I would, if you want we could trade back half or I could buy some shit with my credit card",0,en,sms,uci,,uci_sms,train
"Congrats! 1 year special cinema pass for 2 is yours. call 09061209465 now! C Suprman V, Matrix3, StarWars3, etc all 4 FREE! bx420-ip4-5we. 150pm. Dont miss out!",1,en,sms,uci,,uci_sms,test
"Sorry,in meeting I'll call later",0,en,sms,uci,,uci_sms,train
What class of  &lt;#&gt;  reunion?,0,en,sms,uci,,uci_sms,train
Are you free now?can i call now?,0,en,sms,uci,,uci_sms,train
Got meh... When?,0,en,sms,uci,,uci_sms,train
Nope... Think i will go for it on monday... Sorry i replied so late,0,en,sms,uci,,uci_sms,test
Some of them told accenture is not confirm. Is it true.,0,en,sms,uci,,uci_sms,train
"Kate jackson rec center before 7ish, right?",0,en,sms,uci,,uci_sms,train
Dear i have reache room,0,en,sms,uci,,uci_sms,train
"Fighting with the world is easy, u either win or lose bt fightng with some1 who is close to u is dificult if u lose - u lose if u win - u still lose.",0,en,sms,uci,,uci_sms,train
When can ü come out?,0,en,sms,uci,,uci_sms,train
Check with nuerologist.,0,en,sms,uci,,uci_sms,test
Lolnice. I went from a fish to ..water.?,0,en,sms,uci,,uci_sms,train
+123 Congratulations - in this week's competition draw u have won the £1450 prize to claim just call 09050002311 b4280703. T&Cs/stop SMS 08718727868. Over 18 only 150ppm,1,en,sms,uci,,uci_sms,train
No it's waiting in e car dat's bored wat. Cos wait outside got nothing 2 do. At home can do my stuff or watch tv wat.,0,en,sms,uci,,uci_sms,test
"Maybe westshore or hyde park village, the place near my house?",0,en,sms,uci,,uci_sms,train
You should know now. So how's anthony. Are you bringing money. I've school fees to pay and rent and stuff like that. Thats why i need your help. A friend in need....|,0,en,sms,uci,,uci_sms,train
What's the significance?,0,en,sms,uci,,uci_sms,test
Your opinion about me? 1. Over 2. Jada 3. Kusruthi 4. Lovable 5. Silent 6. Spl character 7. Not matured 8. Stylish 9. Simple Pls reply..,0,en,sms,uci,,uci_sms,train
"8 at the latest, g's still there if you can scrounge up some ammo and want to give the new ak a try",0,en,sms,uci,,uci_sms,train
Prabha..i'm soryda..realy..frm heart i'm sory,0,en,sms,uci,,uci_sms,test
Lol ok your forgiven :),0,en,sms,uci,,uci_sms,train
No..jst change tat only..,0,en,sms,uci,,uci_sms,train
"You are guaranteed the latest Nokia Phone, a 40GB iPod MP3 player or a £500 prize! Txt word: COLLECT to No: 83355! IBHltd LdnW15H 150p/Mtmsgrcvd18+",1,en,sms,uci,,uci_sms,train
S:)no competition for him.,0,en,sms,uci,,uci_sms,train
Boltblue tones for 150p Reply POLY# or MONO# eg POLY3 1. Cha Cha Slide 2. Yeah 3. Slow Jamz 6. Toxic 8. Come With Me or STOP 4 more tones txt MORE,1,en,sms,uci,,uci_sms,train
Your credits have been topped up for http://www.bubbletext.com Your renewal Pin is tgxxrz,1,en,sms,uci,,uci_sms,test
"That way transport is less problematic than on sat night. By the way, if u want to ask  n  to join my bday, feel free. But need to know definite nos as booking on fri. ",0,en,sms,uci,,uci_sms,train
Usually the person is unconscious that's in children but in adults they may just behave abnormally. I.ll call you now,0,en,sms,uci,,uci_sms,test
But that's on ebay it might be less elsewhere.,0,en,sms,uci,,uci_sms,train
Shall i come to get pickle,0,en,sms,uci,,uci_sms,train
Were gonna go get some tacos,0,en,sms,uci,,uci_sms,test
"That's very rude, you on campus?",0,en,sms,uci,,uci_sms,train
"URGENT!: Your Mobile No. was awarded a £2,000 Bonus Caller Prize on 02/09/03! This is our 2nd attempt to contact YOU! Call 0871-872-9755 BOX95QU",1,en,sms,uci,,uci_sms,train
Hi i won't b ard 4 christmas. But do enjoy n merry x'mas.,0,en,sms,uci,,uci_sms,train
"Today's Offer! Claim ur £150 worth of discount vouchers! Text YES to 85023 now! SavaMob, member offers mobile! T Cs 08717898035. £3.00 Sub. 16 . Unsub reply X",1,en,sms,uci,,uci_sms,train
Yes! How is a pretty lady like you single?,0,en,sms,uci,,uci_sms,train
You will recieve your tone within the next 24hrs. For Terms and conditions please see Channel U Teletext Pg 750,1,en,sms,uci,,uci_sms,train
Jay says that you're a double-faggot,0,en,sms,uci,,uci_sms,train
PRIVATE! Your 2003 Account Statement for 07815296484 shows 800 un-redeemed S.I.M. points. Call 08718738001 Identifier Code 41782 Expires 18/11/04 ,1,en,sms,uci,,uci_sms,train
What Today-sunday..sunday is holiday..so no work..,0,en,sms,uci,,uci_sms,test
Gudnite....tc...practice going on,0,en,sms,uci,,uci_sms,train
I'll be late...,0,en,sms,uci,,uci_sms,train
"I've not called you in a while. This is hoping it was l8r malaria and that you know that we miss you guys. I miss Bani big, so pls give her my love especially. Have a great day.",0,en,sms,uci,,uci_sms,train
"Good afternoon, my love! How goes that day ? I hope maybe you got some leads on a job. I think of you, boytoy and send you a passionate kiss from across the sea",0,en,sms,uci,,uci_sms,train
"Probably gonna be here for a while, see you later tonight &lt;)",0,en,sms,uci,,uci_sms,train
Or maybe my fat fingers just press all these buttons and it doesn't know what to do.,0,en,sms,uci,,uci_sms,train
Ummmmmaah Many many happy returns of d day my dear sweet heart.. HAPPY BIRTHDAY dear,0,en,sms,uci,,uci_sms,train
"I am in tirupur da, once you started from office call me.",0,en,sms,uci,,uci_sms,test
from www.Applausestore.com MonthlySubscription@50p/msg max6/month T&CsC web age16 2stop txt stop,1,en,sms,uci,,uci_sms,train
"A famous quote : when you develop the ability to listen to 'anything' unconditionally without losing your temper or self confidence, it means you are ......... 'MARRIED'",0,en,sms,uci,,uci_sms,train
But am going to college pa. What to do. are else ill come there it self. Pa.,0,en,sms,uci,,uci_sms,train
4 oclock at mine. Just to bash out a flat plan.,0,en,sms,uci,,uci_sms,train
This girl does not stay in bed. This girl doesn't need recovery time. Id rather pass out while having fun then be cooped up in bed,0,en,sms,uci,,uci_sms,train
Then any special there?,0,en,sms,uci,,uci_sms,train
I know but you need to get hotel now. I just got my invitation but i had to apologise. Cali is to sweet for me to come to some english bloke's weddin,0,en,sms,uci,,uci_sms,train
"Sorry that took so long, omw now",0,en,sms,uci,,uci_sms,test
Wait  &lt;#&gt;  min..,0,en,sms,uci,,uci_sms,train
Ok give me 5 minutes I think I see her. BTW you're my alibi. You were cutting my hair the whole time.,0,en,sms,uci,,uci_sms,train
"Imagine you finally get to sink into that bath after I have put you through your paces, maybe even having you eat me for a while before I left ... But also imagine the feel of that cage on your cock surrounded by the bath water, reminding you always who owns you ... Enjoy, my cuck",0,en,sms,uci,,uci_sms,test
"Hurry up, I've been weed-deficient for like three days",0,en,sms,uci,,uci_sms,train
"Sure, if I get an acknowledgement from you that it's astoundingly tactless and generally faggy to demand a blood oath fo",0,en,sms,uci,,uci_sms,train
Ok. Every night take a warm bath drink a cup of milk and you'll see a work of magic. You still need to loose weight. Just so that you know,0,en,sms,uci,,uci_sms,test
I‘ll have a look at the frying pan in case it‘s cheap or a book perhaps. No that‘s silly a frying pan isn‘t likely to be a book,0,en,sms,uci,,uci_sms,train
O. Well uv causes mutations. Sunscreen is like essential thesedays,0,en,sms,uci,,uci_sms,train
Having lunch:)you are not in online?why?,0,en,sms,uci,,uci_sms,train
I know that my friend already told that.,0,en,sms,uci,,uci_sms,test
Hi Princess! Thank you for the pics. You are very pretty. How are you?,0,en,sms,uci,,uci_sms,train
"Aiyo... U always c our ex one... I dunno abt mei, she haven reply... First time u reply so fast... Y so lucky not workin huh, got bao by ur sugardad ah...gee.. ",0,en,sms,uci,,uci_sms,train
Hi msg me:)i'm in office..,0,en,sms,uci,,uci_sms,train
Thanx 4 e brownie it's v nice...,0,en,sms,uci,,uci_sms,train
Geeeee ... I love you so much I can barely stand it,0,en,sms,uci,,uci_sms,train
GENT! We are trying to contact you. Last weekends draw shows that you won a £1000 prize GUARANTEED. Call 09064012160. Claim Code K52. Valid 12hrs only. 150ppm ,1,en,sms,uci,,uci_sms,test
"Fuck babe ... I miss you already, you know ? Can't you let me send you some money towards your net ? I need you ... I want you ... I crave you ...",0,en,sms,uci,,uci_sms,train
"Ill call u 2mrw at ninish, with my address that icky American freek wont stop callin me 2 bad Jen k eh?",0,en,sms,uci,,uci_sms,train
Oooh bed ridden ey? What are YOU thinking of?,0,en,sms,uci,,uci_sms,train
"So anyways, you can just go to your gym or whatever, my love *smiles* I hope your ok and having a good day babe ... I miss you so much already",0,en,sms,uci,,uci_sms,train
Love it! Daddy will make you scream with pleasure! I am going to slap your ass with my dick!,0,en,sms,uci,,uci_sms,train
WOT U WANNA DO THEN MISSY?,0,en,sms,uci,,uci_sms,train
Yar lor wait 4 my mum 2 finish sch then have lunch lor... I whole morning stay at home clean my room now my room quite clean... Hee...,0,en,sms,uci,,uci_sms,train
Do you know where my lab goggles went,0,en,sms,uci,,uci_sms,train
Can you open the door?,0,en,sms,uci,,uci_sms,train
Waiting for your call.,0,en,sms,uci,,uci_sms,train
Nope i waiting in sch 4 daddy... ,0,en,sms,uci,,uci_sms,train
"You have won ?1,000 cash or a ?2,000 prize! To claim, call09050000327",1,en,sms,uci,,uci_sms,train
"I'm tired of arguing with you about this week after week. Do what you want and from now on, i'll do the same.",0,en,sms,uci,,uci_sms,train
Ü wait 4 me in sch i finish ard 5..,0,en,sms,uci,,uci_sms,test
"our mobile number has won £5000, to claim calls us back or ring the claims hot line on 09050005321.",1,en,sms,uci,,uci_sms,train
"Arngd marriage is while u r walkin unfortuntly a snake bites u. bt love marriage is dancing in frnt of d snake &amp; sayin Bite me, bite me.",0,en,sms,uci,,uci_sms,test
Huh so early.. Then ü having dinner outside izzit?,0,en,sms,uci,,uci_sms,train
Ok anyway no need to change with what you said,0,en,sms,uci,,uci_sms,train
We tried to contact you re your reply to our offer of 750 mins 150 textand a new video phone call 08002988890 now or reply for free delivery tomorrow,1,en,sms,uci,,uci_sms,train
my ex-wife was not able to have kids. Do you want kids one day?,0,en,sms,uci,,uci_sms,train
So how's scotland. Hope you are not over showing your JJC tendencies. Take care. Live the dream,0,en,sms,uci,,uci_sms,test
Tell them u have a headache and just want to use 1 hour of sick time.,0,en,sms,uci,,uci_sms,train
"I dun thk i'll quit yet... Hmmm, can go jazz ? Yogasana oso can... We can go meet em after our lessons den... ",0,en,sms,uci,,uci_sms,train
"""Pete can you please ring meive hardly gotany credit""",0,en,sms,uci,,uci_sms,test
Ya srsly better than yi tho,0,en,sms,uci,,uci_sms,train
"I'm in a meeting, call me later at",0,en,sms,uci,,uci_sms,train
"For ur chance to win a £250 wkly shopping spree TXT: SHOP to 80878. T's&C's www.txt-2-shop.com custcare 08715705022, 1x150p/wk",1,en,sms,uci,,uci_sms,train
You have been specially selected to receive a 2000 pound award! Call 08712402050 BEFORE the lines close. Cost 10ppm. 16+. T&Cs apply. AG Promo,1,en,sms,uci,,uci_sms,train
PRIVATE! Your 2003 Account Statement for 07753741225 shows 800 un-redeemed S. I. M. points. Call 08715203677 Identifier Code: 42478 Expires 24/10/04,1,en,sms,uci,,uci_sms,test
You still at grand prix?,0,en,sms,uci,,uci_sms,train
"I met you as a stranger and choose you as my friend. As long as the world stands, our friendship never ends. Lets be Friends forever!!! Gud nitz...",0,en,sms,uci,,uci_sms,train
I am great! How are you?,0,en,sms,uci,,uci_sms,train
Gud mrng dear have a nice day,0,en,sms,uci,,uci_sms,train
You have an important customer service announcement. Call FREEPHONE 0800 542 0825 now!,1,en,sms,uci,,uci_sms,train
Will do. Was exhausted on train this morning. Too much wine and pie. You sleep well too,0,en,sms,uci,,uci_sms,train
I'm going out to buy mum's present ar.,0,en,sms,uci,,uci_sms,train
Mind blastin.. No more Tsunamis will occur from now on.. Rajnikant stopped swimming in Indian Ocean..:-D,0,en,sms,uci,,uci_sms,train
If u sending her home first it's ok lor. I'm not ready yet.,0,en,sms,uci,,uci_sms,train
Speaking of does he have any cash yet?,0,en,sms,uci,,uci_sms,test
Be happy there. I will come after noon,0,en,sms,uci,,uci_sms,train
Meet after lunch la...,0,en,sms,uci,,uci_sms,train
TaKe CaRE n gET WeLL sOOn,0,en,sms,uci,,uci_sms,test
XCLUSIVE@CLUBSAISAI 2MOROW 28/5 SOIREE SPECIALE ZOUK WITH NICHOLS FROM PARIS.FREE ROSES 2 ALL LADIES !!! info: 07946746291/07880867867 ,1,en,sms,uci,,uci_sms,train
what I meant to say is cant wait to see u again getting bored of this bridgwater banter,0,en,sms,uci,,uci_sms,train
Neva mind it's ok..,0,en,sms,uci,,uci_sms,train
"It's fine, imma get a drink or somethin. Want me to come find you?",0,en,sms,uci,,uci_sms,train
22 days to kick off! For Euro2004 U will be kept up to date with the latest news and results daily. To be removed send GET TXT STOP to 83222,1,en,sms,uci,,uci_sms,train
Its a valentine game. . . Send dis msg to all ur friends. .. If 5 answers r d same then someone really loves u. Ques- which colour suits me the best?rply me,0,en,sms,uci,,uci_sms,train
I have many dependents,0,en,sms,uci,,uci_sms,train
THANX4 TODAY CER IT WAS NICE 2 CATCH UP BUT WE AVE 2 FIND MORE TIME MORE OFTEN OH WELL TAKE CARE C U SOON.C,0,en,sms,uci,,uci_sms,train
I called and said all to him:)then he have to choose this future.,0,en,sms,uci,,uci_sms,test
"""Happy valentines day"" I know its early but i have hundreds of handsomes and beauties to wish. So i thought to finish off aunties and uncles 1st...",0,en,sms,uci,,uci_sms,train
He like not v shock leh. Cos telling shuhui is like telling leona also. Like dat almost all know liao. He got ask me abt ur reaction lor.,0,en,sms,uci,,uci_sms,train
For my family happiness..,0,en,sms,uci,,uci_sms,test
I come n pick ü up... Come out immediately aft ur lesson...,0,en,sms,uci,,uci_sms,train
Let there be snow. Let there be snow. This kind of weather brings ppl together so friendships can grow.,0,en,sms,uci,,uci_sms,train
Dear we got  &lt;#&gt;  dollars hi hi,0,en,sms,uci,,uci_sms,test
Good words.... But words may leave u in dismay many times.,0,en,sms,uci,,uci_sms,test
MAKE SURE ALEX KNOWS HIS BIRTHDAY IS OVER IN FIFTEEN MINUTES AS FAR AS YOU'RE CONCERNED,0,en,sms,uci,,uci_sms,train
"sorry, no, have got few things to do. may be in pub later.",0,en,sms,uci,,uci_sms,train
"Nah it's straight, if you can just bring bud or drinks or something that's actually a little more useful than straight cash",0,en,sms,uci,,uci_sms,train
"Haha good to hear, I'm officially paid and on the market for an 8th",0,en,sms,uci,,uci_sms,test
How many licks does it take to get to the center of a tootsie pop?,0,en,sms,uci,,uci_sms,train
Yup i thk they r e teacher said that will make my face look longer. Darren ask me not 2 cut too short.,0,en,sms,uci,,uci_sms,train
New TEXTBUDDY Chat 2 horny guys in ur area 4 just 25p Free 2 receive Search postcode or at gaytextbuddy.com. TXT ONE name to 89693,1,en,sms,uci,,uci_sms,train
Todays Vodafone numbers ending with 4882 are selected to a receive a £350 award. If your number matches call 09064019014 to receive your £350 award.,1,en,sms,uci,,uci_sms,test
Please dont say like that. Hi hi hi,0,en,sms,uci,,uci_sms,train
Thank u!,0,en,sms,uci,,uci_sms,train
Oh that was a forwarded message. I thought you send that to me,0,en,sms,uci,,uci_sms,train
Got it. Seventeen pounds for seven hundred ml – hope ok.,0,en,sms,uci,,uci_sms,test
"Dear Voucher Holder, 2 claim this weeks offer, at your PC go to http://www.e-tlp.co.uk/expressoffer Ts&Cs apply.2 stop texts txt STOP to 80062.",1,en,sms,uci,,uci_sms,train
Me n him so funny...,0,en,sms,uci,,uci_sms,test
"Sweetheart, hope you are not having that kind of day! Have one with loads of reasons to smile. Biola",0,en,sms,uci,,uci_sms,train
When ü login dat time... Dad fetching ü home now?,0,en,sms,uci,,uci_sms,train
"What will we do in the shower, baby?",0,en,sms,uci,,uci_sms,train
I had askd u a question some hours before. Its answer,0,en,sms,uci,,uci_sms,train
"Well imma definitely need to restock before thanksgiving, I'll let you know when I'm out",0,en,sms,uci,,uci_sms,train
" said kiss, kiss, i can't do the sound effects! He is a gorgeous man isn't he! Kind of person who needs a smile to brighten his day! ",0,en,sms,uci,,uci_sms,train
Probably gonna swing by in a wee bit,0,en,sms,uci,,uci_sms,train
Ya very nice. . .be ready on thursday,0,en,sms,uci,,uci_sms,train
Allo! We have braved the buses and taken on the trains and triumphed. I mean we‘re in b‘ham. Have a jolly good rest of week,0,en,sms,uci,,uci_sms,train
"Watching cartoon, listening music &amp; at eve had to go temple &amp; church.. What about u?",0,en,sms,uci,,uci_sms,train
Do you mind if I ask what happened? You dont have to say if it is uncomfortable.,0,en,sms,uci,,uci_sms,train
PRIVATE! Your 2003 Account Statement for shows 800 un-redeemed S. I. M. points. Call 08715203694 Identifier Code: 40533 Expires 31/10/04,1,en,sms,uci,,uci_sms,train
No prob. I will send to your email.,0,en,sms,uci,,uci_sms,train
"You have won ?1,000 cash or a ?2,000 prize! To claim, call09050000327. T&C: RSTM, SW7 3SS. 150ppm",1,en,sms,uci,,uci_sms,train
Thats cool! Sometimes slow and gentle. Sonetimes rough and hard :),0,en,sms,uci,,uci_sms,train
I'm gonna say no. Sorry. I would but as normal am starting to panic about time. Sorry again! Are you seeing on Tuesday?,0,en,sms,uci,,uci_sms,train
"Wait, do you know if wesleys in town? I bet she does hella drugs!",0,en,sms,uci,,uci_sms,train
Fine i miss you very much.,0,en,sms,uci,,uci_sms,train
Did u got that persons story,0,en,sms,uci,,uci_sms,train
Tell them the drug dealer's getting impatient,0,en,sms,uci,,uci_sms,test
"Sun cant come to earth but send luv as rays. cloud cant come to river but send luv as rain. I cant come to meet U, but can send my care as msg to U. Gud evng",0,en,sms,uci,,uci_sms,train
You will be in the place of that man,0,en,sms,uci,,uci_sms,train
"It doesnt make sense to take it there unless its free. If you need to know more, wikipedia.com",0,en,sms,uci,,uci_sms,train
88800 and 89034 are premium phone services call 08718711108,1,en,sms,uci,,uci_sms,train
"Under the sea, there lays a rock. In the rock, there is an envelope. In the envelope, there is a paper. On the paper, there are 3 words... '",0,en,sms,uci,,uci_sms,train
Then mum's repent how?,0,en,sms,uci,,uci_sms,train
Sorry me going home first... Daddy come fetch ü later...,0,en,sms,uci,,uci_sms,train
Leave it de:-). Start Prepare for next:-)..,0,en,sms,uci,,uci_sms,train
Yes baby! We can study all the positions of the kama sutra ;),0,en,sms,uci,,uci_sms,train
En chikku nange bakra msg kalstiya..then had tea/coffee?,0,en,sms,uci,,uci_sms,train
Carlos'll be here in a minute if you still need to buy,0,en,sms,uci,,uci_sms,train
This pay is  &lt;DECIMAL&gt;  lakhs:),0,en,sms,uci,,uci_sms,test
Have a good evening! Ttyl,0,en,sms,uci,,uci_sms,train
Did u receive my msg?,0,en,sms,uci,,uci_sms,train
Ho ho - big belly laugh! See ya tomo,0,en,sms,uci,,uci_sms,train
"SMS. ac sun0819 posts HELLO:""You seem cool, wanted to say hi. HI!!!"" Stop? Send STOP to 62468",1,en,sms,uci,,uci_sms,train
Get ur 1st RINGTONE FREE NOW! Reply to this msg with TONE. Gr8 TOP 20 tones to your phone every week just £1.50 per wk 2 opt out send STOP 08452810071 16,1,en,sms,uci,,uci_sms,train
"Ditto. And you won't have to worry about me saying ANYTHING to you anymore. Like i said last night, you do whatever you want and i'll do the same. Peace.",0,en,sms,uci,,uci_sms,test
"I've got  &lt;#&gt; , any way I could pick up?",0,en,sms,uci,,uci_sms,train
"I dont knw pa, i just drink milk..",0,en,sms,uci,,uci_sms,train
Maybe?! Say hi to  and find out if  got his card. Great escape or wetherspoons? ,0,en,sms,uci,,uci_sms,train
"Piggy, r u awake? I bet u're still sleeping. I'm going 4 lunch now...",0,en,sms,uci,,uci_sms,test
Cause I'm not freaky lol,0,en,sms,uci,,uci_sms,train
Missed your call cause I was yelling at scrappy. Miss u. Can't wait for u to come home. I'm so lonely today.,0,en,sms,uci,,uci_sms,train
What is this 'hex' place you talk of? Explain!,0,en,sms,uci,,uci_sms,train
Ü log off 4 wat. It's sdryb8i,0,en,sms,uci,,uci_sms,train
Is xy going 4 e lunch?,0,en,sms,uci,,uci_sms,test
Hi I'm sue. I am 20 years old and work as a lapdancer. I love sex. Text me live - I'm i my bedroom now. text SUE to 89555. By TextOperator G2 1DA 150ppmsg 18+,1,en,sms,uci,,uci_sms,train
I wanted to ask ü to wait 4 me to finish lect. Cos my lect finishes in an hour anyway.,0,en,sms,uci,,uci_sms,train
Have you finished work yet? :),0,en,sms,uci,,uci_sms,train
"Every King Was Once A Crying Baby And Every Great Building Was Once A Map.. Not Imprtant Where U r TODAY, BUT Where U Wil Reach TOMORW. Gud ni8",0,en,sms,uci,,uci_sms,test
"Dear,Me at cherthala.in case u r coming cochin pls call bfore u start.i shall also reach accordingly.or tell me which day u r coming.tmorow i am engaged ans its holiday.",0,en,sms,uci,,uci_sms,train
Thanks love. But am i doing torch or bold.,0,en,sms,uci,,uci_sms,train
<Forwarded from 448712404000>Please CALL 08712404000 immediately as there is an urgent message waiting for you.,1,en,sms,uci,,uci_sms,train
Was the farm open?,0,en,sms,uci,,uci_sms,train
"Sorry to trouble u again. Can buy 4d for my dad again? 1405, 1680, 1843. All 2 big 1 small, sat n sun. Thanx.",0,en,sms,uci,,uci_sms,train
"My sister in law, hope you are having a great month. Just saying hey. Abiola",0,en,sms,uci,,uci_sms,train
Will purchase d stuff today and mail to you. Do you have a po box number?,0,en,sms,uci,,uci_sms,test
Ah poop. Looks like ill prob have to send in my laptop to get fixed cuz it has a gpu problem,0,en,sms,uci,,uci_sms,test
Good. Good job. I like entrepreneurs,0,en,sms,uci,,uci_sms,test
"Aight, you close by or still down around alex's place?",0,en,sms,uci,,uci_sms,train
meet you in corporation st outside gap … you can see how my mind is working!,0,en,sms,uci,,uci_sms,train
Mum ask ü to buy food home...,0,en,sms,uci,,uci_sms,test
K..u also dont msg or reply to his msg..,0,en,sms,uci,,uci_sms,train
How much r ü willing to pay?,0,en,sms,uci,,uci_sms,train
"Sorry, I'll call later",0,en,sms,uci,,uci_sms,test
What is important is that you prevent dehydration by giving her enough fluids,0,en,sms,uci,,uci_sms,train
"Thats a bit weird, even ?- where is the do supposed to be happening? But good idea, sure they will be in pub!",0,en,sms,uci,,uci_sms,train
True dear..i sat to pray evening and felt so.so i sms'd you in some time...,0,en,sms,uci,,uci_sms,train
"I don't think I can get away for a trek that long with family in town, sorry",0,en,sms,uci,,uci_sms,train
So when do you wanna gym harri,0,en,sms,uci,,uci_sms,test
Quite late lar... Ard 12 anyway i wun b drivin...,0,en,sms,uci,,uci_sms,train
"To review and KEEP the fantastic Nokia N-Gage game deck with Club Nokia, go 2 www.cnupdates.com/newsletter. unsubscribe from alerts reply with the word OUT",1,en,sms,uci,,uci_sms,train
4mths half price Orange line rental & latest camera phones 4 FREE. Had your phone 11mths+? Call MobilesDirect free on 08000938767 to update now! or2stoptxt T&Cs,1,en,sms,uci,,uci_sms,train
"Height of Confidence: All the Aeronautics professors wer calld &amp; they wer askd 2 sit in an aeroplane. Aftr they sat they wer told dat the plane ws made by their students. Dey all hurried out of d plane.. Bt only 1 didnt move... He said:""if it is made by my students,this wont even start........ Datz confidence..",0,en,sms,uci,,uci_sms,train
It just seems like weird timing that the night that all you and g want is for me to come smoke is the same day as when a shitstorm is attributed to me always coming over and making everyone smoke,0,en,sms,uci,,uci_sms,train
08714712388 between 10am-7pm Cost 10p,1,en,sms,uci,,uci_sms,train
"Save yourself the stress. If the person has a dorm account, just send your account details and the money will be sent to you.",0,en,sms,uci,,uci_sms,train
He also knows about lunch menu only da. . I know,0,en,sms,uci,,uci_sms,train
When i have stuff to sell i.ll tell you,0,en,sms,uci,,uci_sms,train
+449071512431 URGENT! This is the 2nd attempt to contact U!U have WON £1250 CALL 09071512433 b4 050703 T&CsBCM4235WC1N3XX. callcost 150ppm mobilesvary. max£7. 50,1,en,sms,uci,,uci_sms,train
Book which lesson? then you msg me... I will call up after work or sth... I'm going to get specs. My membership is PX3748,0,en,sms,uci,,uci_sms,train
You have WON a guaranteed £1000 cash or a £2000 prize. To claim yr prize call our customer service representative on 08714712394 between 10am-7pm,1,en,sms,uci,,uci_sms,train
Macha dont feel upset.i can assume your mindset.believe me one evening with me and i have some wonderful plans for both of us.LET LIFE BEGIN AGAIN.call me anytime,0,en,sms,uci,,uci_sms,train
Oh is it? Send me the address,0,en,sms,uci,,uci_sms,train
S'fine. Anytime. All the best with it.,0,en,sms,uci,,uci_sms,train
That is wondar full flim.,0,en,sms,uci,,uci_sms,train
Ya even those cookies have jelly on them,0,en,sms,uci,,uci_sms,train
"The world is running and i am still.maybe all are feeling the same,so be it.or i have to admit,i am mad.then where is the correction?or let me call this is life.and keep running with the world,may be u r also running.lets run.",0,en,sms,uci,,uci_sms,train
Got it! It looks scrumptious... daddy wants to eat you all night long!,0,en,sms,uci,,uci_sms,train
Of cos can lar i'm not so ba dao ok... 1 pm lor... Y u never ask where we go ah... I said u would ask on fri but he said u will ask today...,0,en,sms,uci,,uci_sms,train
"Alright omw, gotta change my order to a half8th",0,en,sms,uci,,uci_sms,train
Exactly. Anyways how far. Is jide her to study or just visiting,0,en,sms,uci,,uci_sms,test
Dunno y u ask me.,0,en,sms,uci,,uci_sms,train
Email AlertFrom: Jeri StewartSize: 2KBSubject: Low-cost prescripiton drvgsTo listen to email call 123,1,en,sms,uci,,uci_sms,train
No he didn't. Spring is coming early yay!,0,en,sms,uci,,uci_sms,train
Lol you won't feel bad when I use her money to take you out to a steak dinner =D,0,en,sms,uci,,uci_sms,test
Even u dont get in trouble while convincing..just tel him once or twice and just tel neglect his msgs dont c and read it..just dont reply,0,en,sms,uci,,uci_sms,test
Leaving to qatar tonite in search of an opportunity.all went fast.pls add me in ur prayers dear.Rakhesh,0,en,sms,uci,,uci_sms,test
Then why no one talking to me,0,en,sms,uci,,uci_sms,train
Thanks for looking out for me. I really appreciate.,0,en,sms,uci,,uci_sms,train
Hi. Customer Loyalty Offer:The NEW Nokia6650 Mobile from ONLY £10 at TXTAUCTION! Txt word: START to No: 81151 & get yours Now! 4T&Ctxt TC 150p/MTmsg,1,en,sms,uci,,uci_sms,train
Wish i were with you now!,0,en,sms,uci,,uci_sms,train
Haha mayb u're rite... U know me well. Da feeling of being liked by someone is gd lor. U faster go find one then all gals in our group attached liao.,0,en,sms,uci,,uci_sms,train
Yes i will be there. Glad you made it.,0,en,sms,uci,,uci_sms,train
Do well :)all will for little time. Thing of good times ahead:,0,en,sms,uci,,uci_sms,train
Just got up. have to be out of the room very soon. …. i hadn't put the clocks back til at 8 i shouted at everyone to get up and then realised it was 7. wahay. another hour in bed.,0,en,sms,uci,,uci_sms,train
Ok. There may be a free gym about.,0,en,sms,uci,,uci_sms,train
Men like shorter ladies. Gaze up into his eyes.,0,en,sms,uci,,uci_sms,train
Dunno he jus say go lido. Same time 930.,0,en,sms,uci,,uci_sms,train
"I promise to take good care of you, princess. I have to run now. Please send pics when you get a chance. Ttyl!",0,en,sms,uci,,uci_sms,train
U are subscribed to the best Mobile Content Service in the UK for £3 per 10 days until you send STOP to 82324. Helpline 08706091795,1,en,sms,uci,,uci_sms,train
Is there a reason we've not spoken this year? Anyways have a great week and all the best in your exam,0,en,sms,uci,,uci_sms,train
By monday next week. Give me the full gist,0,en,sms,uci,,uci_sms,train
"Do you realize that in about 40 years, we'll have thousands of old ladies running around with tattoos?",1,en,sms,uci,,uci_sms,train
You have an important customer service announcement from PREMIER.,1,en,sms,uci,,uci_sms,test
Dont gimme that lip caveboy,0,en,sms,uci,,uci_sms,train
When did you get to the library,0,en,sms,uci,,uci_sms,train
Realy sorry-i don't recognise this number and am now confused :) who r u please?! ,0,en,sms,uci,,uci_sms,train
So why didnt you holla?,0,en,sms,uci,,uci_sms,train
Cant think of anyone with * spare room off * top of my head,0,en,sms,uci,,uci_sms,train
"Faith makes things possible,Hope makes things work,Love makes things beautiful,May you have all three this Christmas!Merry Christmas!",0,en,sms,uci,,uci_sms,train
U should have made an appointment,0,en,sms,uci,,uci_sms,train
"Call me when you/carlos is/are here, my phone's vibrate is acting up and I might not hear texts",0,en,sms,uci,,uci_sms,train
"Romantic Paris. 2 nights, 2 flights from £79 Book now 4 next year. Call 08704439680Ts&Cs apply.",1,en,sms,uci,,uci_sms,test
"We are at grandmas. Oh dear, u still ill? I felt Shit this morning but i think i am just hungover! Another night then. We leave on sat.",0,en,sms,uci,,uci_sms,train
Urgent Ur £500 guaranteed award is still unclaimed! Call 09066368327 NOW closingdate04/09/02 claimcode M39M51 £1.50pmmorefrommobile2Bremoved-MobyPOBox734LS27YF,1,en,sms,uci,,uci_sms,train
Nothing but we jus tot u would ask cos u ba gua... But we went mt faber yest... Yest jus went out already mah so today not going out... Jus call lor...,0,en,sms,uci,,uci_sms,train
"Wishing you and your family Merry ""X"" mas and HAPPY NEW Year in advance..",0,en,sms,uci,,uci_sms,train
UR awarded a City Break and could WIN a £200 Summer Shopping spree every WK. Txt STORE to 88039 . SkilGme. TsCs087147403231Winawk!Age16 £1.50perWKsub,1,en,sms,uci,,uci_sms,train
"I'm nt goin, got somethin on, unless they meetin 4 dinner lor... Haha, i wonder who will go tis time...",0,en,sms,uci,,uci_sms,train
"Sorry, I'll call later",0,en,sms,uci,,uci_sms,train
I cant pick the phone right now. Pls send a message,0,en,sms,uci,,uci_sms,test
Lol I know! They're so dramatic. Schools already closed for tomorrow. Apparently we can't drive in the inch of snow were supposed to get.,0,en,sms,uci,,uci_sms,train
Not getting anywhere with this damn job hunting over here!,0,en,sms,uci,,uci_sms,train
Lol! U drunkard! Just doing my hair at d moment. Yeah still up 4 tonight. Wats the plan? ,0,en,sms,uci,,uci_sms,test
"idc get over here, you are not weaseling your way out of this shit twice in a row",0,en,sms,uci,,uci_sms,train
I wil be there with in  &lt;#&gt;  minutes. Got any space,0,en,sms,uci,,uci_sms,train
Just sleeping..and surfing,0,en,sms,uci,,uci_sms,train
Thanks for picking up the trash.,0,en,sms,uci,,uci_sms,train
Why don't you go tell your friend you're not sure you want to live with him because he smokes too much then spend hours begging him to come smoke,0,en,sms,uci,,uci_sms,test
"""Hi its Kate it was lovely to see you tonight and ill phone you tomorrow. I got to sing and a guy gave me his card! xxx""",0,en,sms,uci,,uci_sms,train
Happy New year my dear brother. I really do miss you. Just got your number and decided to send you this text wishing you only happiness. Abiola,0,en,sms,uci,,uci_sms,train
That means get the door,0,en,sms,uci,,uci_sms,train
Your opinion about me? 1. Over 2. Jada 3. Kusruthi 4. Lovable 5. Silent 6. Spl character 7. Not matured 8. Stylish 9. Simple Pls reply..,0,en,sms,uci,,uci_sms,train
"Hmmm ... I thought we said 2 hours slave, not 3 ... You are late ... How should I punish you ?",0,en,sms,uci,,uci_sms,test
Beerage?,0,en,sms,uci,,uci_sms,train
You have an important customer service announcement from PREMIER. Call FREEPHONE 0800 542 0578 now!,1,en,sms,uci,,uci_sms,train
Dont think so. It turns off like randomlly within 5min of opening,0,en,sms,uci,,uci_sms,train
"She was supposed to be but couldn't make it, she's still in town though",0,en,sms,uci,,uci_sms,test
It does it on its own. Most of the time it fixes my spelling. But sometimes it gets a completely diff word. Go figure,0,en,sms,uci,,uci_sms,test
Ever thought about living a good life with a perfect partner? Just txt back NAME and AGE to join the mobile community. (100p/SMS),1,en,sms,uci,,uci_sms,train
"5 Free Top Polyphonic Tones call 087018728737, National Rate. Get a toppoly tune sent every week, just text SUBPOLY to 81618, £3 per pole. UnSub 08718727870.",1,en,sms,uci,,uci_sms,train
Gud mrng dear hav a nice day,0,en,sms,uci,,uci_sms,train
This is hoping you enjoyed your game yesterday. Sorry i've not been in touch but pls know that you are fondly bein thot off. Have a great week. Abiola,0,en,sms,uci,,uci_sms,train
All e best 4 ur driving tmr :-),0,en,sms,uci,,uci_sms,test
Y?WHERE U AT DOGBREATH? ITS JUST SOUNDING LIKE JAN C THATS AL!!!!!!!!!,0,en,sms,uci,,uci_sms,train
Omg I want to scream. I weighed myself and I lost more weight! Woohoo!,0,en,sms,uci,,uci_sms,train
There generally isn't one. It's an uncountable noun - u in the dictionary. pieces of research?,0,en,sms,uci,,uci_sms,train
it's really getting me down just hanging around.,0,en,sms,uci,,uci_sms,train
"Orange customer, you may now claim your FREE CAMERA PHONE upgrade for your loyalty. Call now on 0207 153 9996. Offer ends 14thMarch. T&C's apply. Opt-out availa",1,en,sms,uci,,uci_sms,train
"""Petey boy whereare you me and all your friendsare in theKingshead come down if you canlove Nic""",0,en,sms,uci,,uci_sms,train
Ok i msg u b4 i leave my house.,0,en,sms,uci,,uci_sms,train
"""Gimme a few"" was  &lt;#&gt;  minutes ago",0,en,sms,uci,,uci_sms,train
"Last Chance! Claim ur £150 worth of discount vouchers today! Text SHOP to 85023 now! SavaMob, offers mobile! T Cs SavaMob POBOX84, M263UZ. £3.00 Sub. 16",1,en,sms,uci,,uci_sms,test
Appt is at &lt;TIME&gt; am. Not my fault u don't listen. I told u twice,0,en,sms,uci,,uci_sms,test
FREE for 1st week! No1 Nokia tone 4 ur mobile every week just txt NOKIA to 8077 Get txting and tell ur mates. www.getzed.co.uk POBox 36504 W45WQ 16+ norm150p/tone,1,en,sms,uci,,uci_sms,train
You have won a guaranteed £200 award or even £1000 cashto claim UR award call free on 08000407165 (18+) 2 stop getstop on 88222 PHP. RG21 4JX,1,en,sms,uci,,uci_sms,train
K I'll be there before 4.,0,en,sms,uci,,uci_sms,test
I dled 3d its very imp,0,en,sms,uci,,uci_sms,train
"sure, but make sure he knows we ain't smokin yet",0,en,sms,uci,,uci_sms,test
Boooo you always work. Just quit.,0,en,sms,uci,,uci_sms,train
I am taking half day leave bec i am not well,0,en,sms,uci,,uci_sms,train
Ugh I don't wanna get out of bed. It's so warm.,0,en,sms,uci,,uci_sms,test
S:)s.nervous  &lt;#&gt; :),0,en,sms,uci,,uci_sms,train
So there's a ring that comes with the guys costumes. It's there so they can gift their future yowifes. Hint hint,0,en,sms,uci,,uci_sms,train
Congratulations ur awarded either £500 of CD gift vouchers & Free entry 2 our £100 weekly draw txt MUSIC to 87066 TnCs www.Ldew.com1win150ppmx3age16,1,en,sms,uci,,uci_sms,train
I borrow ur bag ok.,0,en,sms,uci,,uci_sms,test
"U were outbid by simonwatson5120 on the Shinco DVD Plyr. 2 bid again, visit sms. ac/smsrewards 2 end bid notifications, reply END OUT",1,en,sms,uci,,uci_sms,train
Where's my boytoy? I miss you ... What happened?,0,en,sms,uci,,uci_sms,test
"He has lots of used ones babe, but the model doesn't help. Youi have to bring it over and he'll match it up",0,en,sms,uci,,uci_sms,train
Also are you bringing galileo or dobby,0,en,sms,uci,,uci_sms,test
Then why you not responding,0,en,sms,uci,,uci_sms,train
"""BOO BABE! U ENJOYIN YOURJOB? U SEEMED 2 B GETTIN ON WELL HUNNY!HOPE URE OK?TAKE CARE & ILLSPEAK 2U SOONLOTS OF LOVEME XXXX.""",0,en,sms,uci,,uci_sms,train
Good afternoon starshine! How's my boytoy? Does he crave me yet? Ache to fuck me ? *sips cappuccino* I miss you babe *teasing kiss*,0,en,sms,uci,,uci_sms,train
On the road so cant txt,0,en,sms,uci,,uci_sms,train
"SMSSERVICES. for yourinclusive text credits, pls goto www.comuk.net login= 3qxj9 unsubscribe with STOP, no extra charge. help 08702840625.COMUK. 220-CM2 9AE",1,en,sms,uci,,uci_sms,train
25p 4 alfie Moon's Children in need song on ur mob. Tell ur m8s. Txt Tone charity to 8007 for Nokias or Poly charity for polys: zed 08701417012 profit 2 charity.,1,en,sms,uci,,uci_sms,train
Have a good evening! Ttyl,0,en,sms,uci,,uci_sms,test
Hmm .. Bits and pieces lol ... *sighs* ...,0,en,sms,uci,,uci_sms,train
Hahaha..use your brain dear,0,en,sms,uci,,uci_sms,train
Hey. You got any mail?,0,en,sms,uci,,uci_sms,train
"Sorry light turned green, I meant another friend wanted  &lt;#&gt;  worth but he may not be around",0,en,sms,uci,,uci_sms,train
Thanks for yesterday sir. You have been wonderful. Hope you enjoyed the burial. MojiBiola,0,en,sms,uci,,uci_sms,train
U have a secret admirer. REVEAL who thinks U R So special. Call 09065174042. To opt out Reply REVEAL STOP. 1.50 per msg recd. Cust care 07821230901,1,en,sms,uci,,uci_sms,train
Hi mate its RV did u hav a nice hol just a message 3 say hello coz havent sent u 1 in ages started driving so stay off roads!RVx,0,en,sms,uci,,uci_sms,train
"Dear Voucher Holder, To claim this weeks offer, at you PC please go to http://www.e-tlp.co.uk/expressoffer Ts&Cs apply. To stop texts, txt STOP to 80062",1,en,sms,uci,,uci_sms,train
"Thank you so much. When we skyped wit kz and sura, we didnt get the pleasure of your company. Hope you are good. We've given you ultimatum oh! We are countin down to aburo. Enjoy! This is the message i sent days ago",0,en,sms,uci,,uci_sms,train
Surely result will offer:),0,en,sms,uci,,uci_sms,train
Good Morning my Dear........... Have a great &amp; successful day.,0,en,sms,uci,,uci_sms,train
Do you want 750 anytime any network mins 150 text and a NEW VIDEO phone for only five pounds per week call 08002888812 or reply for delivery tomorrow,1,en,sms,uci,,uci_sms,train
"Sir, I have been late in paying rent for the past few months and had to pay a $ &lt;#&gt;  charge. I felt it would be inconsiderate of me to nag about something you give at great cost to yourself and that's why i didnt speak up. I however am in a recession and wont be able to pay the charge this month hence my askin well ahead of month's end. Can you please help. Thanks",0,en,sms,uci,,uci_sms,train
We tried to contact you re our offer of New Video Phone 750 anytime any network mins HALF PRICE Rental camcorder call 08000930705 or reply for delivery Wed,1,en,sms,uci,,uci_sms,train
Last chance 2 claim ur £150 worth of discount vouchers-Text YES to 85023 now!SavaMob-member offers mobile T Cs 08717898035. £3.00 Sub. 16 . Remove txt X or STOP,1,en,sms,uci,,uci_sms,test
I luv u soo much u dont understand how special u r 2 me ring u 2morrow luv u xxx,0,en,sms,uci,,uci_sms,train
"Pls send me a comprehensive mail about who i'm paying, when and how much.",0,en,sms,uci,,uci_sms,train
Our Prashanthettan's mother passed away last night. pray for her and family.,0,en,sms,uci,,uci_sms,train
"Urgent! call 09066350750 from your landline. Your complimentary 4* Ibiza Holiday or 10,000 cash await collection SAE T&Cs PO BOX 434 SK3 8WP 150 ppm 18+ ",1,en,sms,uci,,uci_sms,train
K.k:)when are you going?,0,en,sms,uci,,uci_sms,train
Meanwhile in the shit suite: xavier decided to give us  &lt;#&gt;  seconds of warning that samantha was coming over and is playing jay's guitar to impress her or some shit. Also I don't think doug realizes I don't live here anymore,0,en,sms,uci,,uci_sms,train
My stomach has been thru so much trauma I swear I just can't eat. I better lose weight.,0,en,sms,uci,,uci_sms,train
I am in office:)whats the matter..msg me now.i will call you at break:).,0,en,sms,uci,,uci_sms,train
"Yeah there's barely enough room for the two of us, x has too many fucking shoes. Sorry man, see you later",0,en,sms,uci,,uci_sms,train
"Today's Offer! Claim ur £150 worth of discount vouchers! Text YES to 85023 now! SavaMob, member offers mobile! T Cs 08717898035. £3.00 Sub. 16 . Unsub reply X",1,en,sms,uci,,uci_sms,train
U reach orchard already? U wan 2 go buy tickets first?,0,en,sms,uci,,uci_sms,train
"I am real, baby! I want to bring out your inner tigress...",0,en,sms,uci,,uci_sms,train
No da if you run that it activate the full version da.,0,en,sms,uci,,uci_sms,train
"""AH POOR BABY!HOPE URFEELING BETTERSN LUV! PROBTHAT OVERDOSE OF WORK HEY GO CAREFUL SPK 2 U SN LOTS OF LOVEJEN XXX.""",0,en,sms,uci,,uci_sms,train
Stop the story. I've told him i've returned it and he's saying i should not re order it.,0,en,sms,uci,,uci_sms,test
Talk sexy!! Make new friends or fall in love in the worlds most discreet text dating service. Just text VIP to 83110 and see who you could meet.,1,en,sms,uci,,uci_sms,train
Going to take your babe out ?,0,en,sms,uci,,uci_sms,test
Hai ana tomarrow am coming on morning.  &lt;DECIMAL&gt;  ill be there in sathy then we ll go to RTO office. Reply me after came to home.,0,en,sms,uci,,uci_sms,test
Spoons it is then okay?,0,en,sms,uci,,uci_sms,train
Did he just say somebody is named tampa,0,en,sms,uci,,uci_sms,train
In work now. Going have in few min.,0,en,sms,uci,,uci_sms,train
Your brother is a genius,0,en,sms,uci,,uci_sms,train
"Sorry, I guess whenever I can get a hold of my connections, maybe an hour or two? I'll text you",0,en,sms,uci,,uci_sms,train
Did u find out what time the bus is at coz i need to sort some stuff out.,0,en,sms,uci,,uci_sms,test
Dude ive been seeing a lotta corvettes lately,0,en,sms,uci,,uci_sms,train
Congratulations ur awarded either a yrs supply of CDs from Virgin Records or a Mystery Gift GUARANTEED Call 09061104283 Ts&Cs www.smsco.net £1.50pm approx 3mins,1,en,sms,uci,,uci_sms,test
"Same here, but I consider walls and bunkers and shit important just because I never play on peaceful but I guess your place is high enough that it don't matter",0,en,sms,uci,,uci_sms,test
PRIVATE! Your 2003 Account Statement for 07808 XXXXXX shows 800 un-redeemed S. I. M. points. Call 08719899217 Identifier Code: 41685 Expires 07/11/04,1,en,sms,uci,,uci_sms,train
Hello. We need some posh birds and chaps to user trial prods for champneys. Can i put you down? I need your address and dob asap. Ta r,1,en,sms,uci,,uci_sms,train
What do U want for Xmas? How about 100 free text messages & a new video phone with half price line rental? Call free now on 0800 0721072 to find out more!,1,en,sms,uci,,uci_sms,test
"Well am officially in a philosophical hole, so if u wanna call am at home ready to be saved!",0,en,sms,uci,,uci_sms,train
Its going good...no problem..but still need little experience to understand american customer voice...,0,en,sms,uci,,uci_sms,train
I'll text you when I drop x off,0,en,sms,uci,,uci_sms,test
Ugh its been a long day. I'm exhausted. Just want to cuddle up and take a nap,0,en,sms,uci,,uci_sms,train
Talk With Yourself Atleast Once In A Day...!!! Otherwise You Will Miss Your Best FRIEND In This WORLD...!!! -Shakespeare- SHESIL  &lt;#&gt;,0,en,sms,uci,,uci_sms,train
"Shop till u Drop, IS IT YOU, either 10K, 5K, £500 Cash or £100 Travel voucher, Call now, 09064011000. NTT PO Box CR01327BT fixedline Cost 150ppm mobile vary",1,en,sms,uci,,uci_sms,train
Are you in castor? You need to see something,0,en,sms,uci,,uci_sms,train
Sunshine Quiz Wkly Q! Win a top Sony DVD player if u know which country Liverpool played in mid week? Txt ansr to 82277. £1.50 SP:Tyrone,1,en,sms,uci,,uci_sms,train
U have a secret admirer who is looking 2 make contact with U-find out who they R*reveal who thinks UR so special-call on 09058094565,1,en,sms,uci,,uci_sms,test
U have a Secret Admirer who is looking 2 make contact with U-find out who they R*reveal who thinks UR so special-call on 09065171142-stopsms-08,1,en,sms,uci,,uci_sms,test
Reminder: You have not downloaded the content you have already paid for. Goto http://doit. mymoby. tv/ to collect your content.,1,en,sms,uci,,uci_sms,train
"see, i knew giving you a break a few times woul lead to you always wanting to miss curfew. I was gonna gibe you 'til one, but a MIDNIGHT movie is not gonna get out til after 2. You need to come home. You need to getsleep and, if anything, you need to b studdying ear training.",0,en,sms,uci,,uci_sms,train
I love to give massages. I use lots of baby oil... What is your fave position?,0,en,sms,uci,,uci_sms,train
Dude we should go sup again,0,en,sms,uci,,uci_sms,train
Yoyyooo u know how to change permissions for a drive in mac. My usb flash drive,0,en,sms,uci,,uci_sms,train
Gibbs unsold.mike hussey,0,en,sms,uci,,uci_sms,test
I like to talk pa but am not able to. I dont know y.,0,en,sms,uci,,uci_sms,train
Y dun cut too short leh. U dun like ah? She failed. She's quite sad.,0,en,sms,uci,,uci_sms,train
You unbelievable faglord,0,en,sms,uci,,uci_sms,test
Wife.how she knew the time of murder exactly,0,en,sms,uci,,uci_sms,train
Why do you ask princess?,0,en,sms,uci,,uci_sms,train
I am great princess! What are you thinking about me? :),0,en,sms,uci,,uci_sms,train
Nutter. Cutter. Ctter. Cttergg. Cttargg. Ctargg. Ctagg. ie you,0,en,sms,uci,,uci_sms,train
It's ok i noe u're busy but i'm really too bored so i msg u. I oso dunno wat colour she choose 4 me one.,0,en,sms,uci,,uci_sms,train
Doesn't g have class early tomorrow and thus shouldn't be trying to smoke at  &lt;#&gt;,0,en,sms,uci,,uci_sms,train
"Superb Thought- ""Be grateful that u dont have everything u want. That means u still have an opportunity to be happier tomorrow than u are today."":-)",0,en,sms,uci,,uci_sms,test
Hope you are having a good week. Just checking in,0,en,sms,uci,,uci_sms,train
"I'm used to it. I just hope my agents don't drop me since i've only booked a few things this year. This whole me in boston, them in nyc was an experiment.",0,en,sms,uci,,uci_sms,train
"Thursday night? Yeah, sure thing, we'll work it out then",0,en,sms,uci,,uci_sms,train
"Your free ringtone is waiting to be collected. Simply text the password ""MIX"" to 85069 to verify. Get Usher and Britney. FML, PO Box 5249, MK17 92H. 450Ppw 16",1,en,sms,uci,,uci_sms,train
Probably money worries. Things are coming due and i have several outstanding invoices for work i did two and three months ago.,0,en,sms,uci,,uci_sms,train
How is it possible to teach you. And where.,0,en,sms,uci,,uci_sms,train
"I wonder if your phone battery went dead ? I had to tell you, I love you babe",0,en,sms,uci,,uci_sms,train
Lovely smell on this bus and it ain't tobacco... ,0,en,sms,uci,,uci_sms,train
"We're all getting worried over here, derek and taylor have already assumed the worst",0,en,sms,uci,,uci_sms,train
Hey what's up charles sorry about the late reply.,0,en,sms,uci,,uci_sms,train
"all the lastest from Stereophonics, Marley, Dizzee Racal, Libertines and The Strokes! Win Nookii games with Flirt!! Click TheMob WAP Bookmark or text WAP to 82468",1,en,sms,uci,,uci_sms,train
I.ll give her once i have it. Plus she said grinule greet you whenever we speak,0,en,sms,uci,,uci_sms,test
WHITE FUDGE OREOS ARE IN STORES,0,en,sms,uci,,uci_sms,test
"January Male Sale! Hot Gay chat now cheaper, call 08709222922. National rate from 1.5p/min cheap to 7.8p/min peak! To stop texts call 08712460324 (10p/min)",1,en,sms,uci,,uci_sms,train
My love ! How come it took you so long to leave for Zaher's? I got your words on ym and was happy to see them but was sad you had left. I miss you,0,en,sms,uci,,uci_sms,train
I am sorry it hurt you.,0,en,sms,uci,,uci_sms,train
Can't. I feel nauseous. I'm so pissed. I didn't eat any sweets all week cause today I was planning to pig out. I was dieting all week. And now I'm not hungry :/,0,en,sms,uci,,uci_sms,train
Ok lor but not too early. Me still having project meeting now.,0,en,sms,uci,,uci_sms,train
"Call me da, i am waiting for your call.",0,en,sms,uci,,uci_sms,train
I could ask carlos if we could get more if anybody else can chip in,0,en,sms,uci,,uci_sms,train
Was actually about to send you a reminder today. Have a wonderful weekend,0,en,sms,uci,,uci_sms,train
"When people see my msgs, They think Iam addicted to msging... They are wrong, Bcoz They don\'t know that Iam addicted to my sweet Friends..!! BSLVYL",0,en,sms,uci,,uci_sms,test
Hey you gave them your photo when you registered for driving ah? Tmr wanna meet at yck? ,0,en,sms,uci,,uci_sms,train
Dont talk to him ever ok its my word.,0,en,sms,uci,,uci_sms,train
When u wana see it then,0,en,sms,uci,,uci_sms,train
On ma way to school. Can you pls send me ashley's number,0,en,sms,uci,,uci_sms,train
It shall be fine. I have avalarr now. Will hollalater,0,en,sms,uci,,uci_sms,test
She went to attend another two rounds today..but still did't reach home..,0,en,sms,uci,,uci_sms,test
Actually i deleted my old website..now i m blogging at magicalsongs.blogspot.com,0,en,sms,uci,,uci_sms,train
"K, wait chikku..il send aftr  &lt;#&gt; mins",0,en,sms,uci,,uci_sms,train
But I'm on a diet. And I ate 1 too many slices of pizza yesterday. Ugh I'm ALWAYS on a diet.,0,en,sms,uci,,uci_sms,train
K:)i will give my kvb acc details:),0,en,sms,uci,,uci_sms,train
Oh all have to come ah?,0,en,sms,uci,,uci_sms,train
money!!! you r a lucky winner ! 2 claim your prize text money 2 88600 over £1million to give away ! ppt150x3+normal text rate box403 w1t1jy,1,en,sms,uci,,uci_sms,test
I'm really sorry i won't b able 2 do this friday.hope u can find an alternative.hope yr term's going ok:-),0,en,sms,uci,,uci_sms,test
Congratulations ore mo owo re wa. Enjoy it and i wish you many happy moments to and fro wherever you go,0,en,sms,uci,,uci_sms,test
So do you have samus shoulders yet,0,en,sms,uci,,uci_sms,train
What time you think you'll have it? Need to know when I should be near campus,0,en,sms,uci,,uci_sms,train
"Dear Matthew please call 09063440451 from a landline, your complimentary 4*Lux Tenerife holiday or £1000 CASH await collection. ppm150 SAE T&Cs Box334 SK38XH.",1,en,sms,uci,,uci_sms,train
Then dun wear jeans lor...,0,en,sms,uci,,uci_sms,train
"Since when, which side, any fever, any vomitin.",0,en,sms,uci,,uci_sms,test
K:)k.are you in college?,0,en,sms,uci,,uci_sms,train
"Urgent! call 09061749602 from Landline. Your complimentary 4* Tenerife Holiday or £10,000 cash await collection SAE T&Cs BOX 528 HP20 1YF 150ppm 18+",1,en,sms,uci,,uci_sms,train
Better. Made up for Friday and stuffed myself like a pig yesterday. Now I feel bleh. But at least its not writhing pain kind of bleh.,0,en,sms,uci,,uci_sms,test
No we sell it all so we'll have tons if coins. Then sell our coins to someone thru paypal. Voila! Money back in life pockets:),0,en,sms,uci,,uci_sms,train
Theyre doing it to lots of places. Only hospitals and medical places are safe.,0,en,sms,uci,,uci_sms,train
How about getting in touch with folks waiting for company? Just txt back your NAME and AGE to opt in! Enjoy the community (150p/SMS),1,en,sms,uci,,uci_sms,train
And also I've sorta blown him off a couple times recently so id rather not text him out of the blue looking for weed,0,en,sms,uci,,uci_sms,train
"I sent my scores to sophas and i had to do secondary application for a few schools. I think if you are thinking of applying, do a research on cost also. Contact joke ogunrinde, her school is one me the less expensive ones",0,en,sms,uci,,uci_sms,train
I cant wait to see you! How were the photos were useful? :),0,en,sms,uci,,uci_sms,test
Ur cash-balance is currently 500 pounds - to maximize ur cash-in now send GO to 86688 only 150p/msg. CC: 08718720201 PO BOX 114/14 TCR/W1,1,en,sms,uci,,uci_sms,train
Hey i booked the kb on sat already... what other lessons are we going for ah? Keep your sat night free we need to meet and confirm our lodging ,0,en,sms,uci,,uci_sms,test
Chk in ur belovd ms dict,0,en,sms,uci,,uci_sms,train
Is that what time you want me to come?,0,en,sms,uci,,uci_sms,train
"Awesome, lemme know whenever you're around",0,en,sms,uci,,uci_sms,test
Shb b ok lor... Thanx...,0,en,sms,uci,,uci_sms,train
"Beautiful Truth against Gravity.. Read carefully: ""Our heart feels light when someone is in it.. But it feels very heavy when someone leaves it.."" GOOD NIGHT",0,en,sms,uci,,uci_sms,test
Also remember to get dobby's bowl from your car,0,en,sms,uci,,uci_sms,train
Filthy stories and GIRLS waiting for your,1,en,sms,uci,,uci_sms,train
Sorry i now then c ur msg... Yar lor so poor thing... But only 4 one night... Tmr u'll have a brand new room 2 sleep in...,0,en,sms,uci,,uci_sms,train
"Love isn't a decision, it's a feeling. If we could decide who to love, then, life would be much simpler, but then less magical",0,en,sms,uci,,uci_sms,train
Welp apparently he retired,0,en,sms,uci,,uci_sms,train
My sort code is  and acc no is . The bank is natwest. Can you reply to confirm i've sent this to the right person!,0,en,sms,uci,,uci_sms,test
Where @,0,en,sms,uci,,uci_sms,train
U sure u can't take any sick time?,0,en,sms,uci,,uci_sms,train
URGENT! We are trying to contact U. Todays draw shows that you have won a £800 prize GUARANTEED. Call 09050001808 from land line. Claim M95. Valid12hrs only,1,en,sms,uci,,uci_sms,train
"Watching cartoon, listening music &amp; at eve had to go temple &amp; church.. What about u?",0,en,sms,uci,,uci_sms,test
Yo chad which gymnastics class do you wanna take? The site says Christians class is full..,0,en,sms,uci,,uci_sms,train
Are you this much buzy,0,en,sms,uci,,uci_sms,train
Or better still can you catch her and let ask her if she can sell  &lt;#&gt;  for me.,0,en,sms,uci,,uci_sms,train
I am not sure about night menu. . . I know only about noon menu,0,en,sms,uci,,uci_sms,train
What do u want when i come back?.a beautiful necklace as a token of my heart for you.thats what i will give but ONLY to MY WIFE OF MY LIKING.BE THAT AND SEE..NO ONE can give you that.dont call me.i will wait till i come.,0,en,sms,uci,,uci_sms,train
Are you willing to go for aptitude class.,0,en,sms,uci,,uci_sms,test
"It wont b until 2.15 as trying 2 sort house out, is that ok?",0,en,sms,uci,,uci_sms,test
"Yar lor he wan 2 go c horse racing today mah, so eat earlier lor. I ate chicken rice. U?",0,en,sms,uci,,uci_sms,train
"Haha awesome, omw back now then",0,en,sms,uci,,uci_sms,train
Yup i thk so until e shop closes lor.,0,en,sms,uci,,uci_sms,train
what is your account number?,0,en,sms,uci,,uci_sms,train
Eh u send wrongly lar...,0,en,sms,uci,,uci_sms,train
Hey no I ad a crap nite was borin without ya 2 boggy with me u boring biatch! Thanx but u wait til nxt time il ave ya ,0,en,sms,uci,,uci_sms,train
Ok i shall talk to him,0,en,sms,uci,,uci_sms,train
Dont hesitate. You know this is the second time she has had weakness like that. So keep i notebook of what she eat and did the day before or if anything changed the day before so that we can be sure its nothing,0,en,sms,uci,,uci_sms,test
Hey you can pay. With salary de. Only  &lt;#&gt; .,0,en,sms,uci,,uci_sms,train
Another month. I need chocolate weed and alcohol.,0,en,sms,uci,,uci_sms,test
If he started searching he will get job in few days.he have great potential and talent.,0,en,sms,uci,,uci_sms,test
Reckon need to be in town by eightish to walk from * carpark.,0,en,sms,uci,,uci_sms,train
"Congrats! 2 mobile 3G Videophones R yours. call 09063458130 now! videochat wid your mates, play java games, Dload polyPH music, noline rentl.",1,en,sms,uci,,uci_sms,test
LOOK AT THE FUCKIN TIME. WHAT THE FUCK YOU THINK IS UP,0,en,sms,uci,,uci_sms,train
Yo guess what I just dropped,0,en,sms,uci,,uci_sms,train
Carlos says he'll be at mu in  &lt;#&gt;  minutes,0,en,sms,uci,,uci_sms,train
I'm in office now . I will call you  &lt;#&gt;  min:),0,en,sms,uci,,uci_sms,train
"Geeee ... I miss you already, you know ? Your all I can think about. Fuck, I can't wait till next year when we will be together ... *loving kiss*",0,en,sms,uci,,uci_sms,train
"Yun ah.the ubi one say if ü wan call by tomorrow.call 67441233 look for irene.ere only got bus8,22,65,61,66,382. Ubi cres,ubi tech park.6ph for 1st 5wkg days.èn",0,en,sms,uci,,uci_sms,test
Ugh. Gotta drive back to sd from la. My butt is sore.,0,en,sms,uci,,uci_sms,train
26th OF JULY,0,en,sms,uci,,uci_sms,test
Hi im having the most relaxing time ever! we have to get up at 7am every day! was the party good the other night? I get home tomorrow at 5ish.,0,en,sms,uci,,uci_sms,test
Up to ü... Ü wan come then come lor... But i din c any stripes skirt...,0,en,sms,uci,,uci_sms,train
The Xmas story is peace.. The Xmas msg is love.. The Xmas miracle is jesus.. Hav a blessed month ahead &amp; wish U Merry Xmas...,0,en,sms,uci,,uci_sms,train
"I can't, I don't have her number!",0,en,sms,uci,,uci_sms,test
Change again... It's e one next to escalator...,0,en,sms,uci,,uci_sms,train
Yetunde i'm in class can you not run water on it to make it ok. Pls now.,0,en,sms,uci,,uci_sms,test
Not a lot has happened here. Feels very quiet. Beth is at her aunts and charlie is working lots. Just me and helen in at the mo. How have you been? ,0,en,sms,uci,,uci_sms,train
Then ü wait 4 me at bus stop aft ur lect lar. If i dun c ü then i go get my car then come back n pick ü.,0,en,sms,uci,,uci_sms,train
"Aight will do, thanks again for comin out",0,en,sms,uci,,uci_sms,train
No..but heard abt tat..,0,en,sms,uci,,uci_sms,train
Please call our customer service representative on FREEPHONE 0808 145 4742 between 9am-11pm as you have WON a guaranteed £1000 cash or £5000 prize!,1,en,sms,uci,,uci_sms,train
Yes..he is really great..bhaji told kallis best cricketer after sachin in world:).very tough to get out.,0,en,sms,uci,,uci_sms,train
&lt;#&gt;  am I think? Should say on syllabus,0,en,sms,uci,,uci_sms,train
Umma. Did she say anything,0,en,sms,uci,,uci_sms,test
Give me a sec to think think about it,0,en,sms,uci,,uci_sms,train
Panasonic & BluetoothHdset FREE. Nokia FREE. Motorola FREE & DoubleMins & DoubleTxt on Orange contract. Call MobileUpd8 on 08000839402 or call 2optout,1,en,sms,uci,,uci_sms,train
I don't quite know what to do. I still can't get hold of anyone. I cud pick you up bout 7.30pm and we can see if they're in the pub?,0,en,sms,uci,,uci_sms,train
"Poyyarikatur,kolathupalayam,unjalur post,erode dis, &lt;#&gt; .",0,en,sms,uci,,uci_sms,train
"Dear Hero,i am leaving to qatar tonite for an apt opportunity.pls do keep in touch at  &lt;EMAIL&gt; ,kerala",0,en,sms,uci,,uci_sms,train
Lol I would but my mom would have a fit and tell the whole family how crazy and terrible I am,0,en,sms,uci,,uci_sms,train
"I just got home babe, are you still awake ?",0,en,sms,uci,,uci_sms,train
I dunno they close oredi not... Ü v ma fan...,0,en,sms,uci,,uci_sms,train
Just buy a pizza. Meat lovers or supreme. U get to pick.,0,en,sms,uci,,uci_sms,train
"Ya, told..she was asking wats matter?",0,en,sms,uci,,uci_sms,train
"Dear,regret i cudnt pick call.drove down frm ctla now at cochin home.left mobile in car..ente style ishtamayoo?happy bakrid!",0,en,sms,uci,,uci_sms,train
FREE for 1st week! No1 Nokia tone 4 ur mob every week just txt NOKIA to 8007 Get txting and tell ur mates www.getzed.co.uk POBox 36504 W45WQ norm150p/tone 16+,1,en,sms,uci,,uci_sms,train
Shall i send that exe to your mail id.,0,en,sms,uci,,uci_sms,train
Nope watching tv at home... Not going out. V bored...,0,en,sms,uci,,uci_sms,train
Don know..wait i will check it.,0,en,sms,uci,,uci_sms,train
"Good afternoon on this glorious anniversary day, my sweet J !! I hope this finds you happy and content, my Prey. I think of you and send a teasing kiss from across the sea coaxing images of fond souveniers ... You Cougar-Pen",0,en,sms,uci,,uci_sms,train
Guess what! Somebody you know secretly fancies you! Wanna find out who it is? Give us a call on 09065394514 From Landline DATEBox1282EssexCM61XN 150p/min 18,1,en,sms,uci,,uci_sms,train
We still on for tonight?,0,en,sms,uci,,uci_sms,train
May i call You later Pls,0,en,sms,uci,,uci_sms,train
Hasn't that been the pattern recently crap weekends?,0,en,sms,uci,,uci_sms,train
I have a sore throat. It's scratches when I talk,0,en,sms,uci,,uci_sms,train
Yes da. Any plm at ur office,0,en,sms,uci,,uci_sms,train
Are you not around or just still asleep? :V,0,en,sms,uci,,uci_sms,train
"Lol you forgot it eh ? Yes, I'll bring it in babe",0,en,sms,uci,,uci_sms,train
"Its good, we'll find a way",0,en,sms,uci,,uci_sms,test
Can not use foreign stamps in this country. Good lecture .,0,en,sms,uci,,uci_sms,train
Yup bathe liao...,0,en,sms,uci,,uci_sms,train
HAPPY NEW YEAR MY NO.1 MAN,0,en,sms,uci,,uci_sms,test
"OH MR SHEFFIELD! You wanna play THAT game, okay. You're the boss and I'm the nanny. You give me a raise and I'll give YOU one!!",0,en,sms,uci,,uci_sms,train
ZOE IT JUST HIT ME 2 IM FUCKING SHITIN MYSELF IL DEFO TRY MY HARDEST 2 CUM 2MOROW LUV U MILLIONS LEKDOG,0,en,sms,uci,,uci_sms,train
"Hello baby, did you get back to your mom's ? Are you setting up the computer now ? Filling your belly ? How goes it loverboy ? I miss you already ... *sighs*",0,en,sms,uci,,uci_sms,train
"No my blankets are sufficient, thx",0,en,sms,uci,,uci_sms,train
"naughty little thought: 'its better to flirt, flirt n flirt, rather than loving someone n gettin hurt, hurt n hurt...:-) Gud nyt",0,en,sms,uci,,uci_sms,train
"Edison has rightly said, ""A fool can ask more questions than a wise man can answer"" Now you know why all of us are speechless during ViVa.. GM,GN,GE,GNT:-)",0,en,sms,uci,,uci_sms,train
They just talking thats it de. They wont any other.,0,en,sms,uci,,uci_sms,train
Today am going to college so am not able to atten the class.,0,en,sms,uci,,uci_sms,train
I'm in class. Will holla later,0,en,sms,uci,,uci_sms,train
Easy ah?sen got selected means its good..,0,en,sms,uci,,uci_sms,test
Mmm thats better now i got a roast down me! id b better if i had a few drinks down me 2! Good indian?,0,en,sms,uci,,uci_sms,test
"We know someone who you know that fancies you. Call 09058097218 to find out who. POBox 6, LS15HB 150p",1,en,sms,uci,,uci_sms,test
"Come round, it's . ",0,en,sms,uci,,uci_sms,test
"Do 1 thing! Change that sentence into: ""Because i want 2 concentrate in my educational career im leaving here..""",0,en,sms,uci,,uci_sms,train
"1000's flirting NOW! Txt GIRL or BLOKE & ur NAME & AGE, eg GIRL ZOE 18 to 8007 to join and get chatting!",1,en,sms,uci,,uci_sms,train
I walked an hour 2 c u! doesnt that show I care y wont u believe im serious?,0,en,sms,uci,,uci_sms,test
18 days to Euro2004 kickoff! U will be kept informed of all the latest news and results daily. Unsubscribe send GET EURO STOP to 83222.,1,en,sms,uci,,uci_sms,test
Are you available for soiree on June 3rd?,0,en,sms,uci,,uci_sms,test
Do u noe wat time e place dat sells 4d closes?,0,en,sms,uci,,uci_sms,test
"I got another job! The one at the hospital doing data analysis or something, starts on monday! Not sure when my thesis will got finished",0,en,sms,uci,,uci_sms,train
Jay's getting really impatient and belligerent,0,en,sms,uci,,uci_sms,train
HIYA COMIN 2 BRISTOL 1 ST WEEK IN APRIL. LES GOT OFF + RUDI ON NEW YRS EVE BUT I WAS SNORING.THEY WERE DRUNK! U BAK AT COLLEGE YET? MY WORK SENDS INK 2 BATH.,0,en,sms,uci,,uci_sms,test
I'm at work. Please call,0,en,sms,uci,,uci_sms,train
Then u drive lor.,0,en,sms,uci,,uci_sms,train
Ard 515 like dat. Y?,0,en,sms,uci,,uci_sms,test
Tell me they're female :V how're you throwing in? We're deciding what all to get now,0,en,sms,uci,,uci_sms,train
EASTENDERS TV Quiz. What FLOWER does DOT compare herself to? D= VIOLET E= TULIP F= LILY txt D E or F to 84025 NOW 4 chance 2 WIN £100 Cash WKENT/150P16+,1,en,sms,uci,,uci_sms,train
I'm working technical support :)voice process.networking field.,0,en,sms,uci,,uci_sms,train
I might come to kerala for 2 days.so you can be prepared to take a leave once i finalise .dont plan any travel during my visit.need to finish urgent works.,0,en,sms,uci,,uci_sms,train
Ok. Not sure what time tho as not sure if can get to library before class. Will try. See you at some point! Have good eve.,0,en,sms,uci,,uci_sms,test
We have new local dates in your area - Lots of new people registered in YOUR AREA. Reply DATE to start now! 18 only www.flirtparty.us REPLYS150,1,en,sms,uci,,uci_sms,train
"That's fine, I'll bitch at you about it later then",0,en,sms,uci,,uci_sms,train
No my mum went 2 dentist.,0,en,sms,uci,,uci_sms,train
Once free call me sir. I am waiting for you.,0,en,sms,uci,,uci_sms,train
Meeting u is my work. . . Tel me when shall i do my work tomorrow,0,en,sms,uci,,uci_sms,train
Someone U know has asked our dating service 2 contact you! Cant Guess who? CALL 09058091854 NOW all will be revealed. PO BOX385 M6 6WU,1,en,sms,uci,,uci_sms,test
Jus finish bathing...,0,en,sms,uci,,uci_sms,train
"alright, I'll make sure the car is back tonight",0,en,sms,uci,,uci_sms,train
URGENT! We are trying to contact U. Todays draw shows that you have won a £800 prize GUARANTEED. Call 09050003091 from land line. Claim C52. Valid12hrs only,1,en,sms,uci,,uci_sms,train
Dear U've been invited to XCHAT. This is our final attempt to contact u! Txt CHAT to 86688,1,en,sms,uci,,uci_sms,train
Lul im gettin some juicy gossip at the hospital. Two nurses are talking about how fat they are gettin. And one thinks shes obese. Oyea.,0,en,sms,uci,,uci_sms,train
Aight ill get on fb in a couple minutes,0,en,sms,uci,,uci_sms,train
Oi. Ami parchi na re. Kicchu kaaj korte iccha korche na. Phone ta tul na. Plz. Plz.,0,en,sms,uci,,uci_sms,train
Where can download clear movies. Dvd copies.,0,en,sms,uci,,uci_sms,train
"Yep, by the pretty sculpture",0,en,sms,uci,,uci_sms,train
Convey my regards to him,0,en,sms,uci,,uci_sms,train
Me too watching surya movie only. . .after 6 pm vijay movie POKKIRI,0,en,sms,uci,,uci_sms,test
You tell what happen dont behave like this to me. Ok no need to say,0,en,sms,uci,,uci_sms,test
Can u get pic msgs to your phone?,0,en,sms,uci,,uci_sms,train
Send to someone else :-),0,en,sms,uci,,uci_sms,train
Wat makes some people dearer is not just de happiness dat u feel when u meet them but de pain u feel when u miss dem!!!,0,en,sms,uci,,uci_sms,train
For me the love should start with attraction.i should feel that I need her every time around me.she should be the first thing which comes in my thoughts.I would start the day and end it with her.she should be there every time I dream.love will be then when my every breath has her name.my life should happen around her.my life will be named to her.I would cry for her.will give all my happiness and take all her sorrows.I will be ready to fight with anyone for her.I will be in love when I will be doing the craziest things for her.love will be when I don't have to proove anyone that my girl is the most beautiful lady on the whole planet.I will always be singing praises for her.love will be when I start up making chicken curry and end up makiing sambar.life will be the most beautiful then.will get every morning and thank god for the day because she is with me.I would like to say a lot..will tell later..,0,en,sms,uci,,uci_sms,train
"FR'NDSHIP is like a needle of a clock. Though V r in d same clock, V r nt able 2 met. Evn if V meet,itz only 4few seconds. Bt V alwys stay conected. Gud 9t;-)",0,en,sms,uci,,uci_sms,train
I don't think he has spatula hands!,0,en,sms,uci,,uci_sms,train
You can never do NOTHING,0,en,sms,uci,,uci_sms,train
You are awarded a SiPix Digital Camera! call 09061221061 from landline. Delivery within 28days. T Cs Box177. M221BP. 2yr warranty. 150ppm. 16 . p p£3.99,1,en,sms,uci,,uci_sms,train
Goodmorning today i am late for  &lt;DECIMAL&gt; min.,0,en,sms,uci,,uci_sms,train
WIN URGENT! Your mobile number has been awarded with a £2000 prize GUARANTEED call 09061790121 from land line. claim 3030 valid 12hrs only 150ppm ,1,en,sms,uci,,uci_sms,test
Please da call me any mistake from my side sorry da. Pls da goto doctor.,0,en,sms,uci,,uci_sms,train
Where r we meeting?,0,en,sms,uci,,uci_sms,test
"Well the weather in cali's great. But its complexities are great. You need a car to move freely, its taxes are outrageous. But all in all its a great place. The sad part is i missing home.",0,en,sms,uci,,uci_sms,train
Now only i reached home. . . I am very tired now. . I will come tomorro,0,en,sms,uci,,uci_sms,train
Ryder unsold.now gibbs.,0,en,sms,uci,,uci_sms,train
Dear Subscriber ur draw 4 £100 gift voucher will b entered on receipt of a correct ans. When was Elvis Presleys Birthday? TXT answer to 80062,1,en,sms,uci,,uci_sms,train
Don't fret. I'll buy the ovulation test strips and send them to you. You wont get them til like march. Can you send me your postal address.u'll be alright.Okay.,0,en,sms,uci,,uci_sms,train
NO GIFTS!! You trying to get me to throw myself off a cliff or something?,0,en,sms,uci,,uci_sms,train
Been up to ne thing interesting. Did you have a good birthday? When are u wrking nxt? I started uni today.,0,en,sms,uci,,uci_sms,train
You busy or can I come by at some point and figure out what we're doing tomorrow,0,en,sms,uci,,uci_sms,train
"Yeah go on then, bored and depressed sittin waitin for phone to ring... Hope the wind drops though, scary",0,en,sms,uci,,uci_sms,train
Black shirt n blue jeans... I thk i c ü...,0,en,sms,uci,,uci_sms,train
Aiyah sorry lor... I watch tv watch until i forgot 2 check my phone.,0,en,sms,uci,,uci_sms,train
Message Important information for O2 user. Today is your lucky day! 2 find out why log onto http://www.urawinner.com there is a fantastic surprise awaiting you,1,en,sms,uci,,uci_sms,test
on hen night. Going with a swing,0,en,sms,uci,,uci_sms,train
"Good afternoon, my love. How goes your day ? What are you up to ? I woke early and am online waiting for you ... Hmmm ... Italian boy is online I see . *grins*",0,en,sms,uci,,uci_sms,train
From someone not to smoke when every time I've smoked in the last two weeks is because of you calling or texting me that you wanted to smoke,0,en,sms,uci,,uci_sms,train
No you'll just get a headache trying to figure it out. U can trust me to do the math. I promise. O:-),0,en,sms,uci,,uci_sms,train
S s..first time..dhoni rocks...,0,en,sms,uci,,uci_sms,train
Ok ill tell the company,0,en,sms,uci,,uci_sms,test
"Awesome, think we can get an 8th at usf some time tonight?",0,en,sms,uci,,uci_sms,test
So that means you still think of teju,0,en,sms,uci,,uci_sms,train
"No I'm good for the movie, is it ok if I leave in an hourish?",0,en,sms,uci,,uci_sms,train
No no:)this is kallis home ground.amla home town is durban:),0,en,sms,uci,,uci_sms,train
So lets make it saturday or monday as per convenience.,0,en,sms,uci,,uci_sms,test
Hey... What time is your driving on fri? We go for evaluation on fri?,0,en,sms,uci,,uci_sms,train
"449050000301 You have won a £2,000 price! To claim, call 09050000301.",1,en,sms,uci,,uci_sms,train
I'm going 4 lunch now wif my family then aft dat i go str 2 orchard lor.,0,en,sms,uci,,uci_sms,test
"Bored of speed dating? Try SPEEDCHAT, txt SPEEDCHAT to 80155, if you don't like em txt SWAP and get a new chatter! Chat80155 POBox36504W45WQ 150p/msg rcd 16",1,en,sms,uci,,uci_sms,train
Cancel cheyyamo?and get some money back?,0,en,sms,uci,,uci_sms,train
Do you want 750 anytime any network mins 150 text and a NEW video phone for only five pounds per week call 08000776320 now or reply for delivery Tomorrow,1,en,sms,uci,,uci_sms,train
Ok.ok ok..then..whats ur todays plan,0,en,sms,uci,,uci_sms,train
Good morning princess! How are you?,0,en,sms,uci,,uci_sms,train
Aiyar sorry lor forgot 2 tell u...,0,en,sms,uci,,uci_sms,test
For taking part in our mobile survey yesterday! You can now have 500 texts 2 use however you wish. 2 get txts just send TXT to 80160 T&C www.txt43.com 1.50p,1,en,sms,uci,,uci_sms,train
Not tonight mate. Catching up on some sleep. This is my new number by the way. ,0,en,sms,uci,,uci_sms,train
"Height of ""Oh shit....!!"" situation: A guy throws a luv letter on a gal but falls on her brothers head whos a gay,.;-):-D",0,en,sms,uci,,uci_sms,train
Ur HMV Quiz cash-balance is currently £500 - to maximize ur cash-in now send HMV1 to 86688 only 150p/msg,1,en,sms,uci,,uci_sms,train
"So check your errors and if you had difficulties, do correction.",0,en,sms,uci,,uci_sms,train
Howz pain?hope u r fine..,0,en,sms,uci,,uci_sms,train
"Sorry, I'll call later",0,en,sms,uci,,uci_sms,train
Good morning princess! How are you?,0,en,sms,uci,,uci_sms,train
"As I entered my cabin my PA said, '' Happy B'day Boss !!''. I felt special. She askd me 4 lunch. After lunch she invited me to her apartment. We went there.",0,en,sms,uci,,uci_sms,train
U wake up already? Thanx 4 e tau sar piah it's quite nice.,0,en,sms,uci,,uci_sms,train
K do I need a login or anything,0,en,sms,uci,,uci_sms,train
Dont forget you can place as many FREE Requests with 1stchoice.co.uk as you wish. For more Information call 08707808226.,1,en,sms,uci,,uci_sms,train
LOL ... No just was busy,0,en,sms,uci,,uci_sms,test
What * u wearing?,0,en,sms,uci,,uci_sms,test
Message:some text missing* Sender:Name Missing* *Number Missing *Sent:Date missing *Missing U a lot thats y everything is missing sent via fullonsms.com,0,en,sms,uci,,uci_sms,train
Oh:)as usual vijay film or its different?,0,en,sms,uci,,uci_sms,train
I don't know u and u don't know me. Send CHAT to 86688 now and let's find each other! Only 150p/Msg rcvd. HG/Suite342/2Lands/Row/W1J6HL LDN. 18 years or over.,1,en,sms,uci,,uci_sms,train
Have you had a good day? Mine was really busy are you up to much tomorrow night?,0,en,sms,uci,,uci_sms,test
And is there a way you can send shade's stuff to her. And she has been wonderful too.,0,en,sms,uci,,uci_sms,train
Really... I tot ur paper ended long ago... But wat u copied jus now got use? U happy lar... I still haf 2 study :-(,0,en,sms,uci,,uci_sms,train
"Thank you, winner notified by sms. Good Luck! No future marketing reply STOP to 84122 customer services 08450542832",1,en,sms,uci,,uci_sms,train
Babe ? I lost you ... :-(,0,en,sms,uci,,uci_sms,train
Ok... Help me ask if she's working tmr a not?,0,en,sms,uci,,uci_sms,train
I'm not driving... Raining! Then i'll get caught at e mrt station lor.,0,en,sms,uci,,uci_sms,test
Not a drop in the tank,0,en,sms,uci,,uci_sms,test
(That said can you text him one more time?),0,en,sms,uci,,uci_sms,train
"Sorry, I'll call later",0,en,sms,uci,,uci_sms,train
Ok i go change also...,0,en,sms,uci,,uci_sms,train
1000's of girls many local 2 u who r virgins 2 this & r ready 2 4fil ur every sexual need. Can u 4fil theirs? text CUTE to 69911(£1.50p. m),1,en,sms,uci,,uci_sms,train
Did u find a sitter for kaitlyn? I was sick and slept all day yesterday.,0,en,sms,uci,,uci_sms,train
"Sorry man, accidentally left my phone on silent last night and didn't check it til I got up",0,en,sms,uci,,uci_sms,train
Hey.. Something came up last min.. Think i wun be signing up tmr.. Hee,0,en,sms,uci,,uci_sms,test
He's an adult and would learn from the experience. There's no real danger. I just dont like peeps using drugs they dont need. But no comment,0,en,sms,uci,,uci_sms,train
Hey! There's veggie pizza... :/,0,en,sms,uci,,uci_sms,train
Yun buying... But school got offer 2000 plus only...,0,en,sms,uci,,uci_sms,train
You sure your neighbors didnt pick it up,0,en,sms,uci,,uci_sms,test
K. I will sent it again,0,en,sms,uci,,uci_sms,test
Free entry in 2 a wkly comp to win FA Cup final tkts 21st May 2005. Text FA to 87121 to receive entry question(std txt rate)T&C's apply 08452810075over18's,1,en,sms,uci,,uci_sms,test
"New Theory: Argument wins d SITUATION, but loses the PERSON. So dont argue with ur friends just.. . . . kick them &amp; say, I'm always correct.!",0,en,sms,uci,,uci_sms,train
Well. Im computerless. Time to make some oreo truffles,0,en,sms,uci,,uci_sms,train
"Haha yeah I see that now, be there in a sec",0,en,sms,uci,,uci_sms,train
I am not having her number sir,0,en,sms,uci,,uci_sms,train
Lol now I'm after that hot air balloon!,0,en,sms,uci,,uci_sms,train
Ok . . now i am in bus. . If i come soon i will come otherwise tomorrow,0,en,sms,uci,,uci_sms,train
Msgs r not time pass.They silently say that I am thinking of U right now and also making U think of me at least 4 a moment. Gd nt.swt drms @Shesil,0,en,sms,uci,,uci_sms,train
"Yeah, we can probably swing by once my roommate finishes up with his girl",0,en,sms,uci,,uci_sms,train
"Got what it takes 2 take part in the WRC Rally in Oz? U can with Lucozade Energy! Text RALLY LE to 61200 (25p), see packs or lucozade.co.uk/wrc & itcould be u!",1,en,sms,uci,,uci_sms,train
Happy new years melody!,0,en,sms,uci,,uci_sms,train
Ü dun need to pick ur gf?,0,en,sms,uci,,uci_sms,train
Yay! You better not have told that to 5 other girls either.,0,en,sms,uci,,uci_sms,train
Horrible u eat macs eat until u forgot abt me already rite... U take so long 2 reply. I thk it's more toot than b4 so b prepared. Now wat shall i eat?,0,en,sms,uci,,uci_sms,train
"Did he say how fantastic I am by any chance, or anything need a bigger life lift as losing the will 2 live, do you think I would be the first person 2 die from N V Q? ",0,en,sms,uci,,uci_sms,train
Just nw i came to hme da..,0,en,sms,uci,,uci_sms,train
"I'm outside islands, head towards hard rock and you'll run into me",0,en,sms,uci,,uci_sms,test
To day class is there are no class.,0,en,sms,uci,,uci_sms,train
I'm in chennai velachery:),0,en,sms,uci,,uci_sms,test
You flippin your shit yet?,0,en,sms,uci,,uci_sms,train
"K give me a sec, breaking a  &lt;#&gt;  at cstore",0,en,sms,uci,,uci_sms,train
Am i that much bad to avoid like this?,0,en,sms,uci,,uci_sms,train
"Yo, you around? Just got my car back",0,en,sms,uci,,uci_sms,train
Annoying isn't it.,0,en,sms,uci,,uci_sms,test
"Goodmorning, Today i am late for  &lt;#&gt; min.",0,en,sms,uci,,uci_sms,train
There's no point hangin on to mr not right if he's not makin u happy,0,en,sms,uci,,uci_sms,test
All will come alive.better correct any good looking figure there itself..,0,en,sms,uci,,uci_sms,train
In that case I guess I'll see you at campus lodge,0,en,sms,uci,,uci_sms,train
We're done...,0,en,sms,uci,,uci_sms,train
Come to my home for one last time i wont do anything. Trust me.,0,en,sms,uci,,uci_sms,test
I was up all night too worrying about this appt. It's a shame we missed a girls night out with quizzes popcorn and you doing my hair.,0,en,sms,uci,,uci_sms,train
Sex up ur mobile with a FREE sexy pic of Jordan! Just text BABE to 88600. Then every wk get a sexy celeb! PocketBabe.co.uk 4 more pics. 16 £3/wk 087016248,1,en,sms,uci,,uci_sms,train
Ok... C ya...,0,en,sms,uci,,uci_sms,train
You have 1 new voicemail. Please call 08719181503,1,en,sms,uci,,uci_sms,train
What he said is not the matter. My mind saying some other matter is there.,0,en,sms,uci,,uci_sms,test
He also knows about lunch menu only da. . I know,0,en,sms,uci,,uci_sms,test
"Al he does is moan at me if n e thin goes wrong its my fault&al de arguments r my fault&fed up of him of himso y bother? Hav 2go, thanx.xx",0,en,sms,uci,,uci_sms,train
NEFT Transaction with reference number  &lt;#&gt;  for Rs. &lt;DECIMAL&gt;  has been credited to the beneficiary account on  &lt;#&gt;  at  &lt;TIME&gt; : &lt;#&gt;,0,en,sms,uci,,uci_sms,train
Otherwise had part time job na-tuition..,0,en,sms,uci,,uci_sms,train
I know she called me,0,en,sms,uci,,uci_sms,train
"Me also da, i feel yesterday night  wait til 2day night dear.",0,en,sms,uci,,uci_sms,train
Thanks for understanding. I've been trying to tell sura that.,0,en,sms,uci,,uci_sms,train
WIN a year supply of CDs 4 a store of ur choice worth £500 & enter our £100 Weekly draw txt MUSIC to 87066 Ts&Cs www.Ldew.com.subs16+1win150ppmx3,1,en,sms,uci,,uci_sms,train
The whole car appreciated the last two! Dad and are having a map reading semi argument but apart from that things are going ok. P.,0,en,sms,uci,,uci_sms,test
"As a SIM subscriber, you are selected to receive a Bonus! Get it delivered to your door, Txt the word OK to No: 88600 to claim. 150p/msg, EXP. 30Apr",1,en,sms,uci,,uci_sms,train
I need you to be in my strong arms...,0,en,sms,uci,,uci_sms,train
Also maaaan are you missing out,0,en,sms,uci,,uci_sms,train
His bday real is in april .,0,en,sms,uci,,uci_sms,train
Guessin you ain't gonna be here before 9?,0,en,sms,uci,,uci_sms,train
Ok then i will come to ur home after half an hour,0,en,sms,uci,,uci_sms,train
"Yo, the game almost over? Want to go to walmart soon",0,en,sms,uci,,uci_sms,test
"Yeah, probably but not sure. Ilol let u know, but personally I wuldnt bother, then again if ur goin to then I mite as well!!",0,en,sms,uci,,uci_sms,train
I'll text now! All creepy like so he won't think that we forgot,0,en,sms,uci,,uci_sms,train
"that would be good … I'll phone you tomo lunchtime, shall I, to organise something?",0,en,sms,uci,,uci_sms,train
You have 1 new voicemail. Please call 08719181513.,1,en,sms,uci,,uci_sms,train
"Damn, can you make it tonight or do you want to just wait til tomorrow",0,en,sms,uci,,uci_sms,train
K..k..i'm also fine:)when will you complete the course?,0,en,sms,uci,,uci_sms,test
"True. It is passable. And if you get a high score and apply for phd, you get 5years of salary. So it makes life easier.",0,en,sms,uci,,uci_sms,train
No. 1 Nokia Tone 4 ur mob every week! Just txt NOK to 87021. 1st Tone FREE ! so get txtin now and tell ur friends. 150p/tone. 16 reply HL 4info,1,en,sms,uci,,uci_sms,train
Prakesh is there know.,0,en,sms,uci,,uci_sms,train
Teach me apps da. When you come to college.,0,en,sms,uci,,uci_sms,test
Rofl betta invest in some  anti aging products,0,en,sms,uci,,uci_sms,train
You are a winner U have been specially selected 2 receive £1000 cash or a 4* holiday (flights inc) speak to a live operator 2 claim 0871277810810,1,en,sms,uci,,uci_sms,test
"sir, you will receive the account no another 1hr time. Sorry for the delay.",0,en,sms,uci,,uci_sms,train
Reply with your name and address and YOU WILL RECEIVE BY POST a weeks completely free accommodation at various global locations www.phb1.com ph:08700435505150p,1,en,sms,uci,,uci_sms,train
So ü'll be submitting da project tmr rite?,0,en,sms,uci,,uci_sms,train
FREE entry into our £250 weekly comp just send the word ENTER to 84128 NOW. 18 T&C www.textcomp.com cust care 08712405020.,1,en,sms,uci,,uci_sms,test
Jus ans me lar. U'll noe later.,0,en,sms,uci,,uci_sms,train
I want to send something that can sell fast.  &lt;#&gt; k is not easy money.,0,en,sms,uci,,uci_sms,train
have got * few things to do. may be in * pub later.,0,en,sms,uci,,uci_sms,train
1's finish meeting call me.,0,en,sms,uci,,uci_sms,train
Lol ok. I'll snatch her purse too.,0,en,sms,uci,,uci_sms,train
"""Hello-/@drivby-:0quit edrunk sorry iff pthis makes no senrd-dnot no how ^ dancce 2 drum n basq!ihave fun 2nhite x ros xxxxxxx""",0,en,sms,uci,,uci_sms,test
Your opinion about me? 1. Over 2. Jada 3. Kusruthi 4. Lovable 5. Silent 6. Spl character 7. Not matured 8. Stylish 9. Simple Pls reply..,0,en,sms,uci,,uci_sms,train
How much are we getting?,0,en,sms,uci,,uci_sms,train
Is ur paper in e morn or aft tmr?,0,en,sms,uci,,uci_sms,train
"Dear relieved of westonzoyland, all going to plan this end too!",0,en,sms,uci,,uci_sms,train
Hope you are having a great new semester. Do wish you the very best. You are made for greatness.,0,en,sms,uci,,uci_sms,train
Oh yes I can speak txt 2 u no! Hmm. Did u get  email?,0,en,sms,uci,,uci_sms,train
"I want to show you the world, princess :) how about europe?",0,en,sms,uci,,uci_sms,train
Nobody can decide where to eat and dad wants Chinese,0,en,sms,uci,,uci_sms,test
No shoot me. I'm in the docs waiting room. :/,0,en,sms,uci,,uci_sms,train
Now? I'm going out 4 dinner soon..,0,en,sms,uci,,uci_sms,train
Hello which the site to download songs its urgent pls,0,en,sms,uci,,uci_sms,train
"I do know what u mean,  is the king of not havin credit! I'm goin2bed now. Night night sweet! Only1more sleep! ",0,en,sms,uci,,uci_sms,train
Horrible gal. Me in sch doing some stuff. How come u got mc?,0,en,sms,uci,,uci_sms,train
"HI HUN! IM NOT COMIN 2NITE-TELL EVERY1 IM SORRY 4 ME, HOPE U AVA GOODTIME!OLI RANG MELNITE IFINK IT MITE B SORTED,BUT IL EXPLAIN EVERYTHIN ON MON.L8RS.x",0,en,sms,uci,,uci_sms,train
"I call you later, don't have network. If urgnt, sms me.",0,en,sms,uci,,uci_sms,train
Ummmmmaah Many many happy returns of d day my dear sweet heart.. HAPPY BIRTHDAY dear,0,en,sms,uci,,uci_sms,train
Please CALL 08712402779 immediately as there is an urgent message waiting for you,1,en,sms,uci,,uci_sms,train
Yeah like if it goes like it did with my friends imma flip my shit in like half an hour,0,en,sms,uci,,uci_sms,train
Mum say we wan to go then go... Then she can shun bian watch da glass exhibition... ,0,en,sms,uci,,uci_sms,test
What your plan for pongal?,0,en,sms,uci,,uci_sms,train
Just wait till end of march when el nino gets himself. Oh.,0,en,sms,uci,,uci_sms,train
"Not yet chikku..going to room nw, i'm in bus..",0,en,sms,uci,,uci_sms,train
Am also doing in cbe only. But have to pay.,0,en,sms,uci,,uci_sms,test
Honey boo I'm missing u.,0,en,sms,uci,,uci_sms,train
"We have sent JD for Customer Service cum Accounts Executive to ur mail id, For details contact us",0,en,sms,uci,,uci_sms,train
"Yo, I'm at my parents' gettin cash. Good news: we picked up a downstem",0,en,sms,uci,,uci_sms,train
"Thank you so much. When we skyped wit kz and sura, we didnt get the pleasure of your company. Hope you are good. We've given you ultimatum oh! We are countin down to aburo. Enjoy!",0,en,sms,uci,,uci_sms,train
"Hungry gay guys feeling hungry and up 4 it, now. Call 08718730555 just 10p/min. To stop texts call 08712460324 (10p/min)",1,en,sms,uci,,uci_sms,train
Ok. No wahala. Just remember that a friend in need ...,0,en,sms,uci,,uci_sms,train
I will see in half an hour,0,en,sms,uci,,uci_sms,train
"Im in inperialmusic listening2the weirdest track ever byleafcutter john-sounds like insects being molested&someone plumbing,remixed by evil men on acid!",0,en,sms,uci,,uci_sms,test
"""Hey sorry I didntgive ya a a bellearlier hunny,just been in bedbut mite go 2 thepub l8tr if uwana mt up?loads a luv Jenxxx.""",0,en,sms,uci,,uci_sms,train
SERIOUSLY. TELL HER THOSE EXACT WORDS RIGHT NOW.,0,en,sms,uci,,uci_sms,train
Can U get 2 phone NOW? I wanna chat 2 set up meet Call me NOW on 09096102316 U can cum here 2moro Luv JANE xx Calls£1/minmoremobsEMSPOBox45PO139WA,1,en,sms,uci,,uci_sms,train
"Tee hee. Off to lecture, cheery bye bye.",0,en,sms,uci,,uci_sms,test
"Sorry chikku, my cell got some problem thts y i was nt able to reply u or msg u..",0,en,sms,uci,,uci_sms,train
If you still havent collected the dough pls let me know so i can go to the place i sent it to get the control number,0,en,sms,uci,,uci_sms,train
Ok...,0,en,sms,uci,,uci_sms,train
network operator. The service is free. For T & C's visit 80488.biz,1,en,sms,uci,,uci_sms,train
Let me know how to contact you. I've you settled in a room. Lets know you are ok.,0,en,sms,uci,,uci_sms,test
Wot u up 2 u weirdo?,0,en,sms,uci,,uci_sms,train
Can do lor...,0,en,sms,uci,,uci_sms,train
Dont put your phone on silent mode ok,0,en,sms,uci,,uci_sms,test
Can i meet ü at 5.. As 4 where depends on where ü wan 2 in lor..,0,en,sms,uci,,uci_sms,train
Waiting 4 my tv show 2 start lor... U leh still busy doing ur report?,0,en,sms,uci,,uci_sms,train
Oh ho. Is this the first time u use these type of words,0,en,sms,uci,,uci_sms,train
Am I the only one who doesn't stalk profiles?,0,en,sms,uci,,uci_sms,train
"Ever green quote ever told by Jerry in cartoon ""A Person Who Irritates u Always Is the one Who Loves u Vry Much But Fails to Express It...!..!! :-) :-) gud nyt",0,en,sms,uci,,uci_sms,train
Yes i thought so. Thanks.,0,en,sms,uci,,uci_sms,train
But if she.s drinkin i'm ok.,0,en,sms,uci,,uci_sms,train
"Just wondering, the others just took off",0,en,sms,uci,,uci_sms,train
"Night has ended for another day, morning has come in a special way. May you smile like the sunny rays and leaves your worries at the blue blue bay. Gud mrng",0,en,sms,uci,,uci_sms,train
"What do you do, my dog ? Must I always wait till the end of your day to have word from you ? Did you run out of time on your cell already?",0,en,sms,uci,,uci_sms,train
Happy new year to u too!,0,en,sms,uci,,uci_sms,test
"Hey...Great deal...Farm tour 9am to 5pm $95/pax, $50 deposit by 16 May",0,en,sms,uci,,uci_sms,train
Eat jap done oso aft ur lect wat... Ü got lect at 12 rite... ,0,en,sms,uci,,uci_sms,test
"Hey babe! I saw you came online for a second and then you disappeared, what happened ?",0,en,sms,uci,,uci_sms,train
Da my birthdate in certificate is in april but real date is today. But dont publish it. I shall give you a special treat if you keep the secret. Any way thanks for the wishes,0,en,sms,uci,,uci_sms,test
Happy birthday... May all ur dreams come true...,0,en,sms,uci,,uci_sms,train
Aiyah u did ok already lar. E nydc at wheellock?,0,en,sms,uci,,uci_sms,test
TELL HER I SAID EAT SHIT.,0,en,sms,uci,,uci_sms,train
Sure! I am driving but will reach my destination soon.,0,en,sms,uci,,uci_sms,train
"K so am I, how much for an 8th? Fifty?",0,en,sms,uci,,uci_sms,test
Your daily text from me – a favour this time,0,en,sms,uci,,uci_sms,test
Great to hear you are settling well. So what's happenin wit ola?,0,en,sms,uci,,uci_sms,train
Those cocksuckers. If it makes you feel better ipads are worthless garbage novelty items and you should feel bad for even wanting one,0,en,sms,uci,,uci_sms,train
I tot u reach liao. He said t-shirt.,0,en,sms,uci,,uci_sms,train
"FRAN I DECIDED 2 GO N E WAY IM COMPLETELY BROKE AN KNACKERED I GOT UP BOUT 3 C U 2MRW LOVE JANX P.S THIS IS MY DADS FONE, -NO CREDIT",0,en,sms,uci,,uci_sms,test
I cant pick the phone right now. Pls send a message,0,en,sms,uci,,uci_sms,train
Your right! I'll make the appointment right now.,0,en,sms,uci,,uci_sms,test
Designation is software developer and may be she get chennai:),0,en,sms,uci,,uci_sms,train
Enjoy the jamster videosound gold club with your credits for 2 new videosounds+2 logos+musicnews! get more fun from jamster.co.uk! 16+only Help? call: 09701213186 ,1,en,sms,uci,,uci_sms,test
"Get 3 Lions England tone, reply lionm 4 mono or lionp 4 poly. 4 more go 2 www.ringtones.co.uk, the original n best. Tones 3GBP network operator rates apply",1,en,sms,uci,,uci_sms,test
I jokin oni lar.. Ü busy then i wun disturb ü.,0,en,sms,uci,,uci_sms,test
"Ok, be careful ! Don't text and drive !",0,en,sms,uci,,uci_sms,train
"I.ll always be there, even if its just in spirit. I.ll get a bb soon. Just trying to be sure i need it.",0,en,sms,uci,,uci_sms,train
U r too much close to my heart. If u go away i will be shattered. Plz stay with me.,0,en,sms,uci,,uci_sms,test
I love u 2 babe! R u sure everything is alrite. Is he being an idiot? Txt bak girlie,0,en,sms,uci,,uci_sms,train
How abt making some of the pics bigger?,0,en,sms,uci,,uci_sms,train
Got but got 2 colours lor. One colour is quite light n e other is darker lor. Actually i'm done she's styling my hair now.,0,en,sms,uci,,uci_sms,train
"Whenevr ur sad, Whenevr ur gray, Remembr im here 2 listn 2 watevr u wanna say, Jus walk wid me a little while,&amp; I promise I'll bring back ur smile.:-)",0,en,sms,uci,,uci_sms,test
Why nothing. Ok anyway give me treat,0,en,sms,uci,,uci_sms,train
"Win the newest “Harry Potter and the Order of the Phoenix (Book 5) reply HARRY, answer 5 questions - chance to be the first among readers!",1,en,sms,uci,,uci_sms,test
Ok...,0,en,sms,uci,,uci_sms,train
Correct. So how was work today,0,en,sms,uci,,uci_sms,train
"Just sent again. Do you scream and moan in bed, princess?",0,en,sms,uci,,uci_sms,train
"I wake up long ago already... Dunno, what other thing?",0,en,sms,uci,,uci_sms,train
Oh just getting even with u.... u?,0,en,sms,uci,,uci_sms,test
I thk 50 shd be ok he said plus minus 10.. Did ü leave a line in between paragraphs?,0,en,sms,uci,,uci_sms,train
Can you call me plz. Your number shows out of coveragd area. I have urgnt call in vasai &amp; have to reach before 4'o clock so call me plz,0,en,sms,uci,,uci_sms,train
Yeah jay's sort of a fucking retard,0,en,sms,uci,,uci_sms,train
"Sorry, was in the bathroom, sup",0,en,sms,uci,,uci_sms,train
Ur balance is now £500. Ur next question is: Who sang 'Uptown Girl' in the 80's ? 2 answer txt ur ANSWER to 83600. Good luck!,1,en,sms,uci,,uci_sms,test
My exam is for february 4. Wish you a great day.,0,en,sms,uci,,uci_sms,train
I dont know what to do to come out of this so only am ask questions like this dont mistake me.,0,en,sms,uci,,uci_sms,test
"Aight no rush, I'll ask jay",0,en,sms,uci,,uci_sms,train
Good Morning plz call me sir,0,en,sms,uci,,uci_sms,train
It's ok lar. U sleep early too... Nite...,0,en,sms,uci,,uci_sms,train
"Oh... Icic... K lor, den meet other day...",0,en,sms,uci,,uci_sms,train
"Oh ! A half hour is much longer in Syria than Canada, eh ? Wow you must get SO much more work done in a day than us with all that extra time ! *grins*",0,en,sms,uci,,uci_sms,train
"Sometimes we put walls around our hearts,not just to be safe from getting hurt.. But to find out who cares enough to break the walls &amp; get closer.. GOODNOON:)",0,en,sms,uci,,uci_sms,train
"Sweet, we may or may not go to 4U to meet carlos so gauge patty's interest in that",0,en,sms,uci,,uci_sms,test
Then she buying today? Ü no need to c meh...,0,en,sms,uci,,uci_sms,train
Aight sorry I take ten years to shower. What's the plan?,0,en,sms,uci,,uci_sms,test
Every monday..nxt week vl be completing..,0,en,sms,uci,,uci_sms,test
Might ax well im there.,0,en,sms,uci,,uci_sms,train
Just chill for another 6hrs. If you could sleep the pain is not a surgical emergency so see how it unfolds. Okay,0,en,sms,uci,,uci_sms,test
Yeah I'll try to scrounge something up,0,en,sms,uci,,uci_sms,train
Crazy ar he's married. Ü like gd looking guys not me. My frens like say he's korean leona's fave but i dun thk he is. Aft some thinking mayb most prob i'll go.,0,en,sms,uci,,uci_sms,train
Were somewhere on Fredericksburg,0,en,sms,uci,,uci_sms,train
Que pases un buen tiempo or something like that,0,en,sms,uci,,uci_sms,train
Is it ok if I stay the night here? Xavier has a sleeping bag and I'm getting tired,0,en,sms,uci,,uci_sms,train
She doesnt need any test.,0,en,sms,uci,,uci_sms,train
"Nothing much, chillin at home. Any super bowl plan?",0,en,sms,uci,,uci_sms,test
"FREE2DAY sexy St George's Day pic of Jordan!Txt PIC to 89080 dont miss out, then every wk a saucy celeb!4 more pics c PocketBabe.co.uk 0870241182716 £3/wk",1,en,sms,uci,,uci_sms,train
Bugis oso near wat... ,0,en,sms,uci,,uci_sms,train
Yo theres no class tmrw right?,0,en,sms,uci,,uci_sms,train
Let Ur Heart Be Ur Compass Ur Mind Ur Map Ur Soul Ur Guide And U Will Never loose in world....gnun - Sent via WAY2SMS.COM,0,en,sms,uci,,uci_sms,train
"Goodnight, sleep well da please take care pa. Please.",0,en,sms,uci,,uci_sms,test
Baaaaabe! I misss youuuuu ! Where are you ? I have to go and teach my class at 5 ...,0,en,sms,uci,,uci_sms,test
Convey my regards to him,0,en,sms,uci,,uci_sms,test
U ned to convince him tht its not possible witot hurting his feeling its the main,0,en,sms,uci,,uci_sms,train
"Good afternoon loverboy ! How goes you day ? Any luck come your way? I think of you, sweetie and send my love across the sea to make you smile and happy",0,en,sms,uci,,uci_sms,train
If i start sending blackberry torch to nigeria will you find buyer for me?like 4a month. And tell dad not to buy bb from anyone oh.,0,en,sms,uci,,uci_sms,train
"&lt;#&gt; %of pple marry with their lovers... becz they hav gud undrstndng dat avoids problems. i sent dis 2 u, u wil get gud news on friday by d person you like. And tomorrow will be the best day of your life. Dont break this chain. If you break you will suffer. send this to  &lt;#&gt;  frnds in &lt;#&gt;  mins whn u read...",0,en,sms,uci,,uci_sms,train
Yo dude guess who just got arrested the other day,0,en,sms,uci,,uci_sms,train
Shuhui say change 2 suntec steamboat? U noe where? Where r u now?,0,en,sms,uci,,uci_sms,train
What does the dance river do?,0,en,sms,uci,,uci_sms,test
"Yetunde, i'm sorry but moji and i seem too busy to be able to go shopping. Can you just please find some other way to get what you wanted us to get. Please forgive me. You can reply free via yahoo messenger.",0,en,sms,uci,,uci_sms,test
Hey i will be really pretty late... You want to go for the lesson first? I will join you. I'm only reaching tp mrt,0,en,sms,uci,,uci_sms,test
"HOT LIVE FANTASIES call now 08707509020 Just 20p per min NTT Ltd, PO Box 1327 Croydon CR9 5WB 0870..k",1,en,sms,uci,,uci_sms,test
Bbq this sat at mine from 6ish. Ur welcome 2 come,0,en,sms,uci,,uci_sms,train
"I don't know, same thing that's wrong everyso often, he panicks starts goin on bout not bein good enough …",0,en,sms,uci,,uci_sms,train
Alright. I'm out--have a good night!,0,en,sms,uci,,uci_sms,train
Did you try making another butt.,0,en,sms,uci,,uci_sms,train
Hope you are feeling great. Pls fill me in. Abiola,0,en,sms,uci,,uci_sms,train
I though we shd go out n have some fun so bar in town or something – sound ok?,0,en,sms,uci,,uci_sms,train
"1) Go to write msg 2) Put on Dictionary mode 3)Cover the screen with hand, 4)Press  &lt;#&gt; . 5)Gently remove Ur hand.. Its interesting..:)",0,en,sms,uci,,uci_sms,train
"Bears Pic Nick, and Tom, Pete and ... Dick. In fact, all types try gay chat with photo upload call 08718730666 (10p/min). 2 stop texts call 08712460324",1,en,sms,uci,,uci_sms,train
"500 New Mobiles from 2004, MUST GO! Txt: NOKIA to No: 89545 & collect yours today!From ONLY £1 www.4-tc.biz 2optout 087187262701.50gbp/mtmsg18 TXTAUCTION",1,en,sms,uci,,uci_sms,test
We're finally ready fyi,0,en,sms,uci,,uci_sms,train
Auntie huai juan never pick up her phone,0,en,sms,uci,,uci_sms,train
Double Mins & Double Txt & 1/2 price Linerental on Latest Orange Bluetooth mobiles. Call MobileUpd8 for the very latest offers. 08000839402 or call2optout/LF56,1,en,sms,uci,,uci_sms,train
"Ya tel, wats ur problem..",0,en,sms,uci,,uci_sms,train
No. 1 Nokia Tone 4 ur mob every week! Just txt NOK to 87021. 1st Tone FREE ! so get txtin now and tell ur friends. 150p/tone. 16 reply HL 4info,1,en,sms,uci,,uci_sms,train
i dnt wnt to tlk wid u,0,en,sms,uci,,uci_sms,train
"We spend our days waiting for the ideal path to appear in front of us.. But what we forget is.. ""paths are made by walking.. not by waiting.."" Goodnight!",0,en,sms,uci,,uci_sms,train
Its ok my arm is feeling weak cuz i got a shot so we can go another time,0,en,sms,uci,,uci_sms,train
Please reserve ticket on saturday eve from chennai to thirunelvali and again from tirunelvali to chennai on sunday eve...i already see in net..no ticket available..i want to book ticket through tackle ..,0,en,sms,uci,,uci_sms,train
"Storming msg: Wen u lift d phne, u say ""HELLO"" Do u knw wt is d real meaning of HELLO?? . . . It's d name of a girl..! . . . Yes.. And u knw who is dat girl?? ""Margaret Hello"" She is d girlfrnd f Grahmbell who invnted telphone... . . . . Moral:One can 4get d name of a person, bt not his girlfrnd... G o o d n i g h t . . .@",0,en,sms,uci,,uci_sms,train
That's ok. I popped in to ask bout something and she said you'd been in. Are you around tonght wen this girl comes?,0,en,sms,uci,,uci_sms,train
All e best 4 ur exam later.,0,en,sms,uci,,uci_sms,test
Hope ur head doesn't hurt 2 much ! Am ploughing my way through a pile of ironing ! Staying in with a chinky tonight come round if you like.,0,en,sms,uci,,uci_sms,train
Oh k.i think most of wi and nz players unsold.,0,en,sms,uci,,uci_sms,train
"Haha... Where got so fast lose weight, thk muz go 4 a month den got effect... Gee,later we go aust put bk e weight.",0,en,sms,uci,,uci_sms,train
"I wonder how you got online, my love ? Had you gone to the net cafe ? Did you get your phone recharged ? Were you on a friends net ? I think of you, boytoy",0,en,sms,uci,,uci_sms,test
"Haha just kidding, papa needs drugs",0,en,sms,uci,,uci_sms,train
"Thk shld b can... Ya, i wana go 4 lessons... Haha, can go for one whole stretch...",0,en,sms,uci,,uci_sms,train
Oh ok..,0,en,sms,uci,,uci_sms,train
R we still meeting 4 dinner tonight?,0,en,sms,uci,,uci_sms,test
Thats cool! I am a gentleman and will treat you with dignity and respect.,0,en,sms,uci,,uci_sms,train
Shall i start from hear.,0,en,sms,uci,,uci_sms,train
Then we wait 4 u lor... No need 2 feel bad lar...,0,en,sms,uci,,uci_sms,train
No did you check? I got his detailed message now,0,en,sms,uci,,uci_sms,train
You have registered Sinco as Payee. Log in at icicibank.com and enter URN  &lt;#&gt;  to confirm. Beware of frauds. Do NOT share or disclose URN to anyone.,0,en,sms,uci,,uci_sms,train
"No, I decided that only people who care about stuff vote and caring about stuff is for losers",0,en,sms,uci,,uci_sms,train
Kaiez... Enjoy ur tuition... Gee... Thk e second option sounds beta... I'll go yan jiu den msg u...,0,en,sms,uci,,uci_sms,test
You have registered Sinco as Payee. Log in at icicibank.com and enter URN  &lt;#&gt;  to confirm. Beware of frauds. Do NOT share or disclose URN to anyone.,0,en,sms,uci,,uci_sms,test
cool. We will have fun practicing making babies!,0,en,sms,uci,,uci_sms,train
Actually getting ready to leave the house.,0,en,sms,uci,,uci_sms,test
K..k..any special today?,0,en,sms,uci,,uci_sms,test
"URGENT, IMPORTANT INFORMATION FOR O2 USER. TODAY IS YOUR LUCKY DAY! 2 FIND OUT WHY LOG ONTO HTTP://WWW.URAWINNER.COM THERE IS A FANTASTIC SURPRISE AWAITING FOR YOU",1,en,sms,uci,,uci_sms,train
Then we gotta do it after that,0,en,sms,uci,,uci_sms,train
"I've got ten bucks, jay is being noncomittal",0,en,sms,uci,,uci_sms,test
Where at were hungry too,0,en,sms,uci,,uci_sms,train
Pls speak to that customer machan.,0,en,sms,uci,,uci_sms,train
somewhere out there beneath the pale moon light someone think in of u some where out there where dreams come true... goodnite &amp; sweet dreams,0,en,sms,uci,,uci_sms,train
"Wen ur lovable bcums angry wid u, dnt take it seriously.. Coz being angry is d most childish n true way of showing deep affection, care n luv!.. kettoda manda... Have nice day da.",0,en,sms,uci,,uci_sms,test
Dear U've been invited to XCHAT. This is our final attempt to contact u! Txt CHAT to 86688 150p/MsgrcvdHG/Suite342/2Lands/Row/W1J6HL LDN 18 yrs,1,en,sms,uci,,uci_sms,train
So wats ur opinion abt him and how abt is character?,0,en,sms,uci,,uci_sms,test
Jay is snickering and tells me that x is totally fucking up the chords as we speak,0,en,sms,uci,,uci_sms,train
No..few hours before.went to hair cut .,0,en,sms,uci,,uci_sms,train
No wonder... Cos i dun rem seeing a silver car... But i thk i saw a black one...,0,en,sms,uci,,uci_sms,train
Lmao. Take a pic and send it to me.,0,en,sms,uci,,uci_sms,test
"""Speak only when you feel your words are better than the silence..."" Gud mrng:-)",0,en,sms,uci,,uci_sms,train
No. She's currently in scotland for that.,0,en,sms,uci,,uci_sms,train
Do you work all this week ?,0,en,sms,uci,,uci_sms,train
Congratulations ur awarded either £500 of CD gift vouchers & Free entry 2 our £100 weekly draw txt MUSIC to 87066 TnCs www.Ldew.com 1 win150ppmx3age16,1,en,sms,uci,,uci_sms,train
Lol great now im getting hungry.,0,en,sms,uci,,uci_sms,train
Yes.. now only saw your message..,0,en,sms,uci,,uci_sms,test
I'll be at mu in like  &lt;#&gt;  seconds,0,en,sms,uci,,uci_sms,test
Ok...,0,en,sms,uci,,uci_sms,test
THING R GOOD THANX GOT EXAMS IN MARCH IVE DONE NO REVISION? IS FRAN STILL WITH BOYF? IVE GOTTA INTERVIW 4 EXETER BIT WORRIED!x,0,en,sms,uci,,uci_sms,train
"Tell you what, if you make a little spreadsheet and track whose idea it was to smoke to determine who ""smokes too much"" for the entire month of february, I'll come up",0,en,sms,uci,,uci_sms,train
For sale - arsenal dartboard. Good condition but no doubles or trebles!,1,en,sms,uci,,uci_sms,train
Don't look back at the building because you have no coat and i don't want you to get more sick. Just hurry home and wear a coat to the gym!!!,0,en,sms,uci,,uci_sms,train
"My painful personal thought- ""I always try to keep everybody happy all the time. But nobody recognises me when i am alone""",0,en,sms,uci,,uci_sms,test
Thanks for ve lovely wisheds. You rock,0,en,sms,uci,,uci_sms,train
You intrepid duo you! Have a great time and see you both soon. ,0,en,sms,uci,,uci_sms,test
I asked sen to come chennai and search for job.,0,en,sms,uci,,uci_sms,train
Dad went out oredi... ,0,en,sms,uci,,uci_sms,train
"I jus hope its true that  missin me cos i'm really missin him! You haven't done anything to feel guilty about, yet.",0,en,sms,uci,,uci_sms,train
Wat so late still early mah. Or we juz go 4 dinner lor. Aiya i dunno...,0,en,sms,uci,,uci_sms,train
"Arms fine, how's Cardiff and uni? ",0,en,sms,uci,,uci_sms,test
In fact when do you leave? I think addie goes back to school tues or wed,0,en,sms,uci,,uci_sms,train
"Cool breeze... Bright sun... Fresh flower... Twittering birds... All these waiting to wish u: ""GOODMORNING &amp; HAVE A NICE DAY"" :)",0,en,sms,uci,,uci_sms,train
Ya:)going for restaurant..,0,en,sms,uci,,uci_sms,train
"Its ok., i just askd did u knw tht no?",0,en,sms,uci,,uci_sms,train
Free 1st week entry 2 TEXTPOD 4 a chance 2 win 40GB iPod or £250 cash every wk. Txt POD to 84128 Ts&Cs www.textpod.net custcare 08712405020.,1,en,sms,uci,,uci_sms,train
Those ducking chinchillas,0,en,sms,uci,,uci_sms,train
I am in a marriage function,0,en,sms,uci,,uci_sms,train
Looks like u wil b getting a headstart im leaving here bout 2.30ish but if u r desperate for my company I could head in earlier-we were goin to meet in rummer.,0,en,sms,uci,,uci_sms,train
Don‘t give a flying monkeys wot they think and I certainly don‘t mind. Any friend of mine and all that!,0,en,sms,uci,,uci_sms,train
As a registered optin subscriber ur draw 4 £100 gift voucher will be entered on receipt of a correct ans to 80062 Whats No1 in the BBC charts,1,en,sms,uci,,uci_sms,train
say thanks2. ,0,en,sms,uci,,uci_sms,train
Msg me when rajini comes.,0,en,sms,uci,,uci_sms,train
Ya! when are ü taking ure practical lessons? I start in june..  ,0,en,sms,uci,,uci_sms,train
"That's good, because I need drugs",0,en,sms,uci,,uci_sms,train
Stupid.its not possible,0,en,sms,uci,,uci_sms,train
Can ü all decide faster cos my sis going home liao..,0,en,sms,uci,,uci_sms,train
Summers finally here! Fancy a chat or flirt with sexy singles in yr area? To get MATCHED up just reply SUMMER now. Free 2 Join. OptOut txt STOP Help08714742804,1,en,sms,uci,,uci_sms,test
U sleeping now.. Or you going to take? Haha.. I got spys wat.. Me online checking n replying mails lor..,0,en,sms,uci,,uci_sms,train
CLAIRE here am havin borin time & am now alone U wanna cum over 2nite? Chat now 09099725823 hope 2 C U Luv CLAIRE xx Calls£1/minmoremobsEMSPOBox45PO139WA,1,en,sms,uci,,uci_sms,test
"Fighting with the world is easy, u either win or lose bt fightng with some1 who is close to u is dificult if u lose - u lose if u win - u still lose.",0,en,sms,uci,,uci_sms,train
Bought one ringtone and now getting texts costing 3 pound offering more tones etc,1,en,sms,uci,,uci_sms,train
"Yalru lyfu astne chikku.. Bt innu mundhe lyf ali halla ke bilo (marriage)program edhae, so lyf is nt yet ovr chikku..ali vargu lyfu meow meow:-D",0,en,sms,uci,,uci_sms,train
Kinda. First one gets in at twelve! Aah. Speak tomo,0,en,sms,uci,,uci_sms,train
"09066362231 URGENT! Your mobile No 07xxxxxxxxx won a £2,000 bonus caller prize on 02/06/03! this is the 2nd attempt to reach YOU! call 09066362231 ASAP!",1,en,sms,uci,,uci_sms,train
Ok good then i later come find ü... C lucky i told ü to go earlier... Later pple take finish ü no more again...,0,en,sms,uci,,uci_sms,train
Wat makes u thk i'll fall down. But actually i thk i'm quite prone 2 falls. Lucky my dad at home i ask him come n fetch me already.,0,en,sms,uci,,uci_sms,train
"YOU 07801543489 are guaranteed the latests Nokia Phone, a 40GB iPod MP3 player or a £500 prize! Txt word:COLLECT to No:83355! TC-LLC NY-USA 150p/Mt msgrcvd18+",1,en,sms,uci,,uci_sms,test
Your account has been refilled successfully by INR  &lt;DECIMAL&gt; . Your KeralaCircle prepaid account balance is Rs  &lt;DECIMAL&gt; . Your Transaction ID is KR &lt;#&gt; .,0,en,sms,uci,,uci_sms,train
I wont touch you with out your permission.,0,en,sms,uci,,uci_sms,train
Hi its LUCY Hubby at meetins all day Fri & I will B alone at hotel U fancy cumin over? Pls leave msg 2day 09099726395 Lucy x Calls£1/minMobsmoreLKPOBOX177HP51FL,1,en,sms,uci,,uci_sms,train
"7 wonders in My WORLD 7th You 6th Ur style 5th Ur smile 4th Ur Personality 3rd Ur Nature 2nd Ur SMS and 1st ""Ur Lovely Friendship""... good morning dear",0,en,sms,uci,,uci_sms,train
Take some small dose tablet for fever,0,en,sms,uci,,uci_sms,test
Oh. U must have taken your REAL Valentine out shopping first.,0,en,sms,uci,,uci_sms,train
"Just sent you an email – to an address with incomm in it, is that right?",0,en,sms,uci,,uci_sms,test
"Will do, you gonna be at blake's all night? I might be able to get out of here a little early",0,en,sms,uci,,uci_sms,test
"Friendship is not a game to play, It is not a word to say, It doesn\'t start on March and ends on May, It is tomorrow, yesterday, today and e",0,en,sms,uci,,uci_sms,test
"Nice. Wait...should you be texting right now? I'm not gonna pay your ticket, ya know!",0,en,sms,uci,,uci_sms,train
I'm watching lotr w my sis dis aft. So u wan 2 meet me 4 dinner at nite a not?,0,en,sms,uci,,uci_sms,train
Why you keeping me away like this,0,en,sms,uci,,uci_sms,train
I think its far more than that but find out. Check google maps for a place from your dorm.,0,en,sms,uci,,uci_sms,train
My trip was ok but quite tiring lor. Uni starts today but it's ok 4 me cos i'm not taking any modules but jus concentrating on my final yr project.,0,en,sms,uci,,uci_sms,train
Have you always been saying welp?,0,en,sms,uci,,uci_sms,train
"I'm a guy, browsin is compulsory",0,en,sms,uci,,uci_sms,test
Ok...,0,en,sms,uci,,uci_sms,test
Purity of friendship between two is not about smiling after reading the forwarded message..Its about smiling just by seeing the name. Gud evng musthu,0,en,sms,uci,,uci_sms,train
"Sorry, I'll call later",0,en,sms,uci,,uci_sms,train
"(I should add that I don't really care and if you can't I can at least get this dude to fuck off but hey, your money if you want it)",0,en,sms,uci,,uci_sms,train
"Hello lover! How goes that new job? Are you there now? Are you happy? Do you think of me? I wake, my slave and send you a teasing kiss from across the sea",0,en,sms,uci,,uci_sms,train
I told your number to gautham..,0,en,sms,uci,,uci_sms,train
Tell them no need to investigate about me anywhere.,0,en,sms,uci,,uci_sms,train
Ok i juz receive..,0,en,sms,uci,,uci_sms,train
"Cant believe i said so many things to you this morning when all i really wanted to say was good morning, i love you! Have a beautiful morning. See you in the library later.",0,en,sms,uci,,uci_sms,train
"Your account has been credited with 500 FREE Text Messages. To activate, just txt the word: CREDIT to No: 80488 T&Cs www.80488.biz",1,en,sms,uci,,uci_sms,train
In the end she might still vomit but its okay. Not everything will come out.,0,en,sms,uci,,uci_sms,train
How are you with moneY...as in to you...money aint a thing....how are you sha!,0,en,sms,uci,,uci_sms,train
It has everything to do with the weather. Keep extra warm. Its a cold but nothing serious. Pls lots of vitamin c,0,en,sms,uci,,uci_sms,train
Hey gals.. Anyone of u going down to e driving centre tmr?,0,en,sms,uci,,uci_sms,train
I'm always on yahoo messenger now. Just send the message to me and i.ll get it you may have to send it in the mobile mode sha but i.ll get it. And will reply.,0,en,sms,uci,,uci_sms,train
I'm putting it on now. It should be ready for  &lt;TIME&gt; ,0,en,sms,uci,,uci_sms,test
"Time n Smile r the two crucial things in our life. Sometimes time makes us to forget smile, and sometimes someone's smile makes us to forget time gud noon",0,en,sms,uci,,uci_sms,train
"SMS. ac JSco: Energy is high, but u may not know where 2channel it. 2day ur leadership skills r strong. Psychic? Reply ANS w/question. End? Reply END JSCO",1,en,sms,uci,,uci_sms,train
Host-based IDPS for linux systems.,0,en,sms,uci,,uci_sms,test
"HOT LIVE FANTASIES call now 08707509020 Just 20p per min NTT Ltd, PO Box 1327 Croydon CR9 5WB 0870 is a national rate call",1,en,sms,uci,,uci_sms,train
Don no da:)whats you plan?,0,en,sms,uci,,uci_sms,test
Ill be there on  &lt;#&gt;  ok.,0,en,sms,uci,,uci_sms,train
Oh my God. I'm almost home,0,en,sms,uci,,uci_sms,train
Total video converter free download type this in google search:),0,en,sms,uci,,uci_sms,test
Thanks for the Vote. Now sing along with the stars with Karaoke on your mobile. For a FREE link just reply with SING now.,1,en,sms,uci,,uci_sms,train
"Wen ur lovable bcums angry wid u, dnt take it seriously.. Coz being angry is d most childish n true way of showing deep affection, care n luv!.. kettoda manda... Have nice day da.",0,en,sms,uci,,uci_sms,test
Sounds like something that someone testing me would sayy,0,en,sms,uci,,uci_sms,test
When u love someone Dont make them to love u as much as u do. But Love them so much that they dont want to be loved by anyone except you... Gud nit.,0,en,sms,uci,,uci_sms,train
"Pete,is this your phone still? Its Jenny from college and Leanne.what are you up to now?:)",0,en,sms,uci,,uci_sms,train
Oops sorry. Just to check that you don't mind picking me up tomo at half eight from station. Would that be ok?,0,en,sms,uci,,uci_sms,train
"Hey sweet, I was wondering when you had a moment if you might come to me ? I want to send a file to someone but it won't go over yahoo for them because their connection sucks, remember when you set up that page for me to go to and download the format disc ? Could you tell me how to do that ? Or do you know some other way to download big files ? Because they can download stuff directly from the internet. Any help would be great, my prey ... *teasing kiss*",0,en,sms,uci,,uci_sms,train
Hows the champ just leaving glasgow!,0,en,sms,uci,,uci_sms,train
K:)all the best:)congrats...,0,en,sms,uci,,uci_sms,train
I wonder if you'll get this text?,0,en,sms,uci,,uci_sms,train
I need to come home and give you some good lovin...,0,en,sms,uci,,uci_sms,test
Our brand new mobile music service is now live. The free music player will arrive shortly. Just install on your phone to browse content from the top artists.,1,en,sms,uci,,uci_sms,train
Shall i ask one thing if you dont mistake me.,0,en,sms,uci,,uci_sms,train
Check wid corect speling i.e. Sarcasm,0,en,sms,uci,,uci_sms,test
"URGENT! Your Mobile No was awarded a £2,000 Bonus Caller Prize on 1/08/03! This is our 2nd attempt to contact YOU! Call 0871-4719-523 BOX95QU BT National Rate",1,en,sms,uci,,uci_sms,train
Are you angry with me. What happen dear,0,en,sms,uci,,uci_sms,train
I thk u dun haf 2 hint in e forum already lor... Cos i told ron n darren is going 2 tell shuhui.,0,en,sms,uci,,uci_sms,test
Yup ok thanx...,0,en,sms,uci,,uci_sms,test
Hi:)cts employee how are you?,0,en,sms,uci,,uci_sms,train
Pls pls find out from aunt nike.,0,en,sms,uci,,uci_sms,train
"Wow ... I love you sooo much, you know ? I can barely stand it ! I wonder how your day goes and if you are well, my love ... I think of you and miss you",0,en,sms,uci,,uci_sms,train
No screaming means shouting..,0,en,sms,uci,,uci_sms,train
Hey what happen de. Are you alright.,0,en,sms,uci,,uci_sms,train
Should I have picked up a receipt or something earlier,0,en,sms,uci,,uci_sms,train
I think chennai well settled?,0,en,sms,uci,,uci_sms,train
Oh dang! I didn't mean o send that to you! Lol!,0,en,sms,uci,,uci_sms,train
Unfortunately i've just found out that we have to pick my sister up from the airport that evening so don't think i'll be going out at all. We should try to go out one of th,0,en,sms,uci,,uci_sms,train
Horrible bf... I now v hungry...,0,en,sms,uci,,uci_sms,train
Remember on that day..,0,en,sms,uci,,uci_sms,train
You have won a Nokia 7250i. This is what you get when you win our FREE auction. To take part send Nokia to 86021 now. HG/Suite342/2Lands Row/W1JHL 16+,1,en,sms,uci,,uci_sms,train
How's it feel? Mr. Your not my real Valentine just my yo Valentine even tho u hardly play!!,0,en,sms,uci,,uci_sms,test
All sounds good. Fingers . Makes it difficult to type,0,en,sms,uci,,uci_sms,train
Midnight at the earliest,0,en,sms,uci,,uci_sms,train
You're not sure that I'm not trying to make xavier smoke because I don't want to smoke after being told I smoke too much?,0,en,sms,uci,,uci_sms,train
K come to nordstrom when you're done,0,en,sms,uci,,uci_sms,train
Do u konw waht is rael FRIENDSHIP Im gving yuo an exmpel: Jsut ese tihs msg.. Evrey splleing of tihs msg is wrnog.. Bt sitll yuo can raed it wihtuot ayn mitsake.. GOODNIGHT &amp; HAVE A NICE SLEEP..SWEET DREAMS..,0,en,sms,uci,,uci_sms,train
Now press conference da:),0,en,sms,uci,,uci_sms,train
"Hello from Orange. For 1 month's free access to games, news and sport, plus 10 free texts and 20 photo messages, reply YES. Terms apply: www.orange.co.uk/ow",1,en,sms,uci,,uci_sms,train
After completed degree. There is no use in joining finance.,0,en,sms,uci,,uci_sms,test
"Good afternoon, my love ! Any job prospects ? Are you missing me ? What do you do ? Are you being lazy and bleak, hmmm ? Or happy and filled with my love ?",0,en,sms,uci,,uci_sms,train
Shant disturb u anymore... Jia you...,0,en,sms,uci,,uci_sms,train
Bishan lar nearer... No need buy so early cos if buy now i gotta park my car...,0,en,sms,uci,,uci_sms,train
"Me, i dont know again oh",0,en,sms,uci,,uci_sms,train
Dude sux for snake. He got old and raiden got buff,0,en,sms,uci,,uci_sms,train
He says hi and to get your ass back to south tampa (preferably at a kegger),0,en,sms,uci,,uci_sms,train
In e msg jus now. U said thanks for gift.,0,en,sms,uci,,uci_sms,train
U too...,0,en,sms,uci,,uci_sms,train
Ok how you dear. Did you call chechi,0,en,sms,uci,,uci_sms,train
Yeah we do totes. When u wanna?,0,en,sms,uci,,uci_sms,train
Ok i found dis pierre cardin one which looks normal costs 20 its on sale.,0,en,sms,uci,,uci_sms,train
Good sleep is about rhythm. The person has to establish a rhythm that the body will learn and use. If you want to know more :-),0,en,sms,uci,,uci_sms,train
Wat r u doing?,0,en,sms,uci,,uci_sms,train
Message from . I am at Truro Hospital on ext. You can phone me here. as I have a phone by my side,0,en,sms,uci,,uci_sms,train
"Single line with a big meaning::::: ""Miss anything 4 ur ""Best Life"" but, don't miss ur best life for anything... Gud nyt...",0,en,sms,uci,,uci_sms,train
"Just got some gas money, any chance you and the gang want to go on a grand nature adventure?",0,en,sms,uci,,uci_sms,train
Dnt worry...use ice pieces in a cloth pack.also take 2 tablets.,0,en,sms,uci,,uci_sms,train
Dude just saw a parked car with its sunroof popped up. Sux,0,en,sms,uci,,uci_sms,train
Get ready to put on your excellent sub face :),0,en,sms,uci,,uci_sms,train
Tmrw. Im finishing 9 doors,0,en,sms,uci,,uci_sms,train
"The  &lt;#&gt; g that i saw a few days ago, the guy wants sell wifi only for  &lt;#&gt;  and with 3g for  &lt;#&gt; . That's why i blanked him.",0,en,sms,uci,,uci_sms,train
I am late. I will be there at,0,en,sms,uci,,uci_sms,test
"whatever, im pretty pissed off.",0,en,sms,uci,,uci_sms,train
Today is ACCEPT DAY..U Accept me as? Brother Sister Lover Dear1 Best1 Clos1 Lvblefrnd Jstfrnd Cutefrnd Lifpartnr Belovd Swtheart Bstfrnd No rply means enemy,0,en,sms,uci,,uci_sms,train
I dont have that much image in class.,0,en,sms,uci,,uci_sms,test
No:-)i got rumour that you going to buy apartment in chennai:-),0,en,sms,uci,,uci_sms,train
Near kalainar tv office.thenampet,0,en,sms,uci,,uci_sms,train
Ur cash-balance is currently 500 pounds - to maximize ur cash-in now send GO to 86688 only 150p/msg. CC 08718720201 HG/Suite342/2Lands Row/W1J6HL,1,en,sms,uci,,uci_sms,train
SMS AUCTION - A BRAND NEW Nokia 7250 is up 4 auction today! Auction is FREE 2 join & take part! Txt NOKIA to 86021 now! HG/Suite342/2Lands Row/W1J6HL,1,en,sms,uci,,uci_sms,test
My sis is catching e show in e afternoon so i'm not watching w her. So c u wan 2 watch today or tmr lor.,0,en,sms,uci,,uci_sms,test
"Sounds gd... Haha... Can... Wah, u yan jiu so fast liao...",0,en,sms,uci,,uci_sms,train
No. To be nosy I guess. Idk am I over reacting if I'm freaked?,0,en,sms,uci,,uci_sms,train
"Remember all those whom i hurt during days of satanic imposter in me.need to pay a price,so be it.may destiny keep me going and as u said pray that i get the mind to get over the same.",0,en,sms,uci,,uci_sms,train
How to Make a girl Happy? It's not at all difficult to make girls happy. U only need to be... 1. A friend 2. Companion 3. Lover 4. Chef . . .  &lt;#&gt; . Good listener  &lt;#&gt; . Organizer  &lt;#&gt; . Good boyfriend  &lt;#&gt; . Very clean  &lt;#&gt; . Sympathetic  &lt;#&gt; . Athletic  &lt;#&gt; . Warm . . .  &lt;#&gt; . Courageous  &lt;#&gt; . Determined  &lt;#&gt; . True  &lt;#&gt; . Dependable  &lt;#&gt; . Intelligent . . .  &lt;#&gt; . Psychologist  &lt;#&gt; . Pest exterminator  &lt;#&gt; . Psychiatrist  &lt;#&gt; . Healer . .  &lt;#&gt; . Stylist  &lt;#&gt; . Driver . . Aaniye pudunga venaam..,0,en,sms,uci,,uci_sms,train
"Why is that, princess? I bet the brothas are all chasing you!",0,en,sms,uci,,uci_sms,test
"I shall book chez jules for half eight, if that's ok with you?",0,en,sms,uci,,uci_sms,train
Hhahhaahahah rofl wtf nig was leonardo in your room or something,0,en,sms,uci,,uci_sms,train
"Yep, at derek's house now, see you Sunday &lt;3",0,en,sms,uci,,uci_sms,train
"It's cool, let me know before it kicks off around  &lt;#&gt; , I'll be out and about all day",0,en,sms,uci,,uci_sms,train
"Sorry, I'll call later",0,en,sms,uci,,uci_sms,test
I was wondering if it would be okay for you to call uncle john and let him know that things are not the same in nigeria as they r here. That  &lt;#&gt;  dollars is 2years sent and that you know its a strain but i plan to pay back every dime he gives. Every dime so for me to expect anything from you is not practical. Something like that.,0,en,sms,uci,,uci_sms,train
There are no other charges after transfer charges and you can withdraw anyhow you like,0,en,sms,uci,,uci_sms,train
"Dont search love, let love find U. Thats why its called falling in love, bcoz U dont force yourself, U just fall and U know there is smeone to hold U... BSLVYL",0,en,sms,uci,,uci_sms,train
At 4. Let's go to bill millers,0,en,sms,uci,,uci_sms,train
I love you. You set my soul on fire. It is not just a spark. But it is a flame. A big rawring flame. XoXo,0,en,sms,uci,,uci_sms,train
"Somewhr someone is surely made 4 u. And God has decided a perfect time to make u meet dat person. . . . till den, . . . . . Enjoy ur crushes..!!!;-)",0,en,sms,uci,,uci_sms,train
That's my honeymoon outfit. :),0,en,sms,uci,,uci_sms,test
Will it help if we propose going back again tomorrow,0,en,sms,uci,,uci_sms,train
PRIVATE! Your 2003 Account Statement for shows 800 un-redeemed S. I. M. points. Call 08719899230 Identifier Code: 41685 Expires 07/11/04,1,en,sms,uci,,uci_sms,train
Never blame a day in ur life. Good days give u happiness. Bad days give u experience. Both are essential in life! All are Gods blessings! good morning.:,0,en,sms,uci,,uci_sms,train
Pls confirm the time to collect the cheque.,0,en,sms,uci,,uci_sms,test
As a Registered Subscriber yr draw 4 a £100 gift voucher will b entered on receipt of a correct ans. When are the next olympics. Txt ans to 80062,1,en,sms,uci,,uci_sms,train
URGENT! Your Mobile number has been awarded with a £2000 prize GUARANTEED. Call 09061790121 from land line. Claim 3030. Valid 12hrs only 150ppm,1,en,sms,uci,,uci_sms,test
Daddy will take good care of you :),0,en,sms,uci,,uci_sms,train
"Yeah probably, I still gotta check out with leo",0,en,sms,uci,,uci_sms,train
K.then any other special?,0,en,sms,uci,,uci_sms,train
Carlos is taking his sweet time as usual so let me know when you and patty are done/want to smoke and I'll tell him to haul ass,0,en,sms,uci,,uci_sms,train
Ok pa. Nothing problem:-),0,en,sms,uci,,uci_sms,train
Have you heard about that job? I'm going to that wildlife talk again tonight if u want2come. Its that2worzels and a wizzle or whatever it is?! ,0,en,sms,uci,,uci_sms,train
"God picked up a flower and dippeditinaDEW, lovingly touched itwhichturnedinto u, and the he gifted tomeandsaid,THIS FRIEND IS 4U",0,en,sms,uci,,uci_sms,train
When you came to hostel.,0,en,sms,uci,,uci_sms,train
Ok no prob... I'll come after lunch then...,0,en,sms,uci,,uci_sms,train
Jus telling u dat i'll b leaving 4 shanghai on 21st instead so we'll haf more time 2 meet up cya...,0,en,sms,uci,,uci_sms,train
Are your freezing ? Are you home yet ? Will you remember to kiss your mom in the morning? Do you love me ? Do you think of me ? Are you missing me yet ?,0,en,sms,uci,,uci_sms,train
You all ready for * big day tomorrow?,0,en,sms,uci,,uci_sms,train
I'll probably be around mu a lot,0,en,sms,uci,,uci_sms,train
645,0,en,sms,uci,,uci_sms,train
RT-KIng Pro Video Club>> Need help? info@ringtoneking.co.uk or call 08701237397 You must be 16+ Club credits redeemable at www.ringtoneking.co.uk! Enjoy!,1,en,sms,uci,,uci_sms,train
Thnx dude. u guys out 2nite?,0,en,sms,uci,,uci_sms,train
Me sef dey laugh you. Meanwhile how's my darling anjie!,0,en,sms,uci,,uci_sms,train
Mm i had my food da from out,0,en,sms,uci,,uci_sms,train
"K, makes sense, btw carlos is being difficult so you guys are gonna smoke while I go pick up the second batch and get gas",0,en,sms,uci,,uci_sms,train
Did u download the fring app?,0,en,sms,uci,,uci_sms,train
The 2 oz guy is being kinda flaky but one friend is interested in picking up $ &lt;#&gt;  worth tonight if possible,0,en,sms,uci,,uci_sms,train
Friends that u can stay on fb chat with,0,en,sms,uci,,uci_sms,train
"Fuck babe, I miss you sooooo much !! I wish you were here to sleep with me ... My bed is so lonely ... I go now, to sleep ... To dream of you, my love ...",0,en,sms,uci,,uci_sms,train
"Living is very simple.. Loving is also simple.. Laughing is too simple.. Winning is tooo simple.. But, being 'SIMPLE' is very difficult.. Gud nte.:-",0,en,sms,uci,,uci_sms,test
U have a secret admirer who is looking 2 make contact with U-find out who they R*reveal who thinks UR so special-call on 09058094599,1,en,sms,uci,,uci_sms,test
"Ah, well that confuses things, doesn‘t it?",0,en,sms,uci,,uci_sms,train
500 free text msgs. Just text ok to 80488 and we'll credit your account,1,en,sms,uci,,uci_sms,train
Hi Dear Call me its urgnt. I don't know whats your problem. You don't want to work or if you have any other problem at least tell me. Wating for your reply.,0,en,sms,uci,,uci_sms,train
Dear how you. Are you ok?,0,en,sms,uci,,uci_sms,test
"You have been selected to stay in 1 of 250 top British hotels - FOR NOTHING! Holiday Worth £350! To Claim, Call London 02072069400. Bx 526, SW73SS",1,en,sms,uci,,uci_sms,train
Yes princess! I want to make you happy...,0,en,sms,uci,,uci_sms,train
Sounds like you have many talents! would you like to go on a dinner date next week?,0,en,sms,uci,,uci_sms,test
I am going to film 2day da. At 6pm. Sorry da.,0,en,sms,uci,,uci_sms,train
We not watching movie already. Xy wants 2 shop so i'm shopping w her now.,0,en,sms,uci,,uci_sms,train
Hello my little party animal! I just thought I'd buzz you as you were with your friends ...*grins*... Reminding you were loved and send a naughty adoring kiss,0,en,sms,uci,,uci_sms,train
Yesterday its with me only . Now am going home.,0,en,sms,uci,,uci_sms,test
"Eerie Nokia tones 4u, rply TONE TITLE to 8007 eg TONE DRACULA to 8007 Titles: GHOST, ADDAMSFA, MUNSTERS, EXORCIST, TWILIGHT www.getzed.co.uk POBox36504W45WQ 150p",1,en,sms,uci,,uci_sms,train
"You have come into my life and brought the sun ..Shiny down on me, warming my heart. Putting a constant smile on my face ... Making me feel loved and cared for",0,en,sms,uci,,uci_sms,train
"No shit, but I wasn't that surprised, so I went and spent the evening with that french guy I met in town here and we fooled around a bit but I didn't let him fuck me",0,en,sms,uci,,uci_sms,train
"0A$NETWORKS allow companies to bill for SMS, so they are responsible for their ""suppliers"", just as a shop has to give a guarantee on what they sell. B. G.",1,en,sms,uci,,uci_sms,train
Great comedy..cant stop laughing da:),0,en,sms,uci,,uci_sms,train
FreeMsg:Feelin kinda lnly hope u like 2 keep me company! Jst got a cam moby wanna c my pic?Txt or reply DATE to 82242 Msg150p 2rcv Hlp 08712317606 stop to 82242,1,en,sms,uci,,uci_sms,test
"Alright, we're all set here, text the man",0,en,sms,uci,,uci_sms,train
"Hi , where are you? We're at  and they're not keen to go out i kind of am but feel i shouldn't so can we go out tomo, don't mind do you?",0,en,sms,uci,,uci_sms,train
Sleeping nt feeling well,0,en,sms,uci,,uci_sms,test
U WILL SWITCH YOUR FONE ON DAMMIT!!,0,en,sms,uci,,uci_sms,test
India have to take lead:),0,en,sms,uci,,uci_sms,test
I.ll post her out l8r. In class,0,en,sms,uci,,uci_sms,test
Thts wat Wright Brother did to fly..,0,en,sms,uci,,uci_sms,train
"Evening * v good if somewhat event laden. Will fill you in, don't you worry … Head * ok but throat * wrecked. See you at six then!",0,en,sms,uci,,uci_sms,train
If u laugh really loud.. If u talk spontaneously.. If u dont care what others feel.. U are probably with your dear &amp; best friends.. GOODEVENING Dear..:),0,en,sms,uci,,uci_sms,train
ITS A LAPTOP TAKE IT WITH YOU.,0,en,sms,uci,,uci_sms,train
I dont have any of your file in my bag..i was in work when you called me.i 'll tell you if i find anything in my room.,0,en,sms,uci,,uci_sms,train
I wan but too early lei... Me outside now wun b home so early... Neva mind then...,0,en,sms,uci,,uci_sms,train
"For ur chance to win a £250 cash every wk TXT: ACTION to 80608. T's&C's www.movietrivia.tv custcare 08712405022, 1x150p/wk",1,en,sms,uci,,uci_sms,train
I was at bugis juz now wat... But now i'm walking home oredi... Ü so late then reply... I oso saw a top dat i like but din buy... Where r ü now? ,0,en,sms,uci,,uci_sms,train
"Wishing you and your family Merry ""X"" mas and HAPPY NEW Year in advance..",0,en,sms,uci,,uci_sms,train
At 7 we will go ok na.,0,en,sms,uci,,uci_sms,train
Yes I posted a couple of pics on fb. There's still snow outside too. I'm just waking up :),0,en,sms,uci,,uci_sms,train
S:-)if we have one good partnership going we will take lead:),0,en,sms,uci,,uci_sms,train
RGENT! This is the 2nd attempt to contact U!U have WON £1250 CALL 09071512433 b4 050703 T&CsBCM4235WC1N3XX. callcost 150ppm mobilesvary. max£7. 50,1,en,sms,uci,,uci_sms,train
"Yeah, where's your class at?",0,en,sms,uci,,uci_sms,test
No just send to you. Bec you in temple na.,0,en,sms,uci,,uci_sms,train
"You aren't coming home between class, right? I need to work out and shower!",0,en,sms,uci,,uci_sms,train
Hi if ur lookin 4 saucy daytime fun wiv busty married woman Am free all next week Chat now 2 sort time 09099726429 JANINExx Calls£1/minMobsmoreLKPOBOX177HP51FL,1,en,sms,uci,,uci_sms,train
S but mostly not like that.,0,en,sms,uci,,uci_sms,train
Ü v ma fan...,0,en,sms,uci,,uci_sms,train
Dunno cos i was v late n when i reach they inside already... But we ate spageddies lor... It's e gals who r laughing at me lor...,0,en,sms,uci,,uci_sms,train
Guess who spent all last night phasing in and out of the fourth dimension,0,en,sms,uci,,uci_sms,train
So now my dad is gonna call after he gets out of work and ask all these crazy questions.,0,en,sms,uci,,uci_sms,train
"Yes..but they said its IT.,",0,en,sms,uci,,uci_sms,train
"Very hurting n meaningful lines ever: ""I compromised everything for my love, But at d end my love compromised me for everything:-("".. Gud mornin:-)",0,en,sms,uci,,uci_sms,train
Lmao!nice 1,0,en,sms,uci,,uci_sms,test
Glad to see your reply.,0,en,sms,uci,,uci_sms,train
URGENT! We are trying to contact U. Todays draw shows that you have won a £800 prize GUARANTEED. Call 09050001295 from land line. Claim A21. Valid 12hrs only,1,en,sms,uci,,uci_sms,test
Monthly password for wap. mobsi.com is 391784. Use your wap phone not PC.,1,en,sms,uci,,uci_sms,train
Nah dub but je still buff,0,en,sms,uci,,uci_sms,train
"Painful words- ""I thought being Happy was the most toughest thing on Earth... But, the toughest is acting Happy with all unspoken pain inside..""",0,en,sms,uci,,uci_sms,test
"Yeah, that's fine! It's £6 to get in, is that ok? ",0,en,sms,uci,,uci_sms,train
Lol where do u come up with these ideas?,0,en,sms,uci,,uci_sms,test
"So many people seems to be special at first sight, But only very few will remain special to you till your last sight.. Maintain them till life ends.. Sh!jas",0,en,sms,uci,,uci_sms,train
"Today is ""song dedicated day.."" Which song will u dedicate for me? Send this to all ur valuable frnds but first rply me...",0,en,sms,uci,,uci_sms,train
Okay... We wait ah,0,en,sms,uci,,uci_sms,train
Y lei?,0,en,sms,uci,,uci_sms,train
HI BABE U R MOST LIKELY TO BE IN BED BUT IM SO SORRY ABOUT TONIGHT! I REALLY WANNA SEE U TOMORROW SO CALL ME AT 9. LOVE ME XXX,0,en,sms,uci,,uci_sms,train
Already am squatting is the new way of walking,0,en,sms,uci,,uci_sms,train
Do you want bold 2 or bb torch,0,en,sms,uci,,uci_sms,train
Cramps stopped. Going back to sleep,0,en,sms,uci,,uci_sms,train
todays vodafone numbers ending with 0089(my last four digits) are selected to received a £350 award. If your number matches please call 09063442151 to claim your £350 award,1,en,sms,uci,,uci_sms,train
Free Top ringtone -sub to weekly ringtone-get 1st week free-send SUBPOLY to 81618-?3 per week-stop sms-08718727870,1,en,sms,uci,,uci_sms,train
Nan sonathaya soladha. Why boss?,0,en,sms,uci,,uci_sms,train
Bring tat cd don forget,0,en,sms,uci,,uci_sms,train
Sunshine Quiz Wkly Q! Win a top Sony DVD player if u know which country the Algarve is in? Txt ansr to 82277. £1.50 SP:Tyrone,1,en,sms,uci,,uci_sms,train
I don't know but I'm raping dudes at poker,0,en,sms,uci,,uci_sms,train
Weightloss! No more girl friends. Make loads of money on ebay or something. And give thanks to God.,0,en,sms,uci,,uci_sms,train
Was gr8 to see that message. So when r u leaving? Congrats dear. What school and wat r ur plans.,0,en,sms,uci,,uci_sms,train
Ü eatin later but i'm eatin wif my frens now lei... Ü going home first? ,0,en,sms,uci,,uci_sms,test
Finish already... Yar they keep saying i mushy... I so embarrassed ok...,0,en,sms,uci,,uci_sms,train
"Sorry man, my stash ran dry last night and I can't pick up more until sunday",0,en,sms,uci,,uci_sms,train
Hai priya are you right. What doctor said pa. Where are you.,0,en,sms,uci,,uci_sms,train
"Free msg. Sorry, a service you ordered from 81303 could not be delivered as you do not have sufficient credit. Please top up to receive the service.",1,en,sms,uci,,uci_sms,train
Ok...,0,en,sms,uci,,uci_sms,train
Please ask mummy to call father,0,en,sms,uci,,uci_sms,train
Can come my room but cannot come my house cos my house still messy... Haha...,0,en,sms,uci,,uci_sms,train
I have lost 10 kilos as of today!,0,en,sms,uci,,uci_sms,test
Just taste fish curry :-P,0,en,sms,uci,,uci_sms,test
What can i do? Might accidant tookplace between somewhere ghodbandar rd. Traffic moves slovely. So plz slip &amp; don't worry.,0,en,sms,uci,,uci_sms,train
Yun ah.now ü wkg where?btw if ü go nus sc. Ü wana specialise in wad?,0,en,sms,uci,,uci_sms,train
Yes! I am a one woman man! Please tell me your likes and dislikes in bed...,0,en,sms,uci,,uci_sms,train
Was doing my test earlier. I appreciate you. Will call you tomorrow.,0,en,sms,uci,,uci_sms,test
"How's my loverboy doing ? What does he do that keeps him from coming to his Queen, hmmm ? Doesn't he ache to speak to me ? Miss me desparately ?",0,en,sms,uci,,uci_sms,train
U meet other fren dun wan meet me ah... Muz b a guy rite...,0,en,sms,uci,,uci_sms,train
"(No promises on when though, haven't even gotten dinner yet)",0,en,sms,uci,,uci_sms,train
I got your back! Do you have any dislikes in bed?,0,en,sms,uci,,uci_sms,test
o turns out i had stereo love on mi phone under the unknown album.,0,en,sms,uci,,uci_sms,train
Hard LIVE 121 chat just 60p/min. Choose your girl and connect LIVE. Call 09094646899 now! Cheap Chat UK's biggest live service. VU BCM1896WC1N3XX,1,en,sms,uci,,uci_sms,train
Yeah I don't see why not,0,en,sms,uci,,uci_sms,train
Asking do u knw them or nt? May be ur frnds or classmates?,0,en,sms,uci,,uci_sms,test
"Sorry about earlier. Putting out fires.Are you around to talk after 9? Or do you actually have a life, lol!",0,en,sms,uci,,uci_sms,train
WOW! The Boys R Back. TAKE THAT 2007 UK Tour. Win VIP Tickets & pre-book with VIP Club. Txt CLUB to 81303. Trackmarque Ltd info@vipclub4u.,1,en,sms,uci,,uci_sms,train
"As in missionary hook up, doggy hook up, standing...|",0,en,sms,uci,,uci_sms,train
Then u better go sleep.. Dun disturb u liao.. U wake up then msg me lor..,0,en,sms,uci,,uci_sms,train
"Fighting with the world is easy, u either win or lose bt fightng with some1 who is close to u is dificult if u lose - u lose if u win - u still lose.",0,en,sms,uci,,uci_sms,train
Am watching house – very entertaining – am getting the whole hugh laurie thing – even with the stick – indeed especially with the stick.,0,en,sms,uci,,uci_sms,train
Thought praps you meant another one. Goodo! I'll look tomorrow ,0,en,sms,uci,,uci_sms,train
"Hi Jon, Pete here, Ive bin 2 Spain recently & hav sum dinero left, Bill said u or ur rents mayb interested in it, I hav 12,000pes, so around £48, tb, James.",0,en,sms,uci,,uci_sms,train
There bold 2  &lt;#&gt; . Is that yours,0,en,sms,uci,,uci_sms,train
You know there is. I shall speak to you in  &lt;#&gt;  minutes then,0,en,sms,uci,,uci_sms,train
"""ALRITE HUNNY!WOT U UP 2 2NITE? DIDNT END UP GOIN DOWN TOWN JUS DA PUB INSTEAD! JUS CHILLIN AT DA MO IN ME BEDROOM!LOVE JEN XXX.""",0,en,sms,uci,,uci_sms,train
I went to project centre,0,en,sms,uci,,uci_sms,train
As per your request 'Maangalyam (Alaipayuthe)' has been set as your callertune for all Callers. Press *9 to copy your friends Callertune,0,en,sms,uci,,uci_sms,train
Lol yeah at this point I guess not,0,en,sms,uci,,uci_sms,train
Doing project w frens lor. ,0,en,sms,uci,,uci_sms,train
Lol. Well quality aint bad at all so i aint complaining,0,en,sms,uci,,uci_sms,train
"K, can that happen tonight?",0,en,sms,uci,,uci_sms,train
"Hi, this is Mandy Sullivan calling from HOTMIX FM...you are chosen to receive £5000.00 in our Easter Prize draw.....Please telephone 09041940223 to claim before 29/03/05 or your prize will be transferred to someone else....",1,en,sms,uci,,uci_sms,train
"I think we're going to finn's now, come",0,en,sms,uci,,uci_sms,test
Why tired what special there you had,0,en,sms,uci,,uci_sms,train
I will come tomorrow di,0,en,sms,uci,,uci_sms,train
I cant pick the phone right now. Pls send a message,0,en,sms,uci,,uci_sms,train
K go and sleep well. Take rest:-).,0,en,sms,uci,,uci_sms,train
U guys never invite me anywhere :(,0,en,sms,uci,,uci_sms,train
UR GOING 2 BAHAMAS! CallFREEFONE 08081560665 and speak to a live operator to claim either Bahamas cruise of£2000 CASH 18+only. To opt out txt X to 07786200117,1,en,sms,uci,,uci_sms,train
I can do that! I want to please you both inside and outside the bedroom...,0,en,sms,uci,,uci_sms,train
"""EY! CALM DOWNON THEACUSATIONS.. ITXT U COS IWANA KNOW WOTU R DOIN AT THEW/END... HAVENTCN U IN AGES..RING ME IF UR UP4 NETHING SAT.LOVE J XXX.""",0,en,sms,uci,,uci_sms,train
I love to wine and dine my lady!,0,en,sms,uci,,uci_sms,train
Someone has conacted our dating service and entered your phone because they fancy you!To find out who it is call from landline 09111030116. PoBox12n146tf15,1,en,sms,uci,,uci_sms,train
"Im cool ta luv but v.tired 2 cause i have been doin loads of planning all wk, we have got our social services inspection at the nursery! Take care & spk sn x.",0,en,sms,uci,,uci_sms,test
I don know account details..i will ask my mom and send you.my mom is out of reach now.,0,en,sms,uci,,uci_sms,train
I think u have the wrong number.,0,en,sms,uci,,uci_sms,train
Feel Yourself That You Are Always Happy.. Slowly It Becomes Your Habit &amp; Finally It Becomes Part Of Your Life.. Follow It.. Happy Morning &amp; Have A Happy Day:),0,en,sms,uci,,uci_sms,train
DO NOT B LATE LOVE MUM,0,en,sms,uci,,uci_sms,test
Got it..mail panren paru..,0,en,sms,uci,,uci_sms,train
* Was thinking about chuckin ur red green n black trainners 2 save carryin them bac on train,0,en,sms,uci,,uci_sms,train
Give one miss from that number please,0,en,sms,uci,,uci_sms,train
Jus came back fr lunch wif my sis only. U leh?,0,en,sms,uci,,uci_sms,train
How is your schedule next week? I am out of town this weekend.,0,en,sms,uci,,uci_sms,train
Really good:)dhanush rocks once again:),0,en,sms,uci,,uci_sms,test
Lmao ok I wont be needing u to do my hair anymore.,0,en,sms,uci,,uci_sms,train
"Miss ya, need ya, want ya, love ya.",0,en,sms,uci,,uci_sms,train
Sorry i'm not free...,0,en,sms,uci,,uci_sms,train
Do u ever get a song stuck in your head for no reason and it won't go away til u listen to it like 5 times?,0,en,sms,uci,,uci_sms,train
Nt yet chikku..simple habba..hw abt u?,0,en,sms,uci,,uci_sms,test
"Got ur mail Dileep.thank you so muchand look forward to lots of support...very less contacts here,remember one venugopal you mentioned.tomorrow if not late,i shall try to come up till there.goodnight dear.",0,en,sms,uci,,uci_sms,test
Sometimes Heart Remembrs someone Very much... Forgets someone soon... Bcoz Heart will not like everyone. But liked ones will be Remembered Everytime... BSLVYL,0,en,sms,uci,,uci_sms,test
Joy's father is John. Then John is the NAME of Joy's father. Mandan,0,en,sms,uci,,uci_sms,train
Hi 07734396839 IBH Customer Loyalty Offer: The NEW NOKIA6600 Mobile from ONLY £10 at TXTAUCTION!Txt word:START to No:81151 & get Yours Now!4T&,1,en,sms,uci,,uci_sms,train
Hi this is yijue... It's regarding the 3230 textbook it's intro to algorithms second edition... I'm selling it for $50...,0,en,sms,uci,,uci_sms,train
SMS AUCTION You have won a Nokia 7250i. This is what you get when you win our FREE auction. To take part send Nokia to 86021 now. HG/Suite342/2Lands Row/W1JHL 16+,1,en,sms,uci,,uci_sms,train
"K, want us to come by now?",0,en,sms,uci,,uci_sms,train
How. Its a little difficult but its a simple way to enter this place,0,en,sms,uci,,uci_sms,train
Ha... Both of us doing e same thing. But i got tv 2 watch. U can thk of where 2 go tonight or u already haf smth in mind...,0,en,sms,uci,,uci_sms,train
Dont show yourself. How far. Put new pictures up on facebook.,0,en,sms,uci,,uci_sms,train
Watching tv now. I got new job :),0,en,sms,uci,,uci_sms,train
"Good afternoon sexy buns! How goes the job search ? I wake and you are my first thought as always, my love. I wish your fine and happy and know I adore you!",0,en,sms,uci,,uci_sms,train
"I'm not coming over, do whatever you want",0,en,sms,uci,,uci_sms,train
"Its ok chikku, and its my 1 of favourite song..:-)",0,en,sms,uci,,uci_sms,train
Did u see what I posted on your Facebook?,0,en,sms,uci,,uci_sms,train
Call FREEPHONE 0800 542 0578 now!,1,en,sms,uci,,uci_sms,test
Buy Space Invaders 4 a chance 2 win orig Arcade Game console. Press 0 for Games Arcade (std WAP charge) See o2.co.uk/games 4 Terms + settings. No purchase,1,en,sms,uci,,uci_sms,train
"7 wonders in My WORLD 7th You 6th Ur style 5th Ur smile 4th Ur Personality 3rd Ur Nature 2nd Ur SMS and 1st ""Ur Lovely Friendship""... good morning dear",0,en,sms,uci,,uci_sms,train
"Loan for any purpose £500 - £75,000. Homeowners + Tenants welcome. Have you been previously refused? We can still help. Call Free 0800 1956669 or text back 'help'",1,en,sms,uci,,uci_sms,train
BIG BROTHER ALERT! The computer has selected u for 10k cash or #150 voucher. Call 09064018838. NTT PO Box CRO1327 18+ BT Landline Cost 150ppm mobiles vary,1,en,sms,uci,,uci_sms,train
";-( oh well, c u later",0,en,sms,uci,,uci_sms,test
My uncles in Atlanta. Wish you guys a great semester.,0,en,sms,uci,,uci_sms,train
No dear i do have free messages without any recharge. Hi hi hi,0,en,sms,uci,,uci_sms,train
"Dont search love, let love find U. Thats why its called falling in love, bcoz U dont force yourself, U just fall and U know there is smeone to hold U... BSLVYL",0,en,sms,uci,,uci_sms,test
I dun believe u. I thk u told him.,0,en,sms,uci,,uci_sms,train
"Do you know why god created gap between your fingers..? So that, One who is made for you comes &amp; fills those gaps by holding your hand with LOVE..!",0,en,sms,uci,,uci_sms,train
Yes:)sura in sun tv.:)lol.,0,en,sms,uci,,uci_sms,test
Arun can u transfr me d amt,0,en,sms,uci,,uci_sms,train
Takin a shower now but yeah I'll leave when I'm done,0,en,sms,uci,,uci_sms,test
Am not working but am up to eyes in philosophy so will text u later when a bit more free for chat...,0,en,sms,uci,,uci_sms,test
U havent lost me ill always b here 4u.i didnt intend 2 hurt u but I never knew how u felt about me when Iwas+marine&thats what itried2tell urmom.i careabout u,0,en,sms,uci,,uci_sms,train
"WIN: We have a winner! Mr. T. Foley won an iPod! More exciting prizes soon, so keep an eye on ur mobile or visit www.win-82050.co.uk",1,en,sms,uci,,uci_sms,test
You bad girl. I can still remember them,0,en,sms,uci,,uci_sms,train
How much i gave to you. Morning.,0,en,sms,uci,,uci_sms,test
"I hope your alright babe? I worry that you might have felt a bit desparate when you learned the job was a fake ? I am here waiting when you come back, my love",0,en,sms,uci,,uci_sms,train
"Hey, can you tell me blake's address? Carlos wanted me to meet him there but I got lost and he's not answering his phone",0,en,sms,uci,,uci_sms,train
Can i get your opinion on something first?,0,en,sms,uci,,uci_sms,train
That one week leave i put know that time. Why.,0,en,sms,uci,,uci_sms,train
"If we hit it off, you can move in with me :)",0,en,sms,uci,,uci_sms,train
excellent. I spent  &lt;#&gt;  years in the Air Force. Iraq and afghanistan. I am stable and honest. do you like traveling?,0,en,sms,uci,,uci_sms,train
I wanna watch that movie,0,en,sms,uci,,uci_sms,train
Ok lor thanx... Ü in school?,0,en,sms,uci,,uci_sms,train
I'm in class. Did you get my text.,0,en,sms,uci,,uci_sms,train
The bus leaves at  &lt;#&gt; ,0,en,sms,uci,,uci_sms,train
God bless.get good sleep my dear...i will pray!,0,en,sms,uci,,uci_sms,train
Todays Voda numbers ending 1225 are selected to receive a £50award. If you have a match please call 08712300220 quoting claim code 3100 standard rates app ,1,en,sms,uci,,uci_sms,train
Do have a nice day today. I love you so dearly.,0,en,sms,uci,,uci_sms,train
Aiyo a bit pai seh ü noe... Scared he dun rem who i am then die... Hee... But he become better lookin oredi leh...,0,en,sms,uci,,uci_sms,train
"Aight, I'll ask a few of my roommates",0,en,sms,uci,,uci_sms,train
"Now, whats your house # again ? And do you have any beer there ?",0,en,sms,uci,,uci_sms,test
Do ü all wan 2 meet up n combine all the parts? How's da rest of da project going?,0,en,sms,uci,,uci_sms,train
"""Getting tickets 4 walsall tue 6 th march. My mate is getting me them on sat. ill pay my treat. Want 2 go. Txt bak .Terry""",0,en,sms,uci,,uci_sms,train
Yes we are chatting too.,0,en,sms,uci,,uci_sms,test
HI ITS JESS I DONT KNOW IF YOU ARE AT WORK BUT CALL ME WHEN U CAN IM AT HOME ALL EVE. XXX,0,en,sms,uci,,uci_sms,test
Sian... Aft meeting supervisor got work 2 do liao... U working now?,0,en,sms,uci,,uci_sms,train
Are you going to write ccna exam this week??,0,en,sms,uci,,uci_sms,train
Well i will watch shrek in 3D!!B),0,en,sms,uci,,uci_sms,train
Am i that much dirty fellow?,0,en,sms,uci,,uci_sms,train
Dunno dat's wat he told me. Ok lor...,0,en,sms,uci,,uci_sms,train
I'll probably be by tomorrow (or even later tonight if something's going on),0,en,sms,uci,,uci_sms,train
I couldn't say no as he is a dying man and I feel sad for him so I will go and I just wanted you to know I would probably be gone late into your night,0,en,sms,uci,,uci_sms,train
If you're thinking of lifting me one then no.,0,en,sms,uci,,uci_sms,train
Same as u... Dun wan... Y u dun like me already ah... Wat u doing now? Still eating?,0,en,sms,uci,,uci_sms,train
Sent me ur email id soon,0,en,sms,uci,,uci_sms,train
Wat makes some people dearer is not just de happiness dat u feel when u meet them but de pain u feel when u miss dem!!!,0,en,sms,uci,,uci_sms,test
"Dude. What's up. How Teresa. Hope you have been okay. When i didnt hear from these people, i called them and they had received the package since dec  &lt;#&gt; . Just thot you'ld like to know. Do have a fantastic year and all the best with your reading. Plus if you can really really Bam first aid for Usmle, then your work is done.",0,en,sms,uci,,uci_sms,train
Hey gorgeous man. My work mobile number is. Have a good one babe. Squishy Mwahs.,0,en,sms,uci,,uci_sms,train
May i call You later Pls,0,en,sms,uci,,uci_sms,test
"Hottest pics straight to your phone!! See me getting Wet and Wanting, just for you xx Text PICS to 89555 now! txt costs 150p textoperator g696ga 18 XxX",1,en,sms,uci,,uci_sms,train
That's the way you should stay oh.,0,en,sms,uci,,uci_sms,test
Hello- thanx for taking that call. I got a job! Starts on monday!,0,en,sms,uci,,uci_sms,train
What time is ur flight tmr?,0,en,sms,uci,,uci_sms,train
When should I come over?,0,en,sms,uci,,uci_sms,test
I have a rather prominent bite mark on my right cheek,0,en,sms,uci,,uci_sms,train
* Will be september by then!,0,en,sms,uci,,uci_sms,train
Are you wet right now?,0,en,sms,uci,,uci_sms,test
And how's your husband.,0,en,sms,uci,,uci_sms,train
"Hack Chat. Get backdoor entry into 121 chat rooms at a fraction of the cost. Reply NEO69 or call 09050280520, to subscribe 25p pm. DPS, Bcm box 8027 Ldn, wc1n3xx",1,en,sms,uci,,uci_sms,train
Are we doing the norm tomorrow? I finish just a 4.15 cos of st tests. Need to sort library stuff out at some point tomo - got letter from today - access til end march so i better get move on!,0,en,sms,uci,,uci_sms,train
Yeah. I got a list with only u and Joanna if I'm feeling really anti social,0,en,sms,uci,,uci_sms,train
I am in your office na.,0,en,sms,uci,,uci_sms,test
"""Are you comingdown later?""",0,en,sms,uci,,uci_sms,test
Super da:)good replacement for murali,0,en,sms,uci,,uci_sms,train
Da is good good player.why he is unsold.,0,en,sms,uci,,uci_sms,train
Hi. || Do u want | to join me with sts later? || Meeting them at five. || Call u after class.,0,en,sms,uci,,uci_sms,test
Its on in engalnd! But telly has decided it won't let me watch it and mia and elliot were kissing! Damn it!,0,en,sms,uci,,uci_sms,test
"FREE NOKIA Or Motorola with upto 12mths 1/2price linerental, 500 FREE x-net mins&100txt/mth FREE B'tooth*. Call Mobileupd8 on 08001950382 or call 2optout/D3WV",1,en,sms,uci,,uci_sms,train
I dont want to hear philosophy. Just say what happen,0,en,sms,uci,,uci_sms,train
You got job in wipro:)you will get every thing in life in 2 or 3 years.,0,en,sms,uci,,uci_sms,test
Then cant get da laptop? My matric card wif ü lei... ,0,en,sms,uci,,uci_sms,test
Dunno da next show aft 6 is 850. Toa payoh got 650.,0,en,sms,uci,,uci_sms,train
"This is the 2nd time we have tried 2 contact u. U have won the 750 Pound prize. 2 claim is easy, call 08718726970 NOW! Only 10p per min. BT-national-rate ",1,en,sms,uci,,uci_sms,train
I just made some payments so dont have that much. Sorry. Would you want it fedex or the other way.,0,en,sms,uci,,uci_sms,test
They did't play one day last year know even though they have very good team.. Like india.,0,en,sms,uci,,uci_sms,test
K.:)you are the only girl waiting in reception ah?,0,en,sms,uci,,uci_sms,train
"Say this slowly.? GOD,I LOVE YOU &amp; I NEED YOU,CLEAN MY HEART WITH YOUR BLOOD.Send this to Ten special people &amp; u c miracle tomorrow, do it,pls,pls do it...",0,en,sms,uci,,uci_sms,train
I hate when she does this. She turns what should be a fun shopping trip into an annoying day of how everything would look in her house.,0,en,sms,uci,,uci_sms,train
"Sir, i am waiting for your call.",0,en,sms,uci,,uci_sms,train
What's up. Do you want me to come online?,0,en,sms,uci,,uci_sms,test
"It could work, we'll reach a consensus at the next meeting",0,en,sms,uci,,uci_sms,train
Aiyah then i wait lor. Then u entertain me. Hee...,0,en,sms,uci,,uci_sms,train
"The last thing i ever wanted to do was hurt you. And i didn't think it would have. You'd laugh, be embarassed, delete the tag and keep going. But as far as i knew, it wasn't even up. The fact that you even felt like i would do it to hurt you shows you really don't know me at all. It was messy wednesday, but it wasn't bad. The problem i have with it is you HAVE the time to clean it, but you choose not to. You skype, you take pictures, you sleep, you want to go out. I don't mind a few things here and there, but when you don't make the bed, when you throw laundry on top of it, when i can't have a friend in the house because i'm embarassed that there's underwear and bras strewn on the bed, pillows on the floor, that's something else. You used to be good about at least making the bed.",0,en,sms,uci,,uci_sms,train
I'll let you know when it kicks in,0,en,sms,uci,,uci_sms,test
You call him now ok i said call him,0,en,sms,uci,,uci_sms,train
Call to the number which is available in appointment. And ask to connect the call to waheed fathima.,0,en,sms,uci,,uci_sms,train
Or ü go buy wif him then i meet ü later can?,0,en,sms,uci,,uci_sms,test
Mmmm ... Fuck ... Not fair ! You know my weaknesses ! *grins* *pushes you to your knee's* *exposes my belly and pulls your head to it* Don't forget ... I know yours too *wicked smile*,0,en,sms,uci,,uci_sms,train
Today my system sh get ready.all is well and i am also in the deep well,0,en,sms,uci,,uci_sms,train
Mom wants to know where you at,0,en,sms,uci,,uci_sms,train
"Aight, I'll text you when I'm back",0,en,sms,uci,,uci_sms,train
Dont know supports ass and srt i thnk. I think ps3 can play through usb too,0,en,sms,uci,,uci_sms,train
Oh ok i didnt know what you meant. Yep i am baby jontin,0,en,sms,uci,,uci_sms,train
You have WON a guaranteed £1000 cash or a £2000 prize.To claim yr prize call our customer service representative on,1,en,sms,uci,,uci_sms,train
Would you like to see my XXX pics they are so hot they were nearly banned in the uk!,1,en,sms,uci,,uci_sms,train
HMV BONUS SPECIAL 500 pounds of genuine HMV vouchers to be won. Just answer 4 easy questions. Play Now! Send HMV to 86688 More info:www.100percent-real.com,1,en,sms,uci,,uci_sms,train
Watching tv now. I got new job :),0,en,sms,uci,,uci_sms,train
This pen thing is beyond a joke. Wont a Biro do? Don't do a masters as can't do this ever again! ,0,en,sms,uci,,uci_sms,train
I AM AT A PARTY WITH ALEX NICHOLS,0,en,sms,uci,,uci_sms,train
U have a secret admirer who is looking 2 make contact with U-find out who they R*reveal who thinks UR so special-call on 09058094594,1,en,sms,uci,,uci_sms,train
Just seeing your missed call my dear brother. Do have a gr8 day.,0,en,sms,uci,,uci_sms,train
Ok.. Ü finishing soon?,0,en,sms,uci,,uci_sms,train
"Sorry, I can't help you on this.",0,en,sms,uci,,uci_sms,test
"Come to me, slave. Your doing it again ... Going into your shell and unconsciously avoiding me ... You are making me unhappy :-(",0,en,sms,uci,,uci_sms,test
I love your ass! Do you enjoy doggy style? :),0,en,sms,uci,,uci_sms,test
I think asking for a gym is the excuse for lazy people. I jog.,0,en,sms,uci,,uci_sms,train
Dear 0776xxxxxxx U've been invited to XCHAT. This is our final attempt to contact u! Txt CHAT to 86688 150p/MsgrcvdHG/Suite342/2Lands/Row/W1J6HL LDN 18yrs ,1,en,sms,uci,,uci_sms,train
Urgent! Please call 09061743811 from landline. Your ABTA complimentary 4* Tenerife Holiday or £5000 cash await collection SAE T&Cs Box 326 CW25WX 150ppm,1,en,sms,uci,,uci_sms,test
No. On the way home. So if not for the long dry spell the season would have been over,0,en,sms,uci,,uci_sms,train
I gotta collect da car at 6 lei.,0,en,sms,uci,,uci_sms,train
Ok but knackered. Just came home and went to sleep! Not good at this full time work lark.,0,en,sms,uci,,uci_sms,train
Probably earlier than that if the station's where I think it is,0,en,sms,uci,,uci_sms,train
CALL 09090900040 & LISTEN TO EXTREME DIRTY LIVE CHAT GOING ON IN THE OFFICE RIGHT NOW TOTAL PRIVACY NO ONE KNOWS YOUR [sic] LISTENING 60P MIN 24/7MP 0870753331018+,1,en,sms,uci,,uci_sms,train
Good Morning plz call me sir,0,en,sms,uci,,uci_sms,test
"FreeMsg Hey U, i just got 1 of these video/pic fones, reply WILD to this txt & ill send U my pics, hurry up Im so bored at work xxx (18 150p/rcvd STOP2stop)",1,en,sms,uci,,uci_sms,test
"Uh, heads up we don't have THAT much left",0,en,sms,uci,,uci_sms,train
I tot u outside cos darren say u come shopping. Of course we nice wat. We jus went sim lim look at mp3 player.,0,en,sms,uci,,uci_sms,train
"Aight, sounds good. When do you want me to come down?",0,en,sms,uci,,uci_sms,train
Wat would u like 4 ur birthday?,0,en,sms,uci,,uci_sms,train
I love working from home :),0,en,sms,uci,,uci_sms,train
And miss vday the parachute and double coins??? U must not know me very well...,0,en,sms,uci,,uci_sms,train
"Sorry, I'll call later",0,en,sms,uci,,uci_sms,test
My sister got placed in birla soft da:-),0,en,sms,uci,,uci_sms,train
Free entry in 2 a weekly comp for a chance to win an ipod. Txt POD to 80182 to get entry (std txt rate) T&C's apply 08452810073 for details 18+,1,en,sms,uci,,uci_sms,train
Wah... Okie okie... Muz make use of e unlimited... Haha... ,0,en,sms,uci,,uci_sms,train
"There're some people by mu, I'm at the table by lambda",0,en,sms,uci,,uci_sms,train
And stop being an old man. You get to build snowman snow angels and snowball fights.,0,en,sms,uci,,uci_sms,train
ELLO BABE U OK?,0,en,sms,uci,,uci_sms,train
Hello beautiful r u ok? I've kinda ad a row wiv and he walked out the pub?? I wanted a night wiv u Miss u ,0,en,sms,uci,,uci_sms,train
Then u going ikea str aft dat?,0,en,sms,uci,,uci_sms,train
Becoz its  &lt;#&gt;  jan whn al the post ofice is in holiday so she cn go fr the post ofice...got it duffer,0,en,sms,uci,,uci_sms,train
Lol grr my mom is taking forever with my prescription. Pharmacy is like 2 minutes away. Ugh.,0,en,sms,uci,,uci_sms,test
For real tho this sucks. I can't even cook my whole electricity is out. And I'm hungry.,0,en,sms,uci,,uci_sms,train
You want to go? ,0,en,sms,uci,,uci_sms,train
New TEXTBUDDY Chat 2 horny guys in ur area 4 just 25p Free 2 receive Search postcode or at gaytextbuddy.com. TXT ONE name to 89693. 08715500022 rpl Stop 2 cnl,1,en,sms,uci,,uci_sms,test
Its not that time of the month nor mid of the time?,0,en,sms,uci,,uci_sms,train
Fffff. Can you text kadeem or are you too far gone,0,en,sms,uci,,uci_sms,train
We not leaving yet. Ok lor then we go elsewhere n eat. U thk...,0,en,sms,uci,,uci_sms,train
Is fujitsu s series lifebook good?,0,en,sms,uci,,uci_sms,train
Yar i wanted 2 scold u yest but late already... I where got zhong se qing you? If u ask me b4 he ask me then i'll go out w u all lor. N u still can act so real.,0,en,sms,uci,,uci_sms,train
Dont know you bring some food,0,en,sms,uci,,uci_sms,test
No current and food here. I am alone also,0,en,sms,uci,,uci_sms,train
I'll be in sch fr 4-6... I dun haf da book in sch... It's at home...,0,en,sms,uci,,uci_sms,train
Hello. They are going to the village pub at 8 so either come here or there accordingly. Ok?,0,en,sms,uci,,uci_sms,train
Ok,0,en,sms,uci,,uci_sms,train
We don call like  &lt;#&gt;  times oh. No give us hypertension oh.,0,en,sms,uci,,uci_sms,train
"Dont give a monkeys wot they think and i certainly don't mind. Any friend of mine&all that! Just don't sleep wiv , that wud be annoyin!",0,en,sms,uci,,uci_sms,train
Omg it could snow here tonite!,0,en,sms,uci,,uci_sms,train
Call from 08702490080 - tells u 2 call 09066358152 to claim £5000 prize. U have 2 enter all ur mobile & personal details @ the prompts. Careful!,1,en,sms,uci,,uci_sms,train
Free 1st week entry 2 TEXTPOD 4 a chance 2 win 40GB iPod or £250 cash every wk. Txt VPOD to 81303 Ts&Cs www.textpod.net custcare 08712405020.,1,en,sms,uci,,uci_sms,test
Carry on not disturbing both of you,0,en,sms,uci,,uci_sms,train
What pa tell me.. I went to bath:-),0,en,sms,uci,,uci_sms,train
Jus finished avatar nigro,0,en,sms,uci,,uci_sms,train
R u over scratching it?,0,en,sms,uci,,uci_sms,train
Hope you are having a great day.,0,en,sms,uci,,uci_sms,train
Did either of you have any idea's? Do you know of anyplaces doing something?,0,en,sms,uci,,uci_sms,test
"My planning usually stops at ""find hella weed, smoke hella weed""",0,en,sms,uci,,uci_sms,train
"The fact that you're cleaning shows you know why i'm upset. Your priority is constantly ""what i want to do,"" not ""what i need to do.""",0,en,sms,uci,,uci_sms,train
Excellent! Are you ready to moan and scream in ecstasy?,0,en,sms,uci,,uci_sms,train
More people are dogging in your area now. Call 09090204448 and join like minded guys. Why not arrange 1 yourself. There's 1 this evening. A£1.50 minAPN LS278BB,1,en,sms,uci,,uci_sms,train
Dude avatar 3d was imp. At one point i thought there were actually flies in the room and almost tried hittng one as a reflex,0,en,sms,uci,,uci_sms,train
"WELL DONE! Your 4* Costa Del Sol Holiday or £5000 await collection. Call 09050090044 Now toClaim. SAE, TCs, POBox334, Stockport, SK38xh, Cost£1.50/pm, Max10mins",1,en,sms,uci,,uci_sms,train
K...k:)why cant you come here and search job:),0,en,sms,uci,,uci_sms,train
I got lousy sleep. I kept waking up every 2 hours to see if my cat wanted to come in. I worry about him when its cold :(,0,en,sms,uci,,uci_sms,test
"Yeah, I'll leave in a couple minutes &amp; let you know when I get to mu",0,en,sms,uci,,uci_sms,train
Can ü call me at 10:10 to make sure dat i've woken up...,0,en,sms,uci,,uci_sms,test
Hey we can go jazz power yoga hip hop kb and yogasana ,0,en,sms,uci,,uci_sms,train
The battery is for mr adewale my uncle. Aka Egbon,0,en,sms,uci,,uci_sms,train
I cant pick the phone right now. Pls send a message,0,en,sms,uci,,uci_sms,train
Wait 2 min..stand at bus stop,0,en,sms,uci,,uci_sms,test
Oh ic. I thought you meant mary jane.,0,en,sms,uci,,uci_sms,train
Haha... Really oh no... How? Then will they deduct your lesson tmr?,0,en,sms,uci,,uci_sms,train
Nah im goin 2 the wrks with j wot bout u?,0,en,sms,uci,,uci_sms,test
Then just eat a shit and wait for ur monkey face bitch.......... U asshole..................,0,en,sms,uci,,uci_sms,train
Good night. Am going to sleep.,0,en,sms,uci,,uci_sms,test
"Aight I'll grab something to eat too, text me when you're back at mu",0,en,sms,uci,,uci_sms,train
K...k:)why cant you come here and search job:),0,en,sms,uci,,uci_sms,train
Take something for pain. If it moves however to any side in the next 6hrs see a doctor.,0,en,sms,uci,,uci_sms,test
"Lol ... Oh no babe, I wont be sliding into your place after midnight, but thanks for the invite",0,en,sms,uci,,uci_sms,train
Howz that persons story,0,en,sms,uci,,uci_sms,test
Guess what! Somebody you know secretly fancies you! Wanna find out who it is? Give us a call on 09065394973 from Landline DATEBox1282EssexCM61XN 150p/min 18,1,en,sms,uci,,uci_sms,train
LOL that would be awesome payback.,0,en,sms,uci,,uci_sms,train
it to 80488. Your 500 free text messages are valid until 31 December 2005.,1,en,sms,uci,,uci_sms,train
Yes :)it completely in out of form:)clark also utter waste.,0,en,sms,uci,,uci_sms,train
"Honeybee Said: *I'm d Sweetest in d World* God Laughed &amp; Said: *Wait,U Havnt Met d Person Reading This Msg* MORAL: Even GOD Can Crack Jokes! GM+GN+GE+GN:)",0,en,sms,uci,,uci_sms,train
Thanks. It was only from tescos but quite nice. All gone now. Speak soon ,0,en,sms,uci,,uci_sms,train
What's a feathery bowa? Is that something guys have that I don't know about?,0,en,sms,uci,,uci_sms,train
Even i cant close my eyes you are in me our vava playing umma :-D,0,en,sms,uci,,uci_sms,train
2 laptop... I noe infra but too slow lar... I wan fast one,0,en,sms,uci,,uci_sms,train
You have won a guaranteed £200 award or even £1000 cashto claim UR award call free on 08000407165 (18+) 2 stop getstop on 88222 PHP,1,en,sms,uci,,uci_sms,train
Nvm it's ok...,0,en,sms,uci,,uci_sms,train
Enjoy ur life. . Good night,0,en,sms,uci,,uci_sms,train
Yes but can we meet in town cos will go to gep and then home. You could text at bus stop. And don't worry we'll have finished by march … ish!,0,en,sms,uci,,uci_sms,train
I had askd u a question some hours before. Its answer,0,en,sms,uci,,uci_sms,train
Thats cool. Where should i cum? On you or in you? :),0,en,sms,uci,,uci_sms,train
Delhi and chennai still silent.,0,en,sms,uci,,uci_sms,train
Lol alright i was thinkin that too haha,0,en,sms,uci,,uci_sms,train
Reply to win £100 weekly! Where will the 2006 FIFA World Cup be held? Send STOP to 87239 to end service,1,en,sms,uci,,uci_sms,train
No I'm in the same boat. Still here at my moms. Check me out on yo. I'm half naked.,0,en,sms,uci,,uci_sms,train
Shhhhh nobody is supposed to know!,0,en,sms,uci,,uci_sms,train
"Sorry, I'll call later",0,en,sms,uci,,uci_sms,test
"Sorry, I'll call later in meeting any thing related to trade please call Arul. &lt;#&gt; ",0,en,sms,uci,,uci_sms,train
Hey i will be late... i'm at amk. Need to drink tea or coffee,0,en,sms,uci,,uci_sms,train
I wnt to buy a BMW car urgently..its vry urgent.but hv a shortage of  &lt;#&gt; Lacs.there is no source to arng dis amt. &lt;#&gt; lacs..thats my prob,0,en,sms,uci,,uci_sms,train
Urgent! Please call 09061743810 from landline. Your ABTA complimentary 4* Tenerife Holiday or #5000 cash await collection SAE T&Cs Box 326 CW25WX 150 ppm,1,en,sms,uci,,uci_sms,train
The length is e same but e top shorter n i got a fringe now. I thk i'm not going liao. Too lazy. Dun wan 2 distract u also.,0,en,sms,uci,,uci_sms,train
S..antha num corrct dane,0,en,sms,uci,,uci_sms,train
No calls..messages..missed calls,0,en,sms,uci,,uci_sms,test
"Sorry, I'll call later",0,en,sms,uci,,uci_sms,train
The basket's gettin full so I might be by tonight,0,en,sms,uci,,uci_sms,test
HI DARLIN IVE JUST GOT BACK AND I HAD A REALLY NICE NIGHT AND THANKS SO MUCH FOR THE LIFT SEE U TOMORROW XXX,0,en,sms,uci,,uci_sms,test
No other Valentines huh? The proof is on your fb page. Ugh I'm so glad I really DIDN'T watch your rupaul show you TOOL!,0,en,sms,uci,,uci_sms,train
Free tones Hope you enjoyed your new content. text stop to 61610 to unsubscribe. help:08712400602450p Provided by tones2you.co.uk,1,en,sms,uci,,uci_sms,train
Eh den sat u book e kb liao huh...,0,en,sms,uci,,uci_sms,train
Have you been practising your curtsey?,0,en,sms,uci,,uci_sms,train
Shall i come to get pickle,0,en,sms,uci,,uci_sms,train
Lol boo I was hoping for a laugh,0,en,sms,uci,,uci_sms,train
"""YEH I AM DEF UP4 SOMETHING SAT,JUST GOT PAYED2DAY & I HAVBEEN GIVEN A£50 PAY RISE 4MY WORK & HAVEBEEN MADE PRESCHOOLCO-ORDINATOR 2I AM FEELINGOOD LUV""",0,en,sms,uci,,uci_sms,train
"Well, I have to leave for my class babe ... You never came back to me ... :-( ... Hope you have a nice sleep, my love",0,en,sms,uci,,uci_sms,train
LMAO where's your fish memory when I need it?,0,en,sms,uci,,uci_sms,train
But i'll b going 2 sch on mon. My sis need 2 take smth.,0,en,sms,uci,,uci_sms,train
Idea will soon get converted to live:),0,en,sms,uci,,uci_sms,train
TheMob>Yo yo yo-Here comes a new selection of hot downloads for our members to get for FREE! Just click & open the next link sent to ur fone...,1,en,sms,uci,,uci_sms,train
S....s...india going to draw the series after many years in south african soil..,0,en,sms,uci,,uci_sms,train
"Goodmorning, today i am late for  &lt;DECIMAL&gt; min.",0,en,sms,uci,,uci_sms,train
Can't take any major roles in community outreach. You rock mel,0,en,sms,uci,,uci_sms,train
Shopping lor. Them raining mah hard 2 leave orchard.,0,en,sms,uci,,uci_sms,train
Hi here. have birth at on the  to  at 8lb 7oz. Mother and baby doing brilliantly.,0,en,sms,uci,,uci_sms,test
See the forwarding message for proof,0,en,sms,uci,,uci_sms,test
"I can't keep going through this. It was never my intention to run you out, but if you choose to do that rather than keep the room clean so *I* don't have to say no to visitors, then maybe that's the best choice. Yes, I wanted you to be embarassed, so maybe you'd feel for once how I feel when i have a friend who wants to drop buy and i have to say no, as happened this morning. I've tried everything. I don't know what else to do.",0,en,sms,uci,,uci_sms,train
Dunno lei... I thk mum lazy to go out... I neva ask her yet...,0,en,sms,uci,,uci_sms,train
"Do whatever you want. You know what the rules are. We had a talk earlier this week about what had to start happening, you showing responsibility. Yet, every week it's can i bend the rule this way? What about that way? Do whatever. I'm tired of having thia same argument with you every week. And a  &lt;#&gt;  movie DOESNT inlude the previews. You're still getting in after 1.",0,en,sms,uci,,uci_sms,train
"Beautiful Truth against Gravity.. Read carefully: ""Our heart feels light when someone is in it.. But it feels very heavy when someone leaves it.."" GOODMORNING",0,en,sms,uci,,uci_sms,train
Great News! Call FREEFONE 08006344447 to claim your guaranteed £1000 CASH or £2000 gift. Speak to a live operator NOW!,1,en,sms,uci,,uci_sms,train
Ambrith..madurai..met u in arun dha marrge..remembr?,0,en,sms,uci,,uci_sms,train
Just re read it and I have no shame but tell me how he takes it and if he runs I will blame u 4 ever!! Not really 4 ever just a long time ,0,en,sms,uci,,uci_sms,test
"Princess, is your kitty shaved or natural?",0,en,sms,uci,,uci_sms,train
"Better than bb. If he wont use it, his wife will or them doctor",0,en,sms,uci,,uci_sms,test
Ya it came a while ago,0,en,sms,uci,,uci_sms,train
From tomorrow onwards eve 6 to 3 work.,0,en,sms,uci,,uci_sms,train
Anything lor but toa payoh got place 2 walk meh...,0,en,sms,uci,,uci_sms,train
"I don't have anybody's number, I still haven't thought up a tactful way to ask alex",0,en,sms,uci,,uci_sms,train
"U can WIN £100 of Music Gift Vouchers every week starting NOW Txt the word DRAW to 87066 TsCs www.ldew.com SkillGame,1Winaweek, age16.150ppermessSubscription",1,en,sms,uci,,uci_sms,train
Is there any movie theatre i can go to and watch unlimited movies and just pay once?,0,en,sms,uci,,uci_sms,train
U having lunch alone? I now so bored...,0,en,sms,uci,,uci_sms,train
"Yes obviously, but you are the eggs-pert and the potato head… Speak soon! ",0,en,sms,uci,,uci_sms,test
"Nah man, my car is meant to be crammed full of people",0,en,sms,uci,,uci_sms,train
No got new job at bar in airport on satsgettin 4.47per hour but means no lie in! keep in touch,0,en,sms,uci,,uci_sms,train
Kallis is ready for bat in 2nd innings,0,en,sms,uci,,uci_sms,train
Thanx but my birthday is over already.,0,en,sms,uci,,uci_sms,train
"Ugh y can't u just apologize, admit u were wrong and ask me to take u back?",0,en,sms,uci,,uci_sms,train
"I noe la... U wana pei bf oso rite... K lor, other days den...",0,en,sms,uci,,uci_sms,train
"Yes, i'm small kid.. And boost is the secret of my energy..",0,en,sms,uci,,uci_sms,test
IM GONNA MISS U SO MUCH,0,en,sms,uci,,uci_sms,train
Is avatar supposed to have subtoitles,0,en,sms,uci,,uci_sms,test
Simply sitting and watching match in office..,0,en,sms,uci,,uci_sms,train
You can jot down things you want to remember later.,0,en,sms,uci,,uci_sms,test
Oh sorry please its over,0,en,sms,uci,,uci_sms,train
Hey are we going for the lo lesson or gym? ,0,en,sms,uci,,uci_sms,train
"Dont pack what you can buy at any store.like cereals. If you must pack food, pack gari or something 9ja that you will miss.",0,en,sms,uci,,uci_sms,test
You always make things bigger than they are,0,en,sms,uci,,uci_sms,train
Ü dun wan to watch infernal affair?,0,en,sms,uci,,uci_sms,train
"Me not waking up until 4 in the afternoon, sup",0,en,sms,uci,,uci_sms,train
4mths half price Orange line rental & latest camera phones 4 FREE. Had your phone 11mths ? Call MobilesDirect free on 08000938767 to update now! or2stoptxt,1,en,sms,uci,,uci_sms,train
I can send you a pic if you like :),0,en,sms,uci,,uci_sms,train
Okay... I booked all already... Including the one at bugis.,0,en,sms,uci,,uci_sms,train
"Aight fuck it, I'll get it later",0,en,sms,uci,,uci_sms,train
No de. But call me after some time. Ill tell you k,0,en,sms,uci,,uci_sms,train
So dont use hook up any how,0,en,sms,uci,,uci_sms,train
How much is blackberry bold2 in nigeria.,0,en,sms,uci,,uci_sms,test
Hi where you. You in home or calicut?,0,en,sms,uci,,uci_sms,train
Hey darlin.. i can pick u up at college if u tell me wen & where 2 mt.. love Pete xx,0,en,sms,uci,,uci_sms,test
"Call 09094100151 to use ur mins! Calls cast 10p/min (mob vary). Service provided by AOM, just GBP5/month. AOM Box61,M60 1ER until u stop. Ages 18+ only!",1,en,sms,uci,,uci_sms,test
"Oh... I was thkin of goin yogasana at 10 den no nd to go at 3 den can rush to parco 4 nb... Okie lor, u call me when ready...",0,en,sms,uci,,uci_sms,train
Y so late but i need to go n get da laptop...,0,en,sms,uci,,uci_sms,test
"Sir, I am waiting for your mail.",0,en,sms,uci,,uci_sms,train
.Please charge my mobile when you get up in morning.,0,en,sms,uci,,uci_sms,test
"Nothing, i got msg frm tht unknown no..",0,en,sms,uci,,uci_sms,train
Ugh fuck it I'm resubbing to eve,0,en,sms,uci,,uci_sms,test
He didn't see his shadow. We get an early spring yay,0,en,sms,uci,,uci_sms,test
I did. One slice and one breadstick. Lol,0,en,sms,uci,,uci_sms,train
"Hey ! I want you ! I crave you ! I miss you ! I need you ! I love you, Ahmad Saeed al Hallaq ...",0,en,sms,uci,,uci_sms,train
Is there any training tomorrow?,0,en,sms,uci,,uci_sms,test
"URGENT! Your mobile No *********** WON a £2,000 Bonus Caller Prize on 02/06/03! This is the 2nd attempt to reach YOU! Call 09066362220 ASAP! BOX97N7QP, 150ppm",1,en,sms,uci,,uci_sms,train
Pass dis to all ur contacts n see wat u get! Red;i'm in luv wid u. Blue;u put a smile on my face. Purple;u r realy hot. Pink;u r so swt. Orange;i thnk i lyk u. Green;i realy wana go out wid u. Yelow;i wnt u bck. Black;i'm jealous of u. Brown;i miss you Nw plz giv me one color,0,en,sms,uci,,uci_sms,train
Cos daddy arranging time c wat time fetch ü mah...,0,en,sms,uci,,uci_sms,train
Then. You are eldest know.,0,en,sms,uci,,uci_sms,train
Who's there say hi to our drugdealer,0,en,sms,uci,,uci_sms,train
Its hard to believe things like this. All can say lie but think twice before saying anything to me.,0,en,sms,uci,,uci_sms,train
"Eerie Nokia tones 4u, rply TONE TITLE to 8007 eg TONE DRACULA to 8007 Titles: GHOST, ADDAMSFA, MUNSTERS, EXORCIST, TWILIGHT www.getzed.co.uk POBox36504W45WQ 150p ",1,en,sms,uci,,uci_sms,train
Sexy Singles are waiting for you! Text your AGE followed by your GENDER as wither M or F E.G.23F. For gay men text your AGE followed by a G. e.g.23G.,1,en,sms,uci,,uci_sms,test
Good night my dear.. Sleepwell&amp;Take care,0,en,sms,uci,,uci_sms,train
That is wondarfull song,0,en,sms,uci,,uci_sms,train
"FreeMsg: Claim ur 250 SMS messages-Text OK to 84025 now!Use web2mobile 2 ur mates etc. Join Txt250.com for 1.50p/wk. T&C BOX139, LA32WU. 16 . Remove txtX or stop",1,en,sms,uci,,uci_sms,train
Yar lor actually we quite fast... Cos da ge slow wat... Haha...,0,en,sms,uci,,uci_sms,train
Must come later.. I normally bathe him in da afternoon mah..,0,en,sms,uci,,uci_sms,train
"Trust me. Even if isn't there, its there.",0,en,sms,uci,,uci_sms,train
Hey hun-onbus goin 2 meet him. He wants 2go out 4a meal but I donyt feel like it cuz have 2 get last bus home!But hes sweet latelyxxx,0,en,sms,uci,,uci_sms,test
85233 FREE>Ringtone!Reply REAL,1,en,sms,uci,,uci_sms,train
I can take you at like noon,0,en,sms,uci,,uci_sms,test
Where is it. Is there any opening for mca.,0,en,sms,uci,,uci_sms,train
I'm aight. Wat's happening on your side.,0,en,sms,uci,,uci_sms,train
I'm done oredi...,0,en,sms,uci,,uci_sms,test
"you are sweet as well, princess. Please tell me your likes and dislikes in bed...",0,en,sms,uci,,uci_sms,train
How are you. Wish you a great semester,0,en,sms,uci,,uci_sms,train
Moji i love you more than words. Have a rich day,0,en,sms,uci,,uci_sms,train
Dude how do you like the buff wind.,0,en,sms,uci,,uci_sms,train
"""alright babe, justthought id sayhey! how u doin?nearly the endof me wk offdam nevamind!We will have 2Hook up sn if uwant m8? loveJen x.""",0,en,sms,uci,,uci_sms,train
Well done ENGLAND! Get the official poly ringtone or colour flag on yer mobile! text TONE or FLAG to 84199 NOW! Opt-out txt ENG STOP. Box39822 W111WX £1.50,1,en,sms,uci,,uci_sms,train
"No i'm not. I can't give you everything you want and need. You actually could do better for yourself on yor own--you've got more money than i do. I can't get work, i can't get a man, i can't pay the rent, i can't even fill my fucking gas tank. yes, i'm stressed and depressed. I didn't even call home for thanksgiving cuz i'll have to tell them i,m up to nothing.",0,en,sms,uci,,uci_sms,train
S:-)kallis wont play in first two odi:-),0,en,sms,uci,,uci_sms,train
Then get some cash together and I'll text jason,0,en,sms,uci,,uci_sms,train
"Oh, my love, it's soooo good to hear from you. Omg I missed you so much today. I'm sorry your having problems with the provider but thank you for tming me",0,en,sms,uci,,uci_sms,train
"Final Chance! Claim ur £150 worth of discount vouchers today! Text YES to 85023 now! SavaMob, member offers mobile! T Cs SavaMob POBOX84, M263UZ. £3.00 Subs 16",1,en,sms,uci,,uci_sms,train
PRIVATE! Your 2004 Account Statement for 07742676969 shows 786 unredeemed Bonus Points. To claim call 08719180248 Identifier Code: 45239 Expires,1,en,sms,uci,,uci_sms,test
"Probably, want to pick up more?",0,en,sms,uci,,uci_sms,train
I'm done...,0,en,sms,uci,,uci_sms,test
Are you the cutest girl in the world or what,0,en,sms,uci,,uci_sms,test
"No dice, art class 6 thru 9 :( thanks though. Any idea what time I should come tomorrow?",0,en,sms,uci,,uci_sms,test
"SMS SERVICES. for your inclusive text credits, pls goto www.comuk.net login= ***** unsubscribe with STOP. no extra charge. help:08700469649. PO BOX420. IP4 5WE",1,en,sms,uci,,uci_sms,test
Oh Howda gud gud.. Mathe en samachara chikku:-),0,en,sms,uci,,uci_sms,train
I thk 530 lor. But dunno can get tickets a not. Wat u doing now?,0,en,sms,uci,,uci_sms,test
Audrie lousy autocorrect,0,en,sms,uci,,uci_sms,train
Its a site to simulate the test. It just gives you very tough questions to test your readiness.,0,en,sms,uci,,uci_sms,train
Anyway seriously hit me up when you're back because otherwise I have to light up with armand and he always has shit and/or is vomiting,0,en,sms,uci,,uci_sms,train
I fetch yun or u fetch?,0,en,sms,uci,,uci_sms,train
Thank you. I like you as well...,0,en,sms,uci,,uci_sms,test
"Hmmm ... And imagine after you've come home from that having to rub my feet, make me dinner and help me get ready for my date ! Are you sure your ready for that kind of life ?",0,en,sms,uci,,uci_sms,train
"FREE2DAY sexy St George's Day pic of Jordan!Txt PIC to 89080 dont miss out, then every wk a saucy celeb!4 more pics c PocketBabe.co.uk 0870241182716 £3/wk",1,en,sms,uci,,uci_sms,train
Lara said she can loan me  &lt;#&gt; .,0,en,sms,uci,,uci_sms,test
Do we have any spare power supplies,0,en,sms,uci,,uci_sms,train
Yar he quite clever but aft many guesses lor. He got ask me 2 bring but i thk darren not so willing 2 go. Aiya they thk leona still not attach wat.,0,en,sms,uci,,uci_sms,test
You are a winner you have been specially selected to receive £1000 cash or a £2000 award. Speak to a live operator to claim call 087123002209am-7pm. Cost 10p,1,en,sms,uci,,uci_sms,train
"Yeah, don't go to bed, I'll be back before midnight",0,en,sms,uci,,uci_sms,train
"Sunshine Hols. To claim ur med holiday send a stamped self address envelope to Drinks on Us UK, PO Box 113, Bray, Wicklow, Eire. Quiz Starts Saturday! Unsub Stop",1,en,sms,uci,,uci_sms,train
Well I wasn't available as I washob nobbing with last night so they had to ask Nickey Platt instead of me!;,0,en,sms,uci,,uci_sms,train
"It's that time of the week again, ryan",0,en,sms,uci,,uci_sms,train
Wish u many many returns of the day.. Happy birthday vikky..,0,en,sms,uci,,uci_sms,train
"U can WIN £100 of Music Gift Vouchers every week starting NOW Txt the word DRAW to 87066 TsCs www.Idew.com SkillGame, 1Winaweek, age16. 150ppermessSubscription",1,en,sms,uci,,uci_sms,train
I hope you know I'm still mad at you.,0,en,sms,uci,,uci_sms,train
"Argh my 3g is spotty, anyway the only thing I remember from the research we did was that province and sterling were the only problem-free places we looked at",0,en,sms,uci,,uci_sms,train
In xam hall boy asked girl Tell me the starting term for dis answer I can den manage on my own After lot of hesitation n lookin around silently she said THE! intha ponnungale ipaditan;),0,en,sms,uci,,uci_sms,train
Do you know when the result.,0,en,sms,uci,,uci_sms,train
+123 Congratulations - in this week's competition draw u have won the £1450 prize to claim just call 09050002311 b4280703. T&Cs/stop SMS 08718727868. Over 18 only 150ppm,1,en,sms,uci,,uci_sms,train
"Beautiful Truth against Gravity.. Read carefully: ""Our heart feels light when someone is in it.. But it feels very heavy when someone leaves it.."" GOOD NIGHT",0,en,sms,uci,,uci_sms,train
"Sorry im getting up now, feel really bad- totally rejected that kinda me thing.",0,en,sms,uci,,uci_sms,test
You do got a shitload of diamonds though,0,en,sms,uci,,uci_sms,train
Tessy..pls do me a favor. Pls convey my birthday wishes to Nimya..pls dnt forget it. Today is her birthday Shijas,0,en,sms,uci,,uci_sms,train
Well I'm going to be an aunty!,0,en,sms,uci,,uci_sms,train
Mine here like all fr china then so noisy.,0,en,sms,uci,,uci_sms,train
Later i guess. I needa do mcat study too.,0,en,sms,uci,,uci_sms,test
S...from the training manual it show there is no tech process:)its all about password reset and troubleshooting:),0,en,sms,uci,,uci_sms,train
Your B4U voucher w/c 27/03 is MARSMS. Log onto www.B4Utele.com for discount credit. To opt out reply stop. Customer care call 08717168528,1,en,sms,uci,,uci_sms,test
"Spoke with uncle john today. He strongly feels that you need to sacrifice to keep me here. He's going to call you. When he does, i beg you to just listen. Dont make any promises or make it clear things are not easy. And i need you to please let us work things out. As long as i keep expecting help, my creativity will be stifled so pls just keep him happy, no promises on your part.",0,en,sms,uci,,uci_sms,train
If he started searching he will get job in few days.he have great potential and talent.,0,en,sms,uci,,uci_sms,train
"Carlos took a while (again), we leave in a minute",0,en,sms,uci,,uci_sms,train
Well done and ! luv ya all ,0,en,sms,uci,,uci_sms,train
Then why you came to hostel.,0,en,sms,uci,,uci_sms,train
K still are you loving me.,0,en,sms,uci,,uci_sms,test
But i juz remembered i gotta bathe my dog today..,0,en,sms,uci,,uci_sms,train
After the drug she will be able to eat.,0,en,sms,uci,,uci_sms,train
Alright took the morphine. Back in yo.,0,en,sms,uci,,uci_sms,train
You see the requirements please,0,en,sms,uci,,uci_sms,train
You stayin out of trouble stranger!!saw Dave the other day hes sorted now!still with me bloke when u gona get a girl MR!ur mum still Thinks we will get 2GETHA! ,0,en,sms,uci,,uci_sms,train
FreeMsg: Hey - I'm Buffy. 25 and love to satisfy men. Home alone feeling randy. Reply 2 C my PIX! QlynnBV Help08700621170150p a msg Send stop to stop txts,1,en,sms,uci,,uci_sms,train
"Sunshine Hols. To claim ur med holiday send a stamped self address envelope to Drinks on Us UK, PO Box 113, Bray, Wicklow, Eire. Quiz Starts Saturday! Unsub Stop",1,en,sms,uci,,uci_sms,train
So can collect ur laptop?,0,en,sms,uci,,uci_sms,train
"Ok. Can be later showing around 8-8:30 if you want + cld have drink before. Wld prefer not to spend money on nosh if you don't mind, as doing that nxt wk.",0,en,sms,uci,,uci_sms,train
I will once i get home,0,en,sms,uci,,uci_sms,train
Waaaat?? Lololo ok next time then!,0,en,sms,uci,,uci_sms,test
"The table's occupied, I'm waiting by the tree",0,en,sms,uci,,uci_sms,test
I surely dont forgot to come:)i will always be in touch in with you:-),0,en,sms,uci,,uci_sms,test
Hi kindly give us back our documents which we submitted for loan from STAPATI,0,en,sms,uci,,uci_sms,train
I dont have i shall buy one dear,0,en,sms,uci,,uci_sms,train
Oh god i am happy to see your message after 3 days,0,en,sms,uci,,uci_sms,train
What year. And how many miles.,0,en,sms,uci,,uci_sms,train
Hey cutie. How goes it? Here in WALES its kinda ok. There is like hills and shit but i still avent killed myself. ,0,en,sms,uci,,uci_sms,train
"Sad story of a Man - Last week was my b'day. My Wife did'nt wish me. My Parents forgot n so did my Kids . I went to work. Even my Colleagues did not wish. As I entered my cabin my PA said, '' Happy B'day Boss !!''. I felt special. She askd me 4 lunch. After lunch she invited me to her apartment. We went there. She said,'' do u mind if I go into the bedroom for a minute ? '' ''OK'', I sed in a sexy mood. She came out 5 minuts latr wid a cake...n My Wife, My Parents, My Kidz, My Friends n My Colleagues. All screaming.. SURPRISE !! and I was waiting on the sofa.. ... ..... ' NAKED...!",0,en,sms,uci,,uci_sms,test
I think you should go the honesty road. Call the bank tomorrow. Its the tough decisions that make us great people.,0,en,sms,uci,,uci_sms,train
FREE for 1st week! No1 Nokia tone 4 ur mob every week just txt NOKIA to 87077 Get txting and tell ur mates. zed POBox 36504 W45WQ norm150p/tone 16+,1,en,sms,uci,,uci_sms,train
No. Its not specialisation. Can work but its slave labor. Will look for it this month sha cos no shakara 4 beggar.,0,en,sms,uci,,uci_sms,train
Is she replying. Has boye changed his phone number,0,en,sms,uci,,uci_sms,test
"1) Go to write msg 2) Put on Dictionary mode 3)Cover the screen with hand, 4)Press  &lt;#&gt; . 5)Gently remove Ur hand.. Its interesting..:)",0,en,sms,uci,,uci_sms,train
hi my darlin im on my way to London and we have just been smashed into by another driver! and have a big dent! im really missing u what have u been up to? xxx,0,en,sms,uci,,uci_sms,train
"Nothing really, just making sure everybody's up to speed",0,en,sms,uci,,uci_sms,train
I'm not coming home 4 dinner.,0,en,sms,uci,,uci_sms,train
"Thank you. And by the way, I just lost.",0,en,sms,uci,,uci_sms,test
Yes.he have good crickiting mind,0,en,sms,uci,,uci_sms,train
Thx. All will be well in a few months,0,en,sms,uci,,uci_sms,test
"Shop till u Drop, IS IT YOU, either 10K, 5K, £500 Cash or £100 Travel voucher, Call now, 09064011000. NTT PO Box CR01327BT fixedline Cost 150ppm mobile vary",1,en,sms,uci,,uci_sms,test
"""CAN I PLEASE COME UP NOW IMIN TOWN.DONTMATTER IF URGOIN OUTL8R,JUST REALLYNEED 2DOCD.PLEASE DONTPLEASE DONTIGNORE MYCALLS,U NO THECD ISV.IMPORTANT TOME 4 2MORO""",0,en,sms,uci,,uci_sms,train
I wont. So wat's wit the guys,0,en,sms,uci,,uci_sms,test
Yavnt tried yet and never played original either,0,en,sms,uci,,uci_sms,train
"Hiya, had a good day? Have you spoken to since the weekend?",0,en,sms,uci,,uci_sms,train
See? I thought it all through,0,en,sms,uci,,uci_sms,train
I'm at work. Please call,0,en,sms,uci,,uci_sms,train
get ready to moan and scream :),0,en,sms,uci,,uci_sms,train
Oh k :)why you got job then whats up?,0,en,sms,uci,,uci_sms,train
"I don,t think so. You don't need to be going out that late on a school night. ESPECIALLY when the one class you have is the one you missed last wednesday and probably failed a test in on friday",0,en,sms,uci,,uci_sms,train
And popping &lt;#&gt; ibuprofens was no help.,0,en,sms,uci,,uci_sms,test
"Babe ! How goes that day ? What are you doing ? Where are you ? I sip my cappuccino and think of you, my love ... I send a kiss to you from across the sea",0,en,sms,uci,,uci_sms,train
Ok.,0,en,sms,uci,,uci_sms,test
PS U no ur a grown up now right?,0,en,sms,uci,,uci_sms,train
"Chinatown got porridge, claypot rice, yam cake, fishhead beehoon... Either we eat cheap den go cafe n tok or go nydc or somethin...",0,en,sms,uci,,uci_sms,train
I know a few people I can hit up and fuck to the yes,0,en,sms,uci,,uci_sms,train
Purity of friendship between two is not about smiling after reading the forwarded message..Its about smiling just by seeing the name. Gud evng,0,en,sms,uci,,uci_sms,test
So is there anything specific I should be doing with regards to jaklin or what because idk what the fuck,0,en,sms,uci,,uci_sms,train
Oh god. I'm gonna Google nearby cliffs now.,0,en,sms,uci,,uci_sms,train
FREE camera phones with linerental from 4.49/month with 750 cross ntwk mins. 1/2 price txt bundle deals also avble. Call 08001950382 or call2optout/J MF,1,en,sms,uci,,uci_sms,train
Yup i shd haf ard 10 pages if i add figures... Ü all got how many pages?,0,en,sms,uci,,uci_sms,train
"Ooh, 4got, i'm gonna start belly dancing in moseley weds 6.30 if u want 2 join me, they have a cafe too. ",0,en,sms,uci,,uci_sms,train
Thankyou so much for the call. I appreciate your care.,0,en,sms,uci,,uci_sms,train
Congrats ! Treat pending.i am not on mail for 2 days.will mail once thru.Respect mother at home.check mails.,0,en,sms,uci,,uci_sms,train
I called but no one pick up e phone. I ask both of them already they said ok.,0,en,sms,uci,,uci_sms,train
Hi my email address has changed now it is ,0,en,sms,uci,,uci_sms,train
"V-aluable. A-ffectionate. L-oveable. E-ternal. N-oble. T-ruthful. I-ntimate. N-atural. E-namous. Happy ""VALENTINES DAY"" in advance",0,en,sms,uci,,uci_sms,train
"Not much, just some textin'. How bout you?",0,en,sms,uci,,uci_sms,train
Bring it if you got it,0,en,sms,uci,,uci_sms,train
I'm in a movie. Call me 4 wat?,0,en,sms,uci,,uci_sms,test
Not sure I have the stomach for it ...,0,en,sms,uci,,uci_sms,test
Haha... can... But i'm having dinner with my cousin...,0,en,sms,uci,,uci_sms,train
"A boy was late 2 home. His father: ""POWER OF FRNDSHIP""",0,en,sms,uci,,uci_sms,train
"(And my man carlos is definitely coming by mu tonight, no excuses)",0,en,sms,uci,,uci_sms,test
soon you will have the real thing princess! Do i make you wet? :),0,en,sms,uci,,uci_sms,train
Raji..pls do me a favour. Pls convey my Birthday wishes to Nimya. Pls. Today is her birthday.,0,en,sms,uci,,uci_sms,train
"Haha, my legs and neck are killing me and my amigos are hoping to end the night with a burn, think I could swing by in like an hour?",0,en,sms,uci,,uci_sms,test
"URGENT! Your mobile No 07xxxxxxxxx won a £2,000 bonus caller prize on 02/06/03! this is the 2nd attempt to reach YOU! call 09066362231 ASAP! BOX97N7QP, 150PPM",1,en,sms,uci,,uci_sms,test
Usually the body takes care of it buy making sure it doesnt progress. Can we pls continue this talk on saturday.,0,en,sms,uci,,uci_sms,train
"URGENT!! Your 4* Costa Del Sol Holiday or £5000 await collection. Call 09050090044 Now toClaim. SAE, TC s, POBox334, Stockport, SK38xh, Cost£1.50/pm, Max10mins",1,en,sms,uci,,uci_sms,train
"Hmm well, night night ",0,en,sms,uci,,uci_sms,train
Just wanted to say holy shit you guys weren't kidding about this bud,0,en,sms,uci,,uci_sms,train
"Just gettin a bit arty with my collages at the mo, well tryin 2 ne way! Got a roast in a min lovely i shall enjoy that!",0,en,sms,uci,,uci_sms,train
"This is one of the days you have a billion classes, right?",0,en,sms,uci,,uci_sms,train
"Goodmorning, today i am late for 2hrs. Because of back pain.",0,en,sms,uci,,uci_sms,train
Ok then i'll let him noe later n ask him call u tmr...,0,en,sms,uci,,uci_sms,train
Prabha..i'm soryda..realy..frm heart i'm sory,0,en,sms,uci,,uci_sms,train
OK i'm waliking ard now... Do u wan me 2 buy anything go ur house?,0,en,sms,uci,,uci_sms,train
* Will have two more cartons off u and is very pleased with shelves,0,en,sms,uci,,uci_sms,train
Nice talking to you! please dont forget my pix :) i want to see all of you...,0,en,sms,uci,,uci_sms,train
You have WON a guaranteed £1000 cash or a £2000 prize. To claim yr prize call our customer service representative on 08714712379 between 10am-7pm Cost 10p,1,en,sms,uci,,uci_sms,train
But really quite funny lor wat... Then u shd haf run shorter distance wat...,0,en,sms,uci,,uci_sms,test
I notice you like looking in the shit mirror youre turning into a right freak,0,en,sms,uci,,uci_sms,test
Great. I was getting worried about you. Just know that a wonderful and caring person like you will have only the best in life. Know that u r wonderful and God's love is yours.,0,en,sms,uci,,uci_sms,test
"Thanks for your ringtone order, ref number K718. Your mobile will be charged £4.50. Should your tone not arrive please call customer services on 09065069120",1,en,sms,uci,,uci_sms,test
"I prefer my free days... Tues, wed, fri oso can... Ü ask those workin lor...",0,en,sms,uci,,uci_sms,train
Alrite jod hows the revision goin? Keris bin doin a smidgin. N e way u wanna cum over after college?xx,0,en,sms,uci,,uci_sms,train
If you have belive me. Come to my home.,0,en,sms,uci,,uci_sms,test
Oh k.k..where did you take test?,0,en,sms,uci,,uci_sms,train
Those were my exact intentions,0,en,sms,uci,,uci_sms,test
haha but no money leh... Later got to go for tuition... Haha and looking for empty slots for driving lessons,0,en,sms,uci,,uci_sms,train
"Hey... Thk we juz go accordin to wat we discussed yest lor, except no kb on sun... Cos there's nt much lesson to go if we attend kb on sat...",0,en,sms,uci,,uci_sms,train
"K, wen ur free come to my home and also tel vikky i hav sent mail to him also.. Better come evening il be free today aftr 6pm..:-)",0,en,sms,uci,,uci_sms,train
Nothing just getting msgs by dis name wit different no's..,0,en,sms,uci,,uci_sms,train
Good Morning plz call me sir,0,en,sms,uci,,uci_sms,train
What's your room number again? Wanna make sure I'm knocking on the right door,0,en,sms,uci,,uci_sms,train
"""Si.como no?!listened2the plaid album-quite gd&the new air1 which is hilarious-also boughtbraindancea comp.ofstuff on aphexs ;abel,u hav2hear it!c u sn xxxx""",0,en,sms,uci,,uci_sms,train
Pls tell nelson that the bb's are no longer comin. The money i was expecting aint coming,0,en,sms,uci,,uci_sms,train
"Give her something to drink, if she takes it and doesn't vomit then you her temp might drop. If she unmits however let me know.",0,en,sms,uci,,uci_sms,train
Think you sent the text to the home phone. That cant display texts. If you still want to send it his number is,0,en,sms,uci,,uci_sms,train
Every day i use to sleep after  &lt;#&gt;  so only.,0,en,sms,uci,,uci_sms,test
K I'll call you when I'm close,0,en,sms,uci,,uci_sms,train
U buy newspapers already?,0,en,sms,uci,,uci_sms,train
Nope wif my sis lor... Aft bathing my dog then i can bathe... Looks like it's going 2 rain soon.,0,en,sms,uci,,uci_sms,train
Boo I'm on my way to my moms. She's making tortilla soup. Yummmm,0,en,sms,uci,,uci_sms,train
No management puzzeles.,0,en,sms,uci,,uci_sms,train
How did you find out in a way that didn't include all of these details,0,en,sms,uci,,uci_sms,train
"Hi ya babe x u 4goten bout me?' scammers getting smart..Though this is a regular vodafone no, if you respond you get further prem rate msg/subscription. Other nos used also. Beware!",1,en,sms,uci,,uci_sms,test
Back 2 work 2morro half term over! Can U C me 2nite 4 some sexy passion B4 I have 2 go back? Chat NOW 09099726481 Luv DENA Calls £1/minMobsmoreLKPOBOX177HP51FL,1,en,sms,uci,,uci_sms,train
will you like to be spoiled? :),0,en,sms,uci,,uci_sms,train
"Thanks for your ringtone order, ref number R836. Your mobile will be charged £4.50. Should your tone not arrive please call customer services on 09065069154",1,en,sms,uci,,uci_sms,test
I am getting threats from your sales executive Shifad as i raised complaint against him. Its an official message.,0,en,sms,uci,,uci_sms,test
hope things went well at 'doctors' ;) reminds me i still need 2go.did u c d little thing i left in the lounge?,0,en,sms,uci,,uci_sms,train
Den wat will e schedule b lk on sun?,0,en,sms,uci,,uci_sms,train
Lol enjoy role playing much?,0,en,sms,uci,,uci_sms,test
Ok. Me watching tv too.,0,en,sms,uci,,uci_sms,train
"I just lov this line: ""Hurt me with the truth, I don't mind,i wil tolerat.bcs ur my someone..... But, Never comfort me with a lie"" gud ni8 and sweet dreams",0,en,sms,uci,,uci_sms,test
"Just checked out, heading out to drop off my stuff now",0,en,sms,uci,,uci_sms,train
Here got lots of hair dresser fr china.,0,en,sms,uci,,uci_sms,test
Sad story of a Man - Last week was my b'day. My Wife did'nt wish me. My Parents forgot n so did my Kids . I went to work. Even my Colleagues did not wish.,0,en,sms,uci,,uci_sms,train
Ill call you evening ill some ideas.,0,en,sms,uci,,uci_sms,train
SplashMobile: Choose from 1000s of gr8 tones each wk! This is a subscrition service with weekly tones costing 300p. U have one credit - kick back and ENJOY,1,en,sms,uci,,uci_sms,train
Did you show him and wot did he say or could u not c him 4 dust?,0,en,sms,uci,,uci_sms,train
It should take about  &lt;#&gt;  min,0,en,sms,uci,,uci_sms,train
Not heard from U4 a while. Call 4 rude chat private line 01223585334 to cum. Wan 2C pics of me gettin shagged then text PIX to 8552. 2End send STOP 8552 SAM xxx,1,en,sms,uci,,uci_sms,train
Ok . . now i am in bus. . If i come soon i will come otherwise tomorrow,0,en,sms,uci,,uci_sms,train
I cant pick the phone right now. Pls send a message,0,en,sms,uci,,uci_sms,train
<Forwarded from 88877>FREE entry into our £250 weekly comp just send the word ENTER to 88877 NOW. 18 T&C www.textcomp.com,1,en,sms,uci,,uci_sms,train
Finish liao... U?,0,en,sms,uci,,uci_sms,train
88066 FROM 88066 LOST 3POUND HELP,1,en,sms,uci,,uci_sms,train
Haha i think i did too,0,en,sms,uci,,uci_sms,train
U know we watchin at lido?,0,en,sms,uci,,uci_sms,train
Life spend with someone for a lifetime may be meaningless but a few moments spent with someone who really love you means more than life itself..,0,en,sms,uci,,uci_sms,test
"Haha awesome, I've been to 4u a couple times. Who all's coming?",0,en,sms,uci,,uci_sms,train
Cold. Dont be sad dear,0,en,sms,uci,,uci_sms,train
Think I could stop by in like an hour or so? My roommate's looking to stock up for a trip,0,en,sms,uci,,uci_sms,test
Is that on the telly? No its Brdget Jones!,0,en,sms,uci,,uci_sms,train
Love you aathi..love u lot..,0,en,sms,uci,,uci_sms,train
Hello! How r u? Im bored. Inever thought id get bored with the tv but I am. Tell me something exciting has happened there? Anything! =/,0,en,sms,uci,,uci_sms,train
Hmm...Bad news...Hype park plaza $700 studio taken...Only left 2 bedrm-$900...,0,en,sms,uci,,uci_sms,train
"Sorry, I'll call later in meeting",0,en,sms,uci,,uci_sms,train
R ü comin back for dinner?,0,en,sms,uci,,uci_sms,train
"I hav almost reached. Call, i m unable to connect u.",0,en,sms,uci,,uci_sms,train
Whom you waited for yesterday,0,en,sms,uci,,uci_sms,test
I reach home safe n sound liao...,0,en,sms,uci,,uci_sms,train
"Velly good, yes please!",0,en,sms,uci,,uci_sms,test
"Hi, wkend ok but journey terrible. Wk not good as have huge back log of marking to do",0,en,sms,uci,,uci_sms,test
I have had two more letters from . I will copy them for you cos one has a message for you. Speak soon,0,en,sms,uci,,uci_sms,test
Alex knows a guy who sells mids but he's down in south tampa and I don't think I could set it up before like 8,0,en,sms,uci,,uci_sms,train
Dont you have message offer,0,en,sms,uci,,uci_sms,train
Had your mobile 11mths ? Update for FREE to Oranges latest colour camera mobiles & unlimited weekend calls. Call Mobile Upd8 on freefone 08000839402 or 2StopTx,1,en,sms,uci,,uci_sms,train
"HEY THERE BABE, HOW U DOIN? WOT U UP 2 2NITE LOVE ANNIE X.",0,en,sms,uci,,uci_sms,train
Remind me how to get there and I shall do so,0,en,sms,uci,,uci_sms,test
:-( that's not v romantic!,0,en,sms,uci,,uci_sms,test
Hello. Damn this christmas thing. I think i have decided to keep this mp3 that doesnt work.,0,en,sms,uci,,uci_sms,test
You have 1 new message. Please call 08718738034.,1,en,sms,uci,,uci_sms,test
HI DARLIN IM MISSIN U HOPE YOU ARE HAVING A GOOD TIME. WHEN ARE U BACK AND WHAT TIME IF U CAN GIVE ME A CALL AT HOME. JESS XX,0,en,sms,uci,,uci_sms,test
<Forwarded from 21870000>Hi - this is your Mailbox Messaging SMS alert. You have 4 messages. You have 21 matches. Please call back on 09056242159 to retrieve your messages and matches,1,en,sms,uci,,uci_sms,train
Draw va?i dont think so:),0,en,sms,uci,,uci_sms,train
Dont pick up d call when something important is There to tell. Hrishi,0,en,sms,uci,,uci_sms,train
"Congrats! 1 year special cinema pass for 2 is yours. call 09061209465 now! C Suprman V, Matrix3, StarWars3, etc all 4 FREE! bx420-ip4-5we. 150pm. Dont miss out!",1,en,sms,uci,,uci_sms,train
Nothin comes to my mind. Ü help me buy hanger lor. Ur laptop not heavy?,0,en,sms,uci,,uci_sms,train
"&lt;#&gt; , that's all? Guess that's easy enough",0,en,sms,uci,,uci_sms,train
We can make a baby in yo tho,0,en,sms,uci,,uci_sms,test
Should I tell my friend not to come round til like  &lt;#&gt; ish?,0,en,sms,uci,,uci_sms,test
Friendship poem: Dear O Dear U R Not Near But I Can Hear Dont Get Fear Live With Cheer No More Tear U R Always my Dear. Gud ni8,0,en,sms,uci,,uci_sms,train
Still in the area of the restaurant. Ill try to come back soon,0,en,sms,uci,,uci_sms,train
"Aight that'll work, thanks",0,en,sms,uci,,uci_sms,train
WIN a year supply of CDs 4 a store of ur choice worth £500 & enter our £100 Weekly draw txt MUSIC to 87066 Ts&Cs www.Ldew.com.subs16+1win150ppmx3,1,en,sms,uci,,uci_sms,train
Moby Pub Quiz.Win a £100 High Street prize if u know who the new Duchess of Cornwall will be? Txt her first name to 82277.unsub STOP £1.50 008704050406 SP Arrow,1,en,sms,uci,,uci_sms,test
"I have 2 sleeping bags, 1 blanket and paper and  phone details. Anything else?",0,en,sms,uci,,uci_sms,test
You have won a Nokia 7250i. This is what you get when you win our FREE auction. To take part send Nokia to 86021 now. HG/Suite342/2Lands Row/W1JHL 16+ ,1,en,sms,uci,,uci_sms,train
"Congratulations! Thanks to a good friend U have WON the £2,000 Xmas prize. 2 claim is easy, just call 08718726971 NOW! Only 10p per minute. BT-national-rate.",1,en,sms,uci,,uci_sms,train
"tddnewsletter@emc1.co.uk (More games from TheDailyDraw) Dear Helen, Dozens of Free Games - with great prizesWith..",1,en,sms,uci,,uci_sms,train
So what do you guys do.,0,en,sms,uci,,uci_sms,train
Also that chat was awesome but don't make it regular unless you can see her in person,0,en,sms,uci,,uci_sms,train
That's significant but dont worry.,0,en,sms,uci,,uci_sms,train
That's cause your old. I live to be high.,0,en,sms,uci,,uci_sms,train
"Waqt se pehle or naseeb se zyada kisi ko kuch nahi milta,Zindgi wo nahi he jo hum sochte hai Zindgi wo hai jo ham jeetey hai..........",0,en,sms,uci,,uci_sms,train
On the way to office da..,0,en,sms,uci,,uci_sms,train
In which place do you want da.,0,en,sms,uci,,uci_sms,train
This pain couldn't have come at a worse time.,0,en,sms,uci,,uci_sms,train
Ok...,0,en,sms,uci,,uci_sms,train
Should I be stalking u?,0,en,sms,uci,,uci_sms,test
Sorry dude. Dont know how i forgot. Even after Dan reminded me. Sorry. Hope you guys had fun.,0,en,sms,uci,,uci_sms,train
Ok lor.,0,en,sms,uci,,uci_sms,train
Apps class varaya elaya.,0,en,sms,uci,,uci_sms,test
The Xmas story is peace.. The Xmas msg is love.. The Xmas miracle is jesus.. Hav a blessed month ahead &amp; wish U Merry Xmas...,0,en,sms,uci,,uci_sms,test
"URGENT! Your mobile number *************** WON a £2000 Bonus Caller prize on 10/06/03! This is the 2nd attempt to reach you! Call 09066368753 ASAP! Box 97N7QP, 150ppm",1,en,sms,uci,,uci_sms,train
That day you asked about anand number. Why:-),0,en,sms,uci,,uci_sms,train
Am surfing online store. For offers do you want to buy any thing.,0,en,sms,uci,,uci_sms,train
Long beach lor. Expected... U having dinner now?,0,en,sms,uci,,uci_sms,train
At home by the way,0,en,sms,uci,,uci_sms,test
We are both fine. Thanks,0,en,sms,uci,,uci_sms,train
What happen to her tell the truth,0,en,sms,uci,,uci_sms,train
Do you like Italian food?,0,en,sms,uci,,uci_sms,train
Which is weird because I know I had it at one point,0,en,sms,uci,,uci_sms,train
"""Aww you must be nearly dead!Well Jez isComing over toDo some workAnd that whillTake forever!""",0,en,sms,uci,,uci_sms,train
Tell your friends what you plan to do on Valentines day @ &lt;URL&gt;,0,en,sms,uci,,uci_sms,test
"Alright, see you in a bit",0,en,sms,uci,,uci_sms,train
Cheers for the message Zogtorius. Ive been staring at my phone for an age deciding whether to text or not.,0,en,sms,uci,,uci_sms,train
I will take care of financial problem.i will help:),0,en,sms,uci,,uci_sms,test
Tell dear what happen to you. Why you talking to me like an alian,0,en,sms,uci,,uci_sms,train
Double your mins & txts on Orange or 1/2 price linerental - Motorola and SonyEricsson with B/Tooth FREE-Nokia FREE Call MobileUpd8 on 08000839402 or2optout/HV9D,1,en,sms,uci,,uci_sms,test
"1) Go to write msg 2) Put on Dictionary mode 3)Cover the screen with hand, 4)Press  &lt;#&gt; . 5)Gently remove Ur hand.. Its interesting..:)",0,en,sms,uci,,uci_sms,train
Okie...,0,en,sms,uci,,uci_sms,train
"Hi this is yijue, can i meet u at 11 tmr?",0,en,sms,uci,,uci_sms,train
Its posible dnt live in  &lt;#&gt; century cm frwd n thnk different,0,en,sms,uci,,uci_sms,train
But i dint slept in afternoon.,0,en,sms,uci,,uci_sms,train
That seems unnecessarily affectionate,0,en,sms,uci,,uci_sms,train
Yar else i'll thk of all sorts of funny things.,0,en,sms,uci,,uci_sms,train
You will be in the place of that man,0,en,sms,uci,,uci_sms,train
"Download as many ringtones as u like no restrictions, 1000s 2 choose. U can even send 2 yr buddys. Txt Sir to 80082 £3 ",1,en,sms,uci,,uci_sms,train
Thats cool. How was your day?,0,en,sms,uci,,uci_sms,train
Please CALL 08712402902 immediately as there is an urgent message waiting for you.,1,en,sms,uci,,uci_sms,train
R we going with the  &lt;#&gt;  bus?,0,en,sms,uci,,uci_sms,train
"Hello, my love ! How went your day ? Are you alright ? I think of you, my sweet and send a jolt to your heart to remind you ... I LOVE YOU! Can you hear it ? I screamed it across the sea for all the world to hear. Ahmad al Hallaq is loved ! and owned ! *possessive passionate kiss*",0,en,sms,uci,,uci_sms,train
No..he joined today itself.,0,en,sms,uci,,uci_sms,test
Okay same with me. Well thanks for the clarification,0,en,sms,uci,,uci_sms,train
I'll talk to the others and probably just come early tomorrow then,0,en,sms,uci,,uci_sms,test
"Spook up your mob with a Halloween collection of a logo & pic message plus a free eerie tone, txt CARD SPOOK to 8007 zed 08701417012150p per logo/pic",1,en,sms,uci,,uci_sms,train
"Had the money issue weigh me down but thanks to you, I can breathe easier now. I.ll make sure you dont regret it. Thanks.",0,en,sms,uci,,uci_sms,train
Hi. I'm sorry i missed your call. Can you pls call back.,0,en,sms,uci,,uci_sms,train
How are you doing? Hope you've settled in for the new school year. Just wishin you a gr8 day,0,en,sms,uci,,uci_sms,test
"Fantasy Football is back on your TV. Go to Sky Gamestar on Sky Active and play £250k Dream Team. Scoring starts on Saturday, so register now!SKY OPT OUT to 88088",1,en,sms,uci,,uci_sms,train
Ok then no need to tell me anything i am going to sleep good night,0,en,sms,uci,,uci_sms,train
Ok try to do week end course in coimbatore.,0,en,sms,uci,,uci_sms,train
Tone Club: Your subs has now expired 2 re-sub reply MONOC 4 monos or POLYC 4 polys 1 weekly @ 150p per week Txt STOP 2 stop This msg free Stream 0871212025016,1,en,sms,uci,,uci_sms,train
V nice! Off 2 sheffield tom 2 air my opinions on categories 2 b used 2 measure ethnicity in next census. Busy transcribing. :-),0,en,sms,uci,,uci_sms,train
If you r @ home then come down within 5 min,0,en,sms,uci,,uci_sms,train
"A Boy loved a gal. He propsd bt she didnt mind. He gv lv lttrs, Bt her frnds threw thm. Again d boy decided 2 aproach d gal , dt time a truck was speeding towards d gal. Wn it was about 2 hit d girl,d boy ran like hell n saved her. She asked 'hw cn u run so fast?' D boy replied ""Boost is d secret of my energy"" n instantly d girl shouted ""our energy"" n Thy lived happily 2gthr drinking boost evrydy Moral of d story:- I hv free msgs:D;): gud ni8",0,en,sms,uci,,uci_sms,train
"That day ü say ü cut ur hair at paragon, is it called hair sense? Do ü noe how much is a hair cut? ",0,en,sms,uci,,uci_sms,test
"Hmm, too many of them unfortunately... Pics obviously arent hot cakes. Its kinda fun tho",0,en,sms,uci,,uci_sms,train
Watching tv lor... Y she so funny we bluff her 4 wat. Izzit because she thk it's impossible between us?,0,en,sms,uci,,uci_sms,train
XMAS Prize draws! We are trying to contact U. Todays draw shows that you have won a £2000 prize GUARANTEED. Call 09058094565 from land line. Valid 12hrs only,1,en,sms,uci,,uci_sms,train
Dunno lei he neva say...,0,en,sms,uci,,uci_sms,train
Thanx 4 2day! U r a goodmate I THINK UR RITE SARY! ASUSUAL!1 U CHEERED ME UP! LOVE U FRANYxxxxx,0,en,sms,uci,,uci_sms,train
I'm on my way home. Went to change batt 4 my watch then go shop a bit lor.,0,en,sms,uci,,uci_sms,train
YES! The only place in town to meet exciting adult singles is now in the UK. Txt CHAT to 86688 now! 150p/Msg.,1,en,sms,uci,,uci_sms,train
"Hi, Mobile no.  &lt;#&gt;  has added you in their contact list on www.fullonsms.com It s a great place to send free sms to people For more visit fullonsms.com",0,en,sms,uci,,uci_sms,train
"Good evening Sir, hope you are having a nice day. I wanted to bring it to your notice that I have been late in paying rent for the past few months and have had to pay a $ &lt;#&gt;  charge. I felt it would be inconsiderate of me to nag about something you give at great cost to yourself and that's why i didnt speak up. I however am in a recession and wont be able to pay the charge this month hence my askin well ahead of month's end. Can you please help. Thank you for everything.",0,en,sms,uci,,uci_sms,train
"If i let you do this, i want you in the house by 8am.",0,en,sms,uci,,uci_sms,train
"Best line said in Love: . ""I will wait till the day I can forget u Or The day u realize that u cannot forget me.""... Gn",0,en,sms,uci,,uci_sms,train
I will reach before ten morning,0,en,sms,uci,,uci_sms,train
Your pussy is perfect!,0,en,sms,uci,,uci_sms,test
"Sorry, I'll call later",0,en,sms,uci,,uci_sms,train
"Someone has contacted our dating service and entered your phone becausethey fancy you! To find out who it is call from a landline 09058098002. PoBox1, W14RG 150p",1,en,sms,uci,,uci_sms,test
No message..no responce..what happend?,0,en,sms,uci,,uci_sms,train
Also where's the piece,0,en,sms,uci,,uci_sms,train
"wiskey Brandy Rum Gin Beer Vodka Scotch Shampain Wine ""KUDI""yarasu dhina vaazhthukkal. ..",0,en,sms,uci,,uci_sms,train
Boo. How's things? I'm back at home and a little bored already :-(,0,en,sms,uci,,uci_sms,train
First has she gained more than  &lt;#&gt; kg since she took in. Second has she done the blood sugar tests. If she has and its ok and her blood pressure is within normal limits then no worries,0,en,sms,uci,,uci_sms,train
PICK UR FONE UP NOW U DUMB?,0,en,sms,uci,,uci_sms,test
"Thanks da thangam, i feel very very happy dear. I also miss you da.",0,en,sms,uci,,uci_sms,train
"Okey doke. I'm at home, but not dressed cos laying around ill! Speak to you later bout times and stuff. ",0,en,sms,uci,,uci_sms,train
I don't run away frm u... I walk slowly &amp; it kills me that u don't care enough to stop me...,0,en,sms,uci,,uci_sms,train
"Babe, I'm back ... Come back to me ...",0,en,sms,uci,,uci_sms,train
Well you told others you'd marry them...,0,en,sms,uci,,uci_sms,train
Neshanth..tel me who r u?,0,en,sms,uci,,uci_sms,test
YO YO YO BYATCH WHASSUP?,0,en,sms,uci,,uci_sms,train
Oh... Kay... On sat right?,0,en,sms,uci,,uci_sms,test
Hi! This is Roger from CL. How are you?,0,en,sms,uci,,uci_sms,train
Babe: U want me dont u baby! Im nasty and have a thing 4 filthyguys. Fancy a rude time with a sexy bitch. How about we go slo n hard! Txt XXX SLO(4msgs),1,en,sms,uci,,uci_sms,test
Oh oh... Wasted... Den muz chiong on sat n sun liao...,0,en,sms,uci,,uci_sms,train
Jesus christ bitch I'm trying to give you drugs answer your fucking phone,0,en,sms,uci,,uci_sms,train
Please give it 2  or i will pick it up on Tuesday evening about 8 if that is ok.,0,en,sms,uci,,uci_sms,train
I'm meeting Darren...,0,en,sms,uci,,uci_sms,train
"One of best dialogue in cute reltnship..!! ""Wen i Die, Dont Come Near My Body..!! Bcoz My Hands May Not Come 2 Wipe Ur Tears Off That Time..!Gud ni8",0,en,sms,uci,,uci_sms,test
"Solve d Case : A Man Was Found Murdered On  &lt;DECIMAL&gt; . &lt;#&gt;  AfterNoon. 1,His wife called Police. 2,Police questioned everyone. 3,Wife: Sir,I was sleeping, when the murder took place. 4.Cook: I was cooking. 5.Gardener: I was picking vegetables. 6.House-Maid: I went 2 d post office. 7.Children: We went 2 play. 8.Neighbour: We went 2 a marriage. Police arrested d murderer Immediately. Who's It? Reply With Reason, If U r Brilliant.",0,en,sms,uci,,uci_sms,train
Dear where you will be when i reach there,0,en,sms,uci,,uci_sms,train
Aww that's the first time u said u missed me without asking if I missed u first. You DO love me! :),0,en,sms,uci,,uci_sms,train
Ok... Thanx... Gd nite 2 ü too...,0,en,sms,uci,,uci_sms,train
"Come to me right now, Ahmad",0,en,sms,uci,,uci_sms,train
I don't know u and u don't know me. Send CHAT to 86688 now and let's find each other! Only 150p/Msg rcvd. HG/Suite342/2Lands/Row/W1J6HL LDN. 18 years or over.,1,en,sms,uci,,uci_sms,train
Lol please do. Actually send a pic of yourself right now. I wanna see. Pose with a comb and hair dryer or something.,0,en,sms,uci,,uci_sms,train
O was not into fps then.,0,en,sms,uci,,uci_sms,train
Huh means computational science... Y they like dat one push here n there...,0,en,sms,uci,,uci_sms,train
"Could you not read me, my Love ? I answered you",0,en,sms,uci,,uci_sms,test
Oh... Lk tt den we take e one tt ends at cine lor... Dun wan yogasana oso can... ,0,en,sms,uci,,uci_sms,train
"Madam,regret disturbance.might receive a reference check from DLF Premarica.kindly be informed.Rgds,Rakhesh,Kerala.",0,en,sms,uci,,uci_sms,train
SMS SERVICES For your inclusive text credits pls gotto www.comuk.net login 3qxj9 unsubscribe with STOP no extra charge help 08702840625 comuk.220cm2 9AE,1,en,sms,uci,,uci_sms,train
Oic... Then better quickly go bathe n settle down...,0,en,sms,uci,,uci_sms,train
Err... Cud do. I'm going to  at 8pm. I haven't got a way to contact him until then.,0,en,sms,uci,,uci_sms,test
A bloo bloo bloo I'll miss the first bowl,0,en,sms,uci,,uci_sms,train
Lmao but its so fun...,0,en,sms,uci,,uci_sms,train
Oh k k:)but he is not a big hitter.anyway good,0,en,sms,uci,,uci_sms,test
Hey!!! I almost forgot ... Happy B-day babe ! I love ya!!,0,en,sms,uci,,uci_sms,train
Valentines Day Special! Win over £1000 in our quiz and take your partner on the trip of a lifetime! Send GO to 83600 now. 150p/msg rcvd. CustCare:08718720201,1,en,sms,uci,,uci_sms,test
Do you think i can move  &lt;#&gt;  in a week,0,en,sms,uci,,uci_sms,train
She.s find. I sent you an offline message to know how anjola's now.,0,en,sms,uci,,uci_sms,test
Guess who am I?This is the first time I created a web page WWW.ASJESUS.COM read all I wrote. I'm waiting for your opinions. I want to be your friend 1/1,1,en,sms,uci,,uci_sms,train
How was txting and driving,0,en,sms,uci,,uci_sms,train
That's good. Lets thank God. Please complete the drug. Have lots of water. And have a beautiful day.,0,en,sms,uci,,uci_sms,train
Really dun bluff me leh... U sleep early too. Nite...,0,en,sms,uci,,uci_sms,train
"Indians r poor but India is not a poor country. Says one of the swiss bank directors. He says that "" &lt;#&gt;  lac crore"" of Indian money is deposited in swiss banks which can be used for 'taxless' budget for  &lt;#&gt;  yrs. Can give  &lt;#&gt;  crore jobs to all Indians. From any village to Delhi 4 lane roads. Forever free power suply to more than  &lt;#&gt;  social projects. Every citizen can get monthly  &lt;#&gt; /- for  &lt;#&gt;  yrs. No need of World Bank &amp; IMF loan. Think how our money is blocked by rich politicians. We have full rights against corrupt politicians. Itna forward karo ki pura INDIA padhe.g.m.""",0,en,sms,uci,,uci_sms,train
Uncle boye. I need movies oh. Guide me. Plus you know torrents are not particularly legal here. And the system is slowing down. What should i do. Have a gr8 day. Plus have you started cos i dont meet you online. How was the honey moon.,0,en,sms,uci,,uci_sms,train
Oh ya ya. I remember da. .,0,en,sms,uci,,uci_sms,train
Btw regarding that we should really try to see if anyone else can be our 4th guy before we commit to a random dude,0,en,sms,uci,,uci_sms,train
"For ur chance to win £250 cash every wk TXT: PLAY to 83370. T's&C's www.music-trivia.net custcare 08715705022, 1x150p/wk.",1,en,sms,uci,,uci_sms,train
I not busy juz dun wan 2 go so early.. Hee.. ,0,en,sms,uci,,uci_sms,train
Rightio. 11.48 it is then. Well arent we all up bright and early this morning.,0,en,sms,uci,,uci_sms,train
"Great. I'm in church now, will holla when i get out",0,en,sms,uci,,uci_sms,test
Back in brum! Thanks for putting us up and keeping us all and happy. See you soon ,0,en,sms,uci,,uci_sms,train
I donno if they are scorable,0,en,sms,uci,,uci_sms,test
&lt;#&gt;  great loxahatchee xmas tree burning update: you can totally see stars here,0,en,sms,uci,,uci_sms,train
"Yes but i dont care! I need you bad, princess!",0,en,sms,uci,,uci_sms,test
"The guy (kadeem) hasn't been selling since the break, I know one other guy but he's paranoid as fuck and doesn't like selling without me there and I can't be up there til late tonight",0,en,sms,uci,,uci_sms,train
"Sorry, I'll call later",0,en,sms,uci,,uci_sms,train
Tmr then ü brin lar... Aiya later i come n c lar... Mayb ü neva set properly ü got da help sheet wif ü...,0,en,sms,uci,,uci_sms,train
Do u knw dis no. &lt;#&gt; ?,0,en,sms,uci,,uci_sms,train
Then she dun believe wat?,0,en,sms,uci,,uci_sms,train
K..give back my thanks.,0,en,sms,uci,,uci_sms,train
I know complain num only..bettr directly go to bsnl offc nd apply for it..,0,en,sms,uci,,uci_sms,test
Okay. I've seen it. So i should pick it on friday?,0,en,sms,uci,,uci_sms,train
How much she payed. Suganya.,0,en,sms,uci,,uci_sms,train
Left dessert. U wan me 2 go suntec look 4 u?,0,en,sms,uci,,uci_sms,train
"Abeg, make profit. But its a start. Are you using it to get sponsors for the next event?",0,en,sms,uci,,uci_sms,train
Onum ela pa. Normal than.,0,en,sms,uci,,uci_sms,train
K.k..how is your sister kids?,0,en,sms,uci,,uci_sms,train
"Cool, I'll text you when I'm on the way",0,en,sms,uci,,uci_sms,test
Nope. Meanwhile she talk say make i greet you.,0,en,sms,uci,,uci_sms,train
i cant talk to you now.i will call when i can.dont keep calling.,0,en,sms,uci,,uci_sms,train
Anything lar...,0,en,sms,uci,,uci_sms,train
"Rose needs water, season needs change, poet needs imagination..My phone needs ur sms and i need ur lovely frndship forever....",0,en,sms,uci,,uci_sms,train
"Good afternoon, babe. How goes that day ? Any job prospects yet ? I miss you, my love ... *sighs* ... :-(",0,en,sms,uci,,uci_sms,train
They will pick up and drop in car.so no problem..,0,en,sms,uci,,uci_sms,train
S.i think he is waste for rr..,0,en,sms,uci,,uci_sms,train
He is world famamus....,0,en,sms,uci,,uci_sms,train
Is there coming friday is leave for pongal?do you get any news from your work place.,0,en,sms,uci,,uci_sms,test
Lol well don't do it without me. We could have a big sale together.,0,en,sms,uci,,uci_sms,train
* Am on my way,0,en,sms,uci,,uci_sms,train
Eat at old airport road... But now 630 oredi... Got a lot of pple...,0,en,sms,uci,,uci_sms,train
"sry can't talk on phone, with parents",0,en,sms,uci,,uci_sms,test
"Final Chance! Claim ur £150 worth of discount vouchers today! Text YES to 85023 now! SavaMob, member offers mobile! T Cs SavaMob POBOX84, M263UZ. £3.00 Subs 16",1,en,sms,uci,,uci_sms,test
Ok lor wat time ü finish?,0,en,sms,uci,,uci_sms,train
"Princess, i like to make love  &lt;#&gt;  times per night. Hope thats not a problem!",0,en,sms,uci,,uci_sms,train
Mm i am on the way to railway,0,en,sms,uci,,uci_sms,train
i dnt wnt to tlk wid u,0,en,sms,uci,,uci_sms,train
"I'm done. I'm sorry. I hope your next space gives you everything you want. Remember all the furniture is yours. If i'm not around when you move it, just lock all the locks and leave the key with jenne.",0,en,sms,uci,,uci_sms,test
Not yet. Just i'd like to keep in touch and it will be the easiest way to do that from barcelona. By the way how ru and how is the house?,0,en,sms,uci,,uci_sms,test
"Sppok up ur mob with a Halloween collection of nokia logo&pic message plus a FREE eerie tone, txt CARD SPOOK to 8007",1,en,sms,uci,,uci_sms,train
"Urgent! call 09066612661 from landline. Your complementary 4* Tenerife Holiday or £10,000 cash await collection SAE T&Cs PO Box 3 WA14 2PX 150ppm 18+ Sender: Hol Offer",1,en,sms,uci,,uci_sms,train
K.:)do it at evening da:)urgent:),0,en,sms,uci,,uci_sms,train
Pansy! You've been living in a jungle for two years! Its my driving you should be more worried about!,0,en,sms,uci,,uci_sms,test
Mm have some kanji dont eat anything heavy ok,0,en,sms,uci,,uci_sms,test
Only if you promise your getting out as SOON as you can. And you'll text me in the morning to let me know you made it in ok.,0,en,sms,uci,,uci_sms,train
Lol that's different. I don't go trying to find every real life photo you ever took.,0,en,sms,uci,,uci_sms,train
I dont thnk its a wrong calling between us,0,en,sms,uci,,uci_sms,test
K ill drink.pa then what doing. I need srs model pls send it to my mail id pa.,0,en,sms,uci,,uci_sms,train
Aiyah e rain like quite big leh. If drizzling i can at least run home.,0,en,sms,uci,,uci_sms,train
I have 2 docs appointments next week.:/ I'm tired of them shoving stuff up me. Ugh why couldn't I have had a normal body?,0,en,sms,uci,,uci_sms,test
Dun b sad.. It's over.. Dun thk abt it already. Concentrate on ur other papers k.,0,en,sms,uci,,uci_sms,train
"Greetings me, ! Consider yourself excused.",0,en,sms,uci,,uci_sms,train
No drama Pls.i have had enough from you and family while i am struggling in the hot sun in a strange place.No reason why there should be an ego of not going 'IF NOT INVITED' when actually its necessity to go.wait for very serious reppurcussions.,0,en,sms,uci,,uci_sms,train
they released another Italian one today and it has a cosign option,0,en,sms,uci,,uci_sms,train
"You at mu? You should try to figure out how much money everyone has for gas and alcohol, jay and I are trying to figure out our weed budget",0,en,sms,uci,,uci_sms,train
WINNER! As a valued network customer you hvae been selected to receive a £900 reward! To collect call 09061701444. Valid 24 hours only. ACL03530150PM,1,en,sms,uci,,uci_sms,test
HCL chennai requires FRESHERS for voice process.Excellent english needed.Salary upto  &lt;#&gt; .Call Ms.Suman  &lt;#&gt;  for Telephonic interview -via Indyarocks.com,0,en,sms,uci,,uci_sms,train
Dai what this da.. Can i send my resume to this id.,0,en,sms,uci,,uci_sms,train
"I know where the  &lt;#&gt;  is, I'll be there around 5",0,en,sms,uci,,uci_sms,train
Yup i've finished c ü there...,0,en,sms,uci,,uci_sms,train
Remember to ask alex about his pizza,0,en,sms,uci,,uci_sms,train
No da..today also i forgot..,0,en,sms,uci,,uci_sms,train
"Ola would get back to you maybe not today but I ve told him you can be his direct link in the US in getting cars he bids for online, you arrange shipping and you get a cut. Or U????? For a partnership where U????? Invest money for shipping and he takes care of the rest!U??Wud b self reliant soon dnt worry",0,en,sms,uci,,uci_sms,train
Fwiw the reason I'm only around when it's time to smoke is that because of gas I can only afford to be around when someone tells me to be and that apparently only happens when somebody wants to light up,0,en,sms,uci,,uci_sms,train
"Hello, my boytoy! I made it home and my constant thought is of you, my love. I hope your having a nice visit but I can't wait till you come home to me ...*kiss*",0,en,sms,uci,,uci_sms,test
Congrats kano..whr s the treat maga?,0,en,sms,uci,,uci_sms,test
Who u talking about?,0,en,sms,uci,,uci_sms,train
Yup...,0,en,sms,uci,,uci_sms,train
Ok...,0,en,sms,uci,,uci_sms,train
"U wake up already? Wat u doing? U picking us up later rite? I'm taking sq825, reaching ard 7 smth 8 like dat. U can check e arrival time. C ya soon...",0,en,sms,uci,,uci_sms,train
Yunny i'm walking in citylink now ü faster come down... Me very hungry...,0,en,sms,uci,,uci_sms,train
Er yep sure. Props?,0,en,sms,uci,,uci_sms,train
"Hiya , have u been paying money into my account? If so, thanks. Got a pleasant surprise when i checked my balance -u c, i don't get statements 4 that acc",0,en,sms,uci,,uci_sms,train
U have won a nokia 6230 plus a free digital camera. This is what u get when u win our FREE auction. To take part send NOKIA to 83383 now. POBOX114/14TCR/W1 16,1,en,sms,uci,,uci_sms,test
Ok ill send you with in  &lt;DECIMAL&gt;  ok.,0,en,sms,uci,,uci_sms,train
Bognor it is! Should be splendid at this time of year.,0,en,sms,uci,,uci_sms,train
Yes.i'm in office da:),0,en,sms,uci,,uci_sms,train
"Sorry, I'll call later",0,en,sms,uci,,uci_sms,train
Joy's father is John. Then John is the NAME of Joy's father. Mandan,0,en,sms,uci,,uci_sms,train
Ok. I only ask abt e movie. U wan ktv oso?,0,en,sms,uci,,uci_sms,train
Misplaced your number and was sending texts to your old number. Wondering why i've not heard from you this year. All the best in your mcat. Got this number from my atlanta friends,0,en,sms,uci,,uci_sms,train
"Sorry, I'll call later",0,en,sms,uci,,uci_sms,train
Dunno lei... I might b eatin wif my frens... If ü wan to eat then i wait 4 ü lar,0,en,sms,uci,,uci_sms,train
"Sorry, I'll call later",0,en,sms,uci,,uci_sms,train
FREE entry into our £250 weekly comp just send the word WIN to 80086 NOW. 18 T&C www.txttowin.co.uk,1,en,sms,uci,,uci_sms,test
"Say this slowly.? GOD,I LOVE YOU &amp; I NEED YOU,CLEAN MY HEART WITH YOUR BLOOD.Send this to Ten special people &amp; u c miracle tomorrow, do it,pls,pls do it...",0,en,sms,uci,,uci_sms,test
Do u noe how 2 send files between 2 computers?,0,en,sms,uci,,uci_sms,test
"Mmmmm ... I loved waking to your words this morning ! I miss you too, my Love. I hope your day goes well and you are happy. I wait for us to be together again",0,en,sms,uci,,uci_sms,train
jay says he'll put in  &lt;#&gt;,0,en,sms,uci,,uci_sms,train
Can you just come in for a sec? There's somebody here I want you to see,0,en,sms,uci,,uci_sms,train
So the sun is anti sleep medicine.,0,en,sms,uci,,uci_sms,train
What's happening with you. Have you gotten a job and have you begun registration for permanent residency,0,en,sms,uci,,uci_sms,test
Yup ok...,0,en,sms,uci,,uci_sms,train
Glad it went well :) come over at 11 then we'll have plenty of time before claire goes to work.,0,en,sms,uci,,uci_sms,test
Ok enjoy . R u there in home.,0,en,sms,uci,,uci_sms,train
"Can you pls pls send me a mail on all you know about relatives coming to deliver here? All you know about costs, risks, benefits and anything else. Thanks.",0,en,sms,uci,,uci_sms,train
You do what all you like,0,en,sms,uci,,uci_sms,train
That's y we haf to combine n c how lor...,0,en,sms,uci,,uci_sms,train
The monthly amount is not that terrible and you will not pay anything till 6months after finishing school.,0,en,sms,uci,,uci_sms,test
Hmmm:)how many players selected?,0,en,sms,uci,,uci_sms,test
"They said if its gonna snow, it will start around 8 or 9 pm tonite! They are predicting an inch of accumulation.",0,en,sms,uci,,uci_sms,train
I dont. Can you send it to me. Plus how's mode.,0,en,sms,uci,,uci_sms,train
Aiyo please ü got time meh.,0,en,sms,uci,,uci_sms,train
Package all your programs well,0,en,sms,uci,,uci_sms,train
"She is our sister.. She belongs 2 our family.. She is d hope of tomorrow.. Pray 4 her,who was fated 4 d Shoranur train incident. Lets hold our hands together &amp; fuelled by love &amp; concern prior 2 her grief &amp; pain. Pls join in dis chain &amp; pass it. STOP VIOLENCE AGAINST WOMEN.",0,en,sms,uci,,uci_sms,train
So are you guys asking that i get that slippers again or its gone with last year,0,en,sms,uci,,uci_sms,train
Company is very good.environment is terrific and food is really nice:),0,en,sms,uci,,uci_sms,train
"Text82228>> Get more ringtones, logos and games from www.txt82228.com. Questions: info@txt82228.co.uk",1,en,sms,uci,,uci_sms,train
Honestly i've just made a lovely cup of tea and promptly dropped my keys in it and then burnt my fingers getting them out!,0,en,sms,uci,,uci_sms,train
Yup but not studying surfing lor. I'm in e lazy mode today.,0,en,sms,uci,,uci_sms,train
Please sen :)my kind advice :-)please come here and try:-),0,en,sms,uci,,uci_sms,train
I'm done. C ü there.,0,en,sms,uci,,uci_sms,train
"Oh fine, I'll be by tonight",0,en,sms,uci,,uci_sms,train
Ü give me some time to walk there.,0,en,sms,uci,,uci_sms,train
I'll reach in ard 20 mins ok...,0,en,sms,uci,,uci_sms,test
"FreeMSG You have been awarded a FREE mini DIGITAL CAMERA, just reply SNAP to collect your prize! (quizclub Opt out? Stop 80122300p/wk SP:RWM Ph:08704050406)",1,en,sms,uci,,uci_sms,train
Fuck babe ... What happened to you ? How come you never came back?,0,en,sms,uci,,uci_sms,train
This message is brought to you by GMW Ltd. and is not connected to the,1,en,sms,uci,,uci_sms,train
"Some friends want me to drive em someplace, probably take a while",0,en,sms,uci,,uci_sms,train
I also thk too fast... Xy suggest one not me. U dun wan it's ok. Going 2 rain leh where got gd.,0,en,sms,uci,,uci_sms,train
Are you still getting the goods.,0,en,sms,uci,,uci_sms,train
And maybe some pressies,0,en,sms,uci,,uci_sms,train
"Yeah I am, so I'll leave maybe 7ish?",0,en,sms,uci,,uci_sms,train
K..k..i'm also fine:)when will you complete the course?,0,en,sms,uci,,uci_sms,train
"Under the sea, there lays a rock. In the rock, there is an envelope. In the envelope, there is a paper. On the paper, there are 3 words... '",0,en,sms,uci,,uci_sms,train
I told her I had a Dr appt next week. She thinks I'm gonna die. I told her its just a check. Nothing to be worried about. But she didn't listen.,0,en,sms,uci,,uci_sms,train
You in your room? I need a few,0,en,sms,uci,,uci_sms,train
I dont want to hear anything,0,en,sms,uci,,uci_sms,train
Hey. For me there is no leave on friday. Wait i will ask my superior and tell you..,0,en,sms,uci,,uci_sms,train
Ultimately tor motive tui achieve korli.,0,en,sms,uci,,uci_sms,train
From 5 to 2 only my work timing.,0,en,sms,uci,,uci_sms,train
… and don‘t worry we‘ll have finished by march … ish!,0,en,sms,uci,,uci_sms,train
"The house is on the water with a dock, a boat rolled up with a newscaster who dabbles in jazz flute behind the wheel",0,en,sms,uci,,uci_sms,train
"Congrats 2 mobile 3G Videophones R yours. call 09063458130 now! videochat wid ur mates, play java games, Dload polypH music, noline rentl. bx420. ip4. 5we. 150p",1,en,sms,uci,,uci_sms,train
Your next amazing xxx PICSFREE1 video will be sent to you enjoy! If one vid is not enough for 2day text back the keyword PICSFREE1 to get the next video.,1,en,sms,uci,,uci_sms,train
Now thats going to ruin your thesis!,0,en,sms,uci,,uci_sms,train
In sch but neva mind u eat 1st lor..,0,en,sms,uci,,uci_sms,train
Hey whats up? U sleeping all morning?,0,en,sms,uci,,uci_sms,test
Erm. I thought the contract ran out the4th of october.,0,en,sms,uci,,uci_sms,test
I dunno until when... Lets go learn pilates...,0,en,sms,uci,,uci_sms,train
U are subscribed to the best Mobile Content Service in the UK for £3 per ten days until you send STOP to 83435. Helpline 08706091795.,1,en,sms,uci,,uci_sms,train
Yup i'm elaborating on the safety aspects and some other issues..,0,en,sms,uci,,uci_sms,train
"3 FREE TAROT TEXTS! Find out about your love life now! TRY 3 FOR FREE! Text CHANCE to 85555 16 only! After 3 Free, Msgs £1.50 each",1,en,sms,uci,,uci_sms,train
"Goodmorning, today i am late for 1hr.",0,en,sms,uci,,uci_sms,train
Hi happy birthday. Hi hi hi hi hi hi hi,0,en,sms,uci,,uci_sms,test
I will be outside office take all from there,0,en,sms,uci,,uci_sms,train
If you don't respond imma assume you're still asleep and imma start calling n shit,0,en,sms,uci,,uci_sms,test
"Aight, see you in a bit",0,en,sms,uci,,uci_sms,train
My superior telling that friday is leave for all other department except ours:)so it will be leave for you:)any way call waheed fathima hr and conform it:),0,en,sms,uci,,uci_sms,train
Join the UK's horniest Dogging service and u can have sex 2nite!. Just sign up and follow the instructions. Txt ENTRY to 69888 now! Nyt.EC2A.3LP.msg@150p,1,en,sms,uci,,uci_sms,train
Lol I have to take it. member how I said my aunt flow didn't visit for 6 months? It's cause I developed ovarian cysts. Bc is the only way to shrink them.,0,en,sms,uci,,uci_sms,test
Still work going on:)it is very small house.,0,en,sms,uci,,uci_sms,train
"My friend just got here and says he's upping his order by a few grams (he's got $ &lt;#&gt; ), when can you get here?",0,en,sms,uci,,uci_sms,train
Tmr timin still da same wat cos i got lesson until 6...,0,en,sms,uci,,uci_sms,train
"That‘s the thing with apes, u can fight to the death to keep something, but the minute they have it when u let go, thats it!",0,en,sms,uci,,uci_sms,train
Sunshine Quiz Wkly Q! Win a top Sony DVD player if u know which country Liverpool played in mid week? Txt ansr to 82277. £1.50 SP:Tyrone,1,en,sms,uci,,uci_sms,train
No i'm not gonna be able to. || too late notice. || i'll be home in a few weeks anyway. || what are the plans,0,en,sms,uci,,uci_sms,train
"Got fujitsu, ibm, hp, toshiba... Got a lot of model how to say...",0,en,sms,uci,,uci_sms,train
Okie... Thanx...,0,en,sms,uci,,uci_sms,train
"Gosh that , what a pain. Spose I better come then.",0,en,sms,uci,,uci_sms,train
"As usual..iam fine, happy &amp; doing well..:)",0,en,sms,uci,,uci_sms,train
Okie,0,en,sms,uci,,uci_sms,train
So when you gonna get rimac access ,0,en,sms,uci,,uci_sms,train
"""Im at arestaurant eating squid! i will be out about 10:30 wanna dosomething or is that to late?""",0,en,sms,uci,,uci_sms,train
You call times job today ok umma and ask them to speed up,0,en,sms,uci,,uci_sms,train
"""HELLO U.CALL WEN U FINISH WRK.I FANCY MEETIN UP WIV U ALL TONITE AS I NEED A BREAK FROM DABOOKS. DID 4 HRS LAST NITE+2 TODAY OF WRK!""",0,en,sms,uci,,uci_sms,train
R U &SAM P IN EACHOTHER. IF WE MEET WE CAN GO 2 MY HOUSE,0,en,sms,uci,,uci_sms,train
:-) yeah! Lol. Luckily i didn't have a starring role like you!,0,en,sms,uci,,uci_sms,test
Hello madam how are you ?,0,en,sms,uci,,uci_sms,test
"Awesome, text me when you're restocked",0,en,sms,uci,,uci_sms,test
"As usual..iam fine, happy &amp; doing well..:)",0,en,sms,uci,,uci_sms,train
Knock Knock Txt whose there to 80082 to enter r weekly draw 4 a £250 gift voucher 4 a store of yr choice. T&Cs www.tkls.com age16 to stoptxtstop£1.50/week,1,en,sms,uci,,uci_sms,test
Yes. It's all innocent fun. O:-),0,en,sms,uci,,uci_sms,test
Thanks for sending this mental ability question..,0,en,sms,uci,,uci_sms,train
"Sir, hope your day is going smoothly. i really hoped i wont have to bother you about this. I have some bills that i can't settle this month. I am out of all extra cash. I know this is a challenging time for you also but i have to let you know.",0,en,sms,uci,,uci_sms,train
2marrow only. Wed at  &lt;#&gt;  to 2 aha.,0,en,sms,uci,,uci_sms,train
I went to ur hon lab but no one is there.,0,en,sms,uci,,uci_sms,train
I cant pick the phone right now. Pls send a message,0,en,sms,uci,,uci_sms,train
Hey pple...$700 or $900 for 5 nights...Excellent location wif breakfast hamper!!!,0,en,sms,uci,,uci_sms,train
<Forwarded from 21870000>Hi - this is your Mailbox Messaging SMS alert. You have 40 matches. Please call back on 09056242159 to retrieve your messages and matches cc100p/min,1,en,sms,uci,,uci_sms,train
How come?,0,en,sms,uci,,uci_sms,test
Lol! Nah wasn't too bad thanks. Its good to b home but its been quite a reality check. Hows ur day been? Did u do anything with website?,0,en,sms,uci,,uci_sms,train
Ok lor...,0,en,sms,uci,,uci_sms,train
I'm coming home 4 dinner.,0,en,sms,uci,,uci_sms,train
S da..al r above  &lt;#&gt;,0,en,sms,uci,,uci_sms,train
"FREE RING TONE just text ""POLYS"" to 87131. Then every week get a new tone. 0870737910216yrs only £1.50/wk.",1,en,sms,uci,,uci_sms,train
Unni thank you dear for the recharge..Rakhesh,0,en,sms,uci,,uci_sms,train
I know I'm lacking on most of this particular dramastorm's details but for the most part I'm not worried about that,0,en,sms,uci,,uci_sms,test
Haha... They cant what... At the most tmr forfeit... haha so how?,0,en,sms,uci,,uci_sms,train
"Hey there! Glad u r better now. I hear u treated urself to a digi cam, is it good? We r off at 9pm. Have a fab new year, c u in coupla wks!",0,en,sms,uci,,uci_sms,train
No way I'm going back there!,0,en,sms,uci,,uci_sms,train
"URGENT! Your mobile No 077xxx WON a £2,000 Bonus Caller Prize on 02/06/03! This is the 2nd attempt to reach YOU! Call 09066362206 ASAP! BOX97N7QP, 150ppm",1,en,sms,uci,,uci_sms,train
I WILL CAL YOU SIR. In meeting,0,en,sms,uci,,uci_sms,train
"That's what I love to hear :V see you sundayish, then",0,en,sms,uci,,uci_sms,test
"Sorry da thangam, very very sorry i am held up with prasad.",0,en,sms,uci,,uci_sms,test
Tiwary to rcb.battle between bang and kochi.,0,en,sms,uci,,uci_sms,train
Thank god they are in bed!,0,en,sms,uci,,uci_sms,train
No I don't have cancer. Moms making a big deal out of a regular checkup aka pap smear,0,en,sms,uci,,uci_sms,train
Am in gobi arts college,0,en,sms,uci,,uci_sms,train
Why she wants to talk to me,0,en,sms,uci,,uci_sms,train
Pandy joined 4w technologies today.he got job..,0,en,sms,uci,,uci_sms,train
"You are guaranteed the latest Nokia Phone, a 40GB iPod MP3 player or a £500 prize! Txt word: COLLECT to No: 83355! IBHltd LdnW15H 150p/Mtmsgrcvd18",1,en,sms,uci,,uci_sms,train
"They can try! They can get lost, in fact. Tee hee",0,en,sms,uci,,uci_sms,train
Hi! You just spoke to MANEESHA V. We'd like to know if you were satisfied with the experience. Reply Toll Free with Yes or No.,0,en,sms,uci,,uci_sms,train
My friends use to call the same.,0,en,sms,uci,,uci_sms,train
"Sorry, I'll call later",0,en,sms,uci,,uci_sms,train
"Em, its olowoyey@ usc.edu have a great time in argentina. Not sad about secretary, everything is a blessing",0,en,sms,uci,,uci_sms,train
"It,,s a taxt massage....tie-pos argh ok! Lool!",0,en,sms,uci,,uci_sms,test
"Hi, can i please get a  &lt;#&gt;  dollar loan from you. I.ll pay you back by mid february. Pls.",0,en,sms,uci,,uci_sms,train
"You might want to pull out more just in case and just plan on not spending it if you can, I don't have much confidence in derek and taylor's money management",0,en,sms,uci,,uci_sms,train
Do you like shaking your booty on the dance floor?,0,en,sms,uci,,uci_sms,train
"Text me when you get off, don't call, my phones having problems",0,en,sms,uci,,uci_sms,train
No need for the drug anymore.,0,en,sms,uci,,uci_sms,test
Sorry da:)i was thought of calling you lot of times:)lil busy.i will call you at noon..,0,en,sms,uci,,uci_sms,train
Its sarcasm.. .nt scarcasim,0,en,sms,uci,,uci_sms,train
Great! I have to run now so ttyl!,0,en,sms,uci,,uci_sms,train
Feel like trying kadeem again? :V,0,en,sms,uci,,uci_sms,train
Dai  &lt;#&gt;  naal eruku.,0,en,sms,uci,,uci_sms,test
Not yet chikku..wat abt u?,0,en,sms,uci,,uci_sms,train
Ok...,0,en,sms,uci,,uci_sms,train
Want to finally have lunch today?,0,en,sms,uci,,uci_sms,train
Do you know when dad will be back?,0,en,sms,uci,,uci_sms,train
"Hello darling how are you today? I would love to have a chat, why dont you tell me what you look like and what you are in to sexy?",1,en,sms,uci,,uci_sms,train
8007 FREE for 1st week! No1 Nokia tone 4 ur mob every week just txt NOKIA to 8007 Get txting and tell ur mates www.getzed.co.uk POBox 36504 W4 5WQ norm 150p/tone 16+,1,en,sms,uci,,uci_sms,train
He remains a bro amongst bros,0,en,sms,uci,,uci_sms,train
R u meeting da ge at nite tmr?,0,en,sms,uci,,uci_sms,train
"* Was a nice day and, impressively, i was sensible, went home early and now feel fine. Or am i just boring?! When's yours, i can't remember.",0,en,sms,uci,,uci_sms,train
Why de. You looking good only:-)..,0,en,sms,uci,,uci_sms,train
Wanna get laid 2nite? Want real Dogging locations sent direct to ur mobile? Join the UK's largest Dogging Network. Txt PARK to 69696 now! Nyt. ec2a. 3lp £1.50/msg,1,en,sms,uci,,uci_sms,train
we tried to contact you re your response to our offer of a new nokia fone and camcorder hit reply or call 08000930705 for delivery,1,en,sms,uci,,uci_sms,test
Yes. They replied my mail. I'm going to the management office later. Plus will in to bank later also.or on wednesday.,0,en,sms,uci,,uci_sms,train
"That's cool, I'll come by like  &lt;#&gt; ish",0,en,sms,uci,,uci_sms,train
Super msg da:)nalla timing.,0,en,sms,uci,,uci_sms,train
"Good afternoon, my boytoy ... How are you feeling today ? Better I hope? Are you being my good boy? Are you my obedient, slave? Do you please your Queen?",0,en,sms,uci,,uci_sms,train
I am 6 ft. We will be a good combination!,0,en,sms,uci,,uci_sms,train
I'm sick !! I'm needy !! I want you !! *pouts* *stomps feet* Where are you ?! *pouts* *stomps feet* I want my slave !! I want him now !!,0,en,sms,uci,,uci_sms,train
* Am on a train back from northampton so i'm afraid not!,0,en,sms,uci,,uci_sms,train
Where in abj are you serving. Are you staying with dad or alone.,0,en,sms,uci,,uci_sms,train
Was playng 9 doors game and gt racing on phone lol,0,en,sms,uci,,uci_sms,train
"New Tones This week include: 1)McFly-All Ab.., 2) Sara Jorge-Shock.. 3) Will Smith-Switch.. To order follow instructions on next message",1,en,sms,uci,,uci_sms,train
"Solve d Case : A Man Was Found Murdered On  &lt;DECIMAL&gt; . &lt;#&gt;  AfterNoon. 1,His wife called Police. 2,Police questioned everyone. 3,Wife: Sir,I was sleeping, when the murder took place. 4.Cook: I was cooking. 5.Gardener: I was picking vegetables. 6.House-Maid: I went 2 d post office. 7.Children: We went 2 play. 8.Neighbour: We went 2 a marriage. Police arrested d murderer Immediately. Who's It? Reply With Reason, If U r Brilliant.",0,en,sms,uci,,uci_sms,test
I'm on da bus going home...,0,en,sms,uci,,uci_sms,test
I got a call from a landline number. . . I am asked to come to anna nagar . . . I will go in the afternoon,0,en,sms,uci,,uci_sms,train
I'm okay. Chasing the dream. What's good. What are you doing next.,0,en,sms,uci,,uci_sms,train
Yupz... I've oredi booked slots 4 my weekends liao... ,0,en,sms,uci,,uci_sms,train
URGENT! We are trying to contact U. Todays draw shows that you have won a £800 prize GUARANTEED. Call 09050003091 from land line. Claim C52. Valid 12hrs only,1,en,sms,uci,,uci_sms,train
There r many model..sony ericson also der.. &lt;#&gt; ..it luks good bt i forgot modl no,0,en,sms,uci,,uci_sms,train
Okie,0,en,sms,uci,,uci_sms,train
Yes I know the cheesy songs from frosty the snowman :),0,en,sms,uci,,uci_sms,train
"Ya ok, vikky vl c witin  &lt;#&gt; mins and il reply u..",0,en,sms,uci,,uci_sms,test
sports fans - get the latest sports news str* 2 ur mobile 1 wk FREE PLUS a FREE TONE Txt SPORT ON to 8007 www.getzed.co.uk 0870141701216+ norm 4txt/120p ,1,en,sms,uci,,uci_sms,train
Hey tmr meet at bugis 930 ?,0,en,sms,uci,,uci_sms,train
"Urgent Urgent! We have 800 FREE flights to Europe to give away, call B4 10th Sept & take a friend 4 FREE. Call now to claim on 09050000555. BA128NNFWFLY150ppm",1,en,sms,uci,,uci_sms,train
All these nice new shirts and the only thing I can wear them to is nudist themed ;_; you in mu?,0,en,sms,uci,,uci_sms,train
Hey sexy buns! What of that day? No word from you this morning on YM ... :-( ... I think of you,0,en,sms,uci,,uci_sms,train
And whenever you and i see we can still hook up too.,0,en,sms,uci,,uci_sms,train
Nope but i'm going home now then go pump petrol lor... Like going 2 rain soon...,0,en,sms,uci,,uci_sms,train
Can you use foreign stamps for whatever you send them off for? ,0,en,sms,uci,,uci_sms,train
FROM 88066 LOST £12 HELP,1,en,sms,uci,,uci_sms,test
Oh baby of the house. How come you dont have any new pictures on facebook,0,en,sms,uci,,uci_sms,train
"Feb  &lt;#&gt;  is ""I LOVE U"" day. Send dis to all ur ""VALUED FRNDS"" evn me. If 3 comes back u'll gt married d person u luv! If u ignore dis u will lose ur luv 4 Evr",0,en,sms,uci,,uci_sms,train
"Hiya, sorry didn't hav signal. I haven't seen or heard from and neither has, which is unusual in itself! I'll put on the case and get him to sort it out! Hugs and snogs.",0,en,sms,uci,,uci_sms,test
"Omw back to tampa from west palm, you hear what happened?",0,en,sms,uci,,uci_sms,train
Yup no more already... Thanx 4 printing n handing it up.,0,en,sms,uci,,uci_sms,train
FreeMsg: Fancy a flirt? Reply DATE now & join the UKs fastest growing mobile dating service. Msgs rcvd just 25p to optout txt stop to 83021. Reply DATE now!,1,en,sms,uci,,uci_sms,train
What i mean is do they come chase you out when its over or is it stated you can watch as many movies as you want.,0,en,sms,uci,,uci_sms,train
S now only i took tablets . Reaction morning only.,0,en,sms,uci,,uci_sms,train
Great NEW Offer - DOUBLE Mins & DOUBLE Txt on best Orange tariffs AND get latest camera phones 4 FREE! Call MobileUpd8 free on 08000839402 NOW! or 2stoptxt T&Cs,1,en,sms,uci,,uci_sms,train
"Nah, I'm a perpetual DD",0,en,sms,uci,,uci_sms,train
Sorry de i went to shop.,0,en,sms,uci,,uci_sms,train
Hope you enjoyed your new content. text stop to 61610 to unsubscribe. help:08712400602450p Provided by tones2you.co.uk,1,en,sms,uci,,uci_sms,train
"Wen ur lovable bcums angry wid u, dnt take it seriously.. Coz being angry is d most childish n true way of showing deep affection, care n luv!.. kettoda manda... Have nice day da.",0,en,sms,uci,,uci_sms,train
Hey you still want to go for yogasana? Coz if we end at cine then can go bathe and hav the steam bath,0,en,sms,uci,,uci_sms,test
Nope i'm not drivin... I neva develop da photos lei...,0,en,sms,uci,,uci_sms,train
I am thinking of going down to reg for pract lessons.. Flung my advance.. Haha wat time u going?,0,en,sms,uci,,uci_sms,train
Cool. I am  &lt;#&gt;  inches long. hope you like them big!,0,en,sms,uci,,uci_sms,train
"House-Maid is the murderer, coz the man was murdered on  &lt;#&gt; th January.. As public holiday all govt.instituitions are closed,including post office..understand?",0,en,sms,uci,,uci_sms,train
Okie.. Thanx..,0,en,sms,uci,,uci_sms,train
18 days to Euro2004 kickoff! U will be kept informed of all the latest news and results daily. Unsubscribe send GET EURO STOP to 83222.,1,en,sms,uci,,uci_sms,train
Go where n buy? Juz buy when we get there lar.,0,en,sms,uci,,uci_sms,train
Ok lor...,0,en,sms,uci,,uci_sms,train
I'm working technical support :)voice process.,0,en,sms,uci,,uci_sms,test
It's justbeen overa week since we broke up and already our brains are going to mush!,0,en,sms,uci,,uci_sms,test
"Tunde, how are you doing. This is just wishing you a great day. Abiola.",0,en,sms,uci,,uci_sms,train
Nope... C ü then...,0,en,sms,uci,,uci_sms,train
No. But we'll do medical missions to nigeria,0,en,sms,uci,,uci_sms,test
No i am not having not any movies in my laptop,0,en,sms,uci,,uci_sms,train
Whatsup there. Dont u want to sleep,0,en,sms,uci,,uci_sms,train
Urgent Please call 09066612661 from landline. £5000 cash or a luxury 4* Canary Islands Holiday await collection. T&Cs SAE award. 20M12AQ. 150ppm. 16+ “,1,en,sms,uci,,uci_sms,train
"Urgent! Please call 09066612661 from your landline, your complimentary 4* Lux Costa Del Sol holiday or £1000 CASH await collection. ppm 150 SAE T&Cs James 28, EH74RR",1,en,sms,uci,,uci_sms,test
I havent lei.. Next mon can?,0,en,sms,uci,,uci_sms,train
Mm feeling sleepy. today itself i shall get that dear,0,en,sms,uci,,uci_sms,train
How dare you stupid. I wont tell anything to you. Hear after i wont talk to you:-.,0,en,sms,uci,,uci_sms,train
Do ü noe if ben is going?,0,en,sms,uci,,uci_sms,train
Can you do a mag meeting this avo at some point?,0,en,sms,uci,,uci_sms,train
I meant middle left or right?,0,en,sms,uci,,uci_sms,train
Really? I crashed out cuddled on my sofa.,0,en,sms,uci,,uci_sms,train
Hi Chachi tried calling u now unable to reach u .. Pl give me a missed cal once u c tiz msg  Kanagu,0,en,sms,uci,,uci_sms,train
"I sent you the prices and do you mean the  &lt;#&gt; g,",0,en,sms,uci,,uci_sms,train
Are you this much buzy,0,en,sms,uci,,uci_sms,train
Nothing. Can...,0,en,sms,uci,,uci_sms,train
I don't know u and u don't know me. Send CHAT to 86688 now and let's find each other! Only 150p/Msg rcvd. HG/Suite342/2Lands/Row/W1J6HL LDN. 18 years or over.,1,en,sms,uci,,uci_sms,train
No * am working on the ringing u thing but have whole houseful of screaming brats so * am pulling my hair out! Loving u,0,en,sms,uci,,uci_sms,train
But my family not responding for anything. Now am in room not went to home for diwali but no one called me and why not coming. It makes me feel like died.,0,en,sms,uci,,uci_sms,test
"Tick, tick, tick ... Babe",0,en,sms,uci,,uci_sms,train
R ü going 4 today's meeting?,0,en,sms,uci,,uci_sms,train
K da:)how many page you want?,0,en,sms,uci,,uci_sms,test
Ya had just now.onion roast.,0,en,sms,uci,,uci_sms,train
Send his number and give reply tomorrow morning for why you said that to him like that ok,0,en,sms,uci,,uci_sms,train
You said not now. No problem. When you can. Let me know.,0,en,sms,uci,,uci_sms,test
Ok but tell me half an hr b4 u come i need 2 prepare.,0,en,sms,uci,,uci_sms,test
Play w computer? Aiyah i tok 2 u lor?,0,en,sms,uci,,uci_sms,train
Sat right? Okay thanks... ,0,en,sms,uci,,uci_sms,train
"Derp. Which is worse, a dude who always wants to party or a dude who files a complaint about the three drug abusers he lives with",0,en,sms,uci,,uci_sms,train
Ok Chinese food on its way. When I get fat you're paying for my lipo.,0,en,sms,uci,,uci_sms,test
We r outside already.,0,en,sms,uci,,uci_sms,train
Have a good trip. Watch out for . Remember when you get back we must decide about easter.,0,en,sms,uci,,uci_sms,test
Yo we are watching a movie on netflix,0,en,sms,uci,,uci_sms,train
What time. I‘m out until prob 3 or so,0,en,sms,uci,,uci_sms,train
"Can meh? Thgt some will clash... Really ah, i dun mind... I dun seen to have lost any weight... Gee...",0,en,sms,uci,,uci_sms,train
I dont thnk its a wrong calling between us,0,en,sms,uci,,uci_sms,train
I am not sure about night menu. . . I know only about noon menu,0,en,sms,uci,,uci_sms,test
ARR birthday today:) i wish him to get more oscar.,0,en,sms,uci,,uci_sms,test
"Say this slowly.? GOD,I LOVE YOU &amp; I NEED YOU,CLEAN MY HEART WITH YOUR BLOOD.Send this to Ten special people &amp; u c miracle tomorrow, do it,pls,pls do it...",0,en,sms,uci,,uci_sms,train
"Open rebtel with firefox. When it loads just put plus sign in the user name place, and it will show you two numbers. The lower number is my number. Once you pick that number the pin will display okay!",0,en,sms,uci,,uci_sms,test
 and  picking them up from various points,0,en,sms,uci,,uci_sms,train
Married local women looking for discreet action now! 5 real matches instantly to your phone. Text MATCH to 69969 Msg cost 150p 2 stop txt stop BCMSFWC1N3XX,1,en,sms,uci,,uci_sms,train
Wow v v impressed. Have funs shopping!,0,en,sms,uci,,uci_sms,train
I am on the way to ur home,0,en,sms,uci,,uci_sms,train
Burger King - Wanna play footy at a top stadium? Get 2 Burger King before 1st Sept and go Large or Super with Coca-Cola and walk out a winner,1,en,sms,uci,,uci_sms,train
No problem. Talk to you later,0,en,sms,uci,,uci_sms,train
Then ur sis how?,0,en,sms,uci,,uci_sms,test
Still in customer place,0,en,sms,uci,,uci_sms,test
How come it takes so little time for a child who is afraid of the dark to become a teenager who wants to stay out all night?,1,en,sms,uci,,uci_sms,test
"Dude u knw also telugu..thts gud..k, gud nyt..",0,en,sms,uci,,uci_sms,train
We confirm eating at esplanade?,0,en,sms,uci,,uci_sms,train
Send me your id and password,0,en,sms,uci,,uci_sms,train
Kind of. Took it to garage. Centre part of exhaust needs replacing. Part ordered n taking it to be fixed tomo morning.,0,en,sms,uci,,uci_sms,train
"For ur chance to win a £250 cash every wk TXT: ACTION to 80608. T's&C's www.movietrivia.tv custcare 08712405022, 1x150p/wk.",1,en,sms,uci,,uci_sms,train
Well I might not come then...,0,en,sms,uci,,uci_sms,train
Long after I quit. I get on only like 5 minutes a day as it is.,0,en,sms,uci,,uci_sms,train
Then its most likely called Mittelschmertz. Google it. If you dont have paracetamol dont worry it will go.,0,en,sms,uci,,uci_sms,train
Well at this right I'm gonna have to get up and check today's steam sales/pee so text me when you want me to come get you,0,en,sms,uci,,uci_sms,train
"Just arrived, see you in a couple days &lt;3",0,en,sms,uci,,uci_sms,train
"K, wat s tht incident?",0,en,sms,uci,,uci_sms,train
Yeah get the unlimited,0,en,sms,uci,,uci_sms,train
cThen i thk shd b enuff.. Still got conclusion n contents pg n references.. I'll b doing da contents pg n cover pg..,0,en,sms,uci,,uci_sms,train
"Forgot it takes me 3 years to shower, sorry. Where you at/your phone dead yet?",0,en,sms,uci,,uci_sms,test
Ü got wat to buy tell us then ü no need to come in again.,0,en,sms,uci,,uci_sms,test
When you are big..| God will bring success.,0,en,sms,uci,,uci_sms,train
U’ve Bin Awarded £50 to Play 4 Instant Cash. Call 08715203028 To Claim. EVERY 9th Player Wins Min £50-£500. OptOut 08718727870,1,en,sms,uci,,uci_sms,train
"… we r stayin here an extra week, back next wed. How did we do in the rugby this weekend? Hi to and and , c u soon """,0,en,sms,uci,,uci_sms,train
Well there's still a bit left if you guys want to tonight,0,en,sms,uci,,uci_sms,test
Not from this campus. Are you in the library?,0,en,sms,uci,,uci_sms,train
"The affidavit says  &lt;#&gt;  E Twiggs St, division g, courtroom  &lt;#&gt; , &lt;TIME&gt;  AM. I'll double check and text you again tomorrow",0,en,sms,uci,,uci_sms,train
How will I creep on you now? ;_;,0,en,sms,uci,,uci_sms,train
Tell your friends what you plan to do on Valentines day @ &lt;URL&gt;,0,en,sms,uci,,uci_sms,train
If I get there before you after your ten billion calls and texts so help me god,0,en,sms,uci,,uci_sms,test
Purity of friendship between two is not about smiling after reading the forwarded message..Its about smiling just by seeing the name. Gud evng musthu,0,en,sms,uci,,uci_sms,test
I've told him that i've returned it. That should i re order it.,0,en,sms,uci,,uci_sms,train
"House-Maid is the murderer, coz the man was murdered on  &lt;#&gt; th January.. As public holiday all govt.instituitions are closed,including post office..",0,en,sms,uci,,uci_sms,train
Depends on where u going lor.,0,en,sms,uci,,uci_sms,train
And smile for me right now as you go and the world will wonder what you are smiling about and think your crazy and keep away from you ... *grins*,0,en,sms,uci,,uci_sms,test
FreeMsg>FAV XMAS TONES!Reply REAL,1,en,sms,uci,,uci_sms,train
Lil fever:) now fine:),0,en,sms,uci,,uci_sms,train
I think it's all still in my car,0,en,sms,uci,,uci_sms,train
Can a not?,0,en,sms,uci,,uci_sms,train
December only! Had your mobile 11mths+? You are entitled to update to the latest colour camera mobile for Free! Call The Mobile Update Co FREE on 08002986906 ,1,en,sms,uci,,uci_sms,train
Yes princess! I want to catch you with my big strong hands...,0,en,sms,uci,,uci_sms,train
Oh yeah I forgot. U can only take 2 out shopping at once.,0,en,sms,uci,,uci_sms,train
Mm so you asked me not to call radio,0,en,sms,uci,,uci_sms,test
Thinkin about someone is all good. No drugs for that,0,en,sms,uci,,uci_sms,test
"Say this slowly.? GOD,I LOVE YOU &amp; I NEED YOU,CLEAN MY HEART WITH YOUR BLOOD.Send this to Ten special people &amp; u c miracle tomorrow, do it,pls,pls do it...",0,en,sms,uci,,uci_sms,train
"Enjoy the showers of possessiveness poured on u by ur loved ones, bcoz in this world of lies, it is a golden gift to be loved truly..",0,en,sms,uci,,uci_sms,train
"Alright if you're sure, let me know when you're leaving",0,en,sms,uci,,uci_sms,train
Some are lasting as much as 2 hours. You might get lucky.,0,en,sms,uci,,uci_sms,train
Genius what's up. How your brother. Pls send his number to my skype.,0,en,sms,uci,,uci_sms,train
"Gr8 Poly tones 4 ALL mobs direct 2u rply with POLY TITLE to 8007 eg POLY BREATHE1 Titles: CRAZYIN, SLEEPINGWITH, FINEST, YMCA :getzed.co.uk POBox365O4W45WQ 300p",1,en,sms,uci,,uci_sms,train
Thk some of em find wtc too far... Weiyi not goin... E rest i dunno yet... R ur goin 4 dinner den i might b able to join...,0,en,sms,uci,,uci_sms,train
Don't forget who owns you and who's private property you are ... And be my good boy always .. *passionate kiss*,0,en,sms,uci,,uci_sms,train
INTERFLORA - It's not too late to order Interflora flowers for christmas call 0800 505060 to place your order before Midnight tomorrow.,1,en,sms,uci,,uci_sms,train
Oh god..taken the teeth?is it paining,0,en,sms,uci,,uci_sms,train
ROMCAPspam Everyone around should be responding well to your presence since you are so warm and outgoing. You are bringing in a real breath of sunshine.,1,en,sms,uci,,uci_sms,train
Then u ask darren go n pick u lor... But i oso sian tmr haf 2 meet lect...,0,en,sms,uci,,uci_sms,test
No need to buy lunch for me.. I eat maggi mee..,0,en,sms,uci,,uci_sms,train
"Congratulations - Thanks to a good friend U have WON the £2,000 Xmas prize. 2 claim is easy, just call 08712103738 NOW! Only 10p per minute. BT-national-rate",1,en,sms,uci,,uci_sms,train
Ok lor...,0,en,sms,uci,,uci_sms,train
"Oh right, ok. I'll make sure that i do loads of work during the day!  got a really nasty cough today and is dry n shot so that should really help it!",0,en,sms,uci,,uci_sms,train
Wife.how she knew the time of murder exactly,0,en,sms,uci,,uci_sms,train
Send a logo 2 ur lover - 2 names joined by a heart. Txt LOVE NAME1 NAME2 MOBNO eg LOVE ADAM EVE 07123456789 to 87077 Yahoo! POBox36504W45WQ TxtNO 4 no ads 150p.,1,en,sms,uci,,uci_sms,train
Howz that persons story,0,en,sms,uci,,uci_sms,test
Thanx 4 sending me home...,0,en,sms,uci,,uci_sms,train
Its normally hot mail. Com you see!,0,en,sms,uci,,uci_sms,test
"You've won tkts to the EURO2004 CUP FINAL or £800 CASH, to collect CALL 09058099801 b4190604, POBOX 7876150ppm",1,en,sms,uci,,uci_sms,train
U sick still can go shopping?,0,en,sms,uci,,uci_sms,train
"Ya they are well and fine., BBD(pooja) full pimples..even she become quite black..and ur rite here its too cold, wearing sweatter..",0,en,sms,uci,,uci_sms,train
Nice.nice.how is it working?,0,en,sms,uci,,uci_sms,train
1's reach home call me.,0,en,sms,uci,,uci_sms,train
Were trying to find a Chinese food place around here,0,en,sms,uci,,uci_sms,train
"Easy mate, * guess the quick drink was bit ambitious.",0,en,sms,uci,,uci_sms,train
BABE !!! I miiiiiiissssssssss you ! I need you !!! I crave you !!! :-( ... Geeee ... I'm so sad without you babe ... I love you ...,0,en,sms,uci,,uci_sms,train
Ok thanx...,0,en,sms,uci,,uci_sms,test
aathi..where are you dear..,0,en,sms,uci,,uci_sms,train
"Tunji, how's the queen? how are you doing. This is just wishing you a great day. Abiola.",0,en,sms,uci,,uci_sms,test
Today iZ Yellow rose day. If u love my frndship give me 1 misscall &amp; send this to ur frndZ &amp; See how many miss calls u get. If u get 6missed U marry ur Lover.,0,en,sms,uci,,uci_sms,train
Will be out of class in a few hours. Sorry,0,en,sms,uci,,uci_sms,train
Wat time u finish ur lect today?,0,en,sms,uci,,uci_sms,train
"Free-message: Jamster!Get the crazy frog sound now! For poly text MAD1, for real text MAD2 to 88888. 6 crazy sounds for just 3 GBP/week! 16+only! T&C's apply",1,en,sms,uci,,uci_sms,test
"Sad story of a Man - Last week was my b'day. My Wife did'nt wish me. My Parents forgot n so did my Kids . I went to work. Even my Colleagues did not wish. As I entered my cabin my PA said, '' Happy B'day Boss !!''. I felt special. She askd me 4 lunch. After lunch she invited me to her apartment. We went there. She said,'' do u mind if I go into the bedroom for a minute ? '' ''OK'', I sed in a sexy mood. She came out 5 minuts latr wid a cake...n My Wife, My Parents, My Kidz, My Friends n My Colleagues. All screaming.. SURPRISE !! and I was waiting on the sofa.. ... ..... ' NAKED...!",0,en,sms,uci,,uci_sms,train
"YOUR CHANCE TO BE ON A REALITY FANTASY SHOW call now = 08707509020 Just 20p per min NTT Ltd, PO Box 1327 Croydon CR9 5WB 0870 is a national = rate call",1,en,sms,uci,,uci_sms,train
She's fine. Good to hear from you. How are you my dear? Happy new year oh.,0,en,sms,uci,,uci_sms,test
Are you going to wipro interview today?,0,en,sms,uci,,uci_sms,train
how tall are you princess?,0,en,sms,uci,,uci_sms,train
I doubt you could handle 5 times per night in any case...,0,en,sms,uci,,uci_sms,train
Haha... Hope ü can hear the receipt sound... Gd luck!,0,en,sms,uci,,uci_sms,train
Your gonna be the death if me. I'm gonna leave a note that says its all robs fault. Avenge me.,0,en,sms,uci,,uci_sms,test
"Japanese Proverb: If one Can do it, U too Can do it, If none Can do it,U must do it Indian version: If one Can do it, LET HIM DO it.. If none Can do it,LEAVE it!! And finally Kerala version: If one can do it, Stop him doing it.. If none can do it, Make a strike against it ...",0,en,sms,uci,,uci_sms,train
Today i'm not workin but not free oso... Gee... Thgt u workin at ur fren's shop ? ,0,en,sms,uci,,uci_sms,train
In life when you face choices Just toss a coin not becoz its settle the question But while the coin in the air U will know what your heart is hoping for. Gudni8,0,en,sms,uci,,uci_sms,train
"Do you know why god created gap between your fingers..? So that, One who is made for you comes &amp; fills those gaps by holding your hand with LOVE..!",0,en,sms,uci,,uci_sms,train
I want to be there so i can kiss you and feel you next to me,0,en,sms,uci,,uci_sms,test
I am not at all happy with what you saying or doing,0,en,sms,uci,,uci_sms,train
Adult 18 Content Your video will be with you shortly,1,en,sms,uci,,uci_sms,train
"Ok that would b lovely, if u r sure. Think about wot u want to do, drinkin, dancin, eatin, cinema, in, out, about... Up to u! Wot about ? ",0,en,sms,uci,,uci_sms,train
What I'm saying is if you haven't explicitly told nora I know someone I'm probably just not gonna bother,0,en,sms,uci,,uci_sms,train
He says hi and to get your ass back to south tampa (preferably at a kegger),0,en,sms,uci,,uci_sms,train
Smith waste da.i wanna gayle.,0,en,sms,uci,,uci_sms,train
"Mum, i've sent you many many messages since i got here. I just want to know that you are actually getting them. Do enjoy the rest of your day.",0,en,sms,uci,,uci_sms,train
"Aight, tomorrow around  &lt;#&gt;  it is",0,en,sms,uci,,uci_sms,train
"House-Maid is the murderer, coz the man was murdered on  &lt;#&gt; th January.. As public holiday all govt.instituitions are closed,including post office..understand?",0,en,sms,uci,,uci_sms,train
"YOUR CHANCE TO BE ON A REALITY FANTASY SHOW call now = 08707509020 Just 20p per min NTT Ltd, PO Box 1327 Croydon CR9 5WB 0870 is a national = rate call.",1,en,sms,uci,,uci_sms,train
I actually did for the first time in a while. I went to bed not too long after i spoke with you. Woke up at 7. How was your night?,0,en,sms,uci,,uci_sms,train
See you there! ,0,en,sms,uci,,uci_sms,train
I dont understand your message.,0,en,sms,uci,,uci_sms,train
Crucify is c not s. You should have told me earlier.,0,en,sms,uci,,uci_sms,train
"Idk. You keep saying that you're not, but since he moved, we keep butting heads over freedom vs. responsibility. And i'm tired. I have so much other shit to deal with that i'm barely keeping myself together once this gets added to it.",0,en,sms,uci,,uci_sms,train
Fuck cedar key and fuck her (come over anyway tho),0,en,sms,uci,,uci_sms,train
twenty past five he said will this train have been to durham already or not coz i am in a reserved seat,0,en,sms,uci,,uci_sms,test
"Hey Boys. Want hot XXX pics sent direct 2 ur phone? Txt PORN to 69855, 24Hrs free and then just 50p per day. To stop text STOPBCM SF WC1N3XX",1,en,sms,uci,,uci_sms,train
U still painting ur wall?,0,en,sms,uci,,uci_sms,train
"Last Chance! Claim ur £150 worth of discount vouchers today! Text SHOP to 85023 now! SavaMob, offers mobile! T Cs SavaMob POBOX84, M263UZ. £3.00 Sub. 16",1,en,sms,uci,,uci_sms,train
Printer is cool. I mean groovy. Wine is groovying,0,en,sms,uci,,uci_sms,train
Hi Harish's rent has been transfred to ur Acnt.,0,en,sms,uci,,uci_sms,train
Anything lor is she coming?,0,en,sms,uci,,uci_sms,train
Cbe is really good nowadays:)lot of shop and showrooms:)city is shaping good.,0,en,sms,uci,,uci_sms,train
Ü still attending da talks?,0,en,sms,uci,,uci_sms,test
No probs hon! How u doinat the mo?,0,en,sms,uci,,uci_sms,train
K I'll take care of it,0,en,sms,uci,,uci_sms,train
I take it we didn't have the phone callon Friday. Can we assume we won't have it this year now?,0,en,sms,uci,,uci_sms,train
My battery is low babe,0,en,sms,uci,,uci_sms,train
Shuhui has bought ron's present it's a swatch watch...,0,en,sms,uci,,uci_sms,train
"Yeah there's quite a bit left, I'll swing by tomorrow when I get up",0,en,sms,uci,,uci_sms,train
Babe? You said 2 hours and it's been almost 4 ... Is your internet down ?,0,en,sms,uci,,uci_sms,train
K I'll be sure to get up before noon and see what's what,0,en,sms,uci,,uci_sms,train
K...k...yesterday i was in cbe .,0,en,sms,uci,,uci_sms,train
Went to ganesh dress shop,0,en,sms,uci,,uci_sms,train
"pdate_Now - Double mins and 1000 txts on Orange tariffs. Latest Motorola, SonyEricsson & Nokia & Bluetooth FREE! Call MobileUpd8 on 08000839402 or call2optout/!YHL",1,en,sms,uci,,uci_sms,train
Ü collecting ur laptop then going to configure da settings izzit?,0,en,sms,uci,,uci_sms,train
If you r @ home then come down within 5 min,0,en,sms,uci,,uci_sms,train
"Aight, I should be there by 8 at the latest, probably closer to 7. Are jay and tyler down or should we just do two trips?",0,en,sms,uci,,uci_sms,train
Come aftr  &lt;DECIMAL&gt; ..now i m cleaning the house,0,en,sms,uci,,uci_sms,train
Ur cash-balance is currently 500 pounds - to maximize ur cash-in now send CASH to 86688 only 150p/msg. CC: 08718720201 PO BOX 114/14 TCR/W1,1,en,sms,uci,,uci_sms,test
"Bill, as in: Are there any letters for me. i’m expecting one from orange that isn’t a bill but may still say orange on it.",0,en,sms,uci,,uci_sms,train
Tell me pa. How is pain de.,0,en,sms,uci,,uci_sms,test
HI DARLIN I HOPE YOU HAD A NICE NIGHT I WISH I HAD COME CANT WAIT TO SEE YOU LOVE FRAN PS I WANT DIRTY ANAL SEX AND I WANT A 10 MAN GANG BANG,0,en,sms,uci,,uci_sms,test
"Ha. You don‘t know either. I did a a clever but simple thing with pears the other day, perfect for christmas.",0,en,sms,uci,,uci_sms,train
"Helloooo... Wake up..! ""Sweet"" ""morning"" ""welcomes"" ""You"" ""Enjoy"" ""This Day"" ""with full of joy"".. ""GUD MRNG"".",0,en,sms,uci,,uci_sms,test
ALRITE,0,en,sms,uci,,uci_sms,train
Why must we sit around and wait for summer days to celebrate. Such a magical sight when the worlds dressed in white. Oooooh let there be snow.,0,en,sms,uci,,uci_sms,train
URGENT! Your Mobile number has been awarded with a £2000 prize GUARANTEED. Call 09058094454 from land line. Claim 3030. Valid 12hrs only,1,en,sms,uci,,uci_sms,train
How do you guys go to see movies on your side.,0,en,sms,uci,,uci_sms,train
"Sorry,in meeting I'll call later",0,en,sms,uci,,uci_sms,train
You didn't have to tell me that...now i'm thinking. Plus he's going to stop all your runs,0,en,sms,uci,,uci_sms,train
Kindly send some one to our flat before  &lt;DECIMAL&gt;  today.,0,en,sms,uci,,uci_sms,train
Sorry! U can not unsubscribe yet. THE MOB offer package has a min term of 54 weeks> pls resubmit request after expiry. Reply THEMOB HELP 4 more info,1,en,sms,uci,,uci_sms,train
Nothing lor... A bit bored too... Then y dun u go home early 2 sleep today...,0,en,sms,uci,,uci_sms,train
What time should I tell my friend to be around?,0,en,sms,uci,,uci_sms,train
Yes. that will be fine. Love you. Be safe.,0,en,sms,uci,,uci_sms,train
Thanks chikku..:-) gud nyt:-*,0,en,sms,uci,,uci_sms,test
Is xy in ur car when u picking me up?,0,en,sms,uci,,uci_sms,test
"Thanx 4 the time weve spent 2geva, its bin mint! Ur my Baby and all I want is u!xxxx",0,en,sms,uci,,uci_sms,train
"Yo, any way we could pick something up tonight?",0,en,sms,uci,,uci_sms,train
I've not sent it. He can send me.,0,en,sms,uci,,uci_sms,train
Fine am simply sitting.,0,en,sms,uci,,uci_sms,train
Thts god's gift for birds as humans hav some natural gift frm god..,0,en,sms,uci,,uci_sms,train
Are you coming to day for class.,0,en,sms,uci,,uci_sms,train
Im done. Just studyn in library,0,en,sms,uci,,uci_sms,train
Ok... U enjoy ur shows...,0,en,sms,uci,,uci_sms,train
Anything...,0,en,sms,uci,,uci_sms,train
Where wuld I be without my baby? The thought alone mite break me and I dont wanna go crazy but everyboy needs his lady xxxxxxxx,0,en,sms,uci,,uci_sms,train
Wat's my dear doing? Sleeping ah?,0,en,sms,uci,,uci_sms,train
Hi' Test on  &lt;#&gt; rd ....,0,en,sms,uci,,uci_sms,train
Only 2% students solved this CAT question in 'xam... 5+3+2= &lt;#&gt;  9+2+4= &lt;#&gt;  8+6+3= &lt;#&gt;  then 7+2+5=????? Tell me the answer if u r brilliant...1thing.i got d answr.,0,en,sms,uci,,uci_sms,train
Yo do you know anyone  &lt;#&gt;  or otherwise able to buy liquor? Our guy flaked and right now if we don't get a hold of somebody its just 4 loko all night,0,en,sms,uci,,uci_sms,train
Yup n her fren lor. I'm meeting my fren at 730.,0,en,sms,uci,,uci_sms,test
"Yeah, we got one lined up for us",0,en,sms,uci,,uci_sms,test
"And stop wondering ""wow is she ever going to stop tm'ing me ?!"" because I will tm you whenever I want because you are MINE ... *laughs*",0,en,sms,uci,,uci_sms,train
Lol yep did that yesterday. Already got my fireplace. Now its just another icon sitting there for me.,0,en,sms,uci,,uci_sms,train
Hey i've booked the pilates and yoga lesson already... Haha,0,en,sms,uci,,uci_sms,train
Are you ok. What happen to behave like this,0,en,sms,uci,,uci_sms,test
You have 1 new message. Please call 08712400200.,1,en,sms,uci,,uci_sms,test
My supervisor find 4 me one lor i thk his students. I havent ask her yet. Tell u aft i ask her.,0,en,sms,uci,,uci_sms,test
"Hello. No news on job, they are making me wait a fifth week! Yeah im up for some woozles and weasels... In exeter still, but be home about 3. ",0,en,sms,uci,,uci_sms,train
No message..no responce..what happend?,0,en,sms,uci,,uci_sms,train
We currently have a message awaiting your collection. To collect your message just call 08718723815.,1,en,sms,uci,,uci_sms,test
"Hey babe, sorry i didn't get sooner. Gary can come and fix it cause he thinks he knows what it is but he doesn't go as far a Ptbo and he says it will cost  &lt;#&gt;  bucks. I don't know if it might be cheaper to find someone there ? We don't have any second hand machines at all right now, let me know what you want to do babe",0,en,sms,uci,,uci_sms,train
make that 3! 4 fucks sake?! x,0,en,sms,uci,,uci_sms,test
Leave it. U will always be ignorant.,0,en,sms,uci,,uci_sms,train
Nope but i'll b going 2 sch on fri quite early lor cos mys sis got paper in da morn :-),0,en,sms,uci,,uci_sms,train
at bruce b downs &amp; fletcher now,0,en,sms,uci,,uci_sms,train
Where are you ? You said you would be here when I woke ... :-(,0,en,sms,uci,,uci_sms,test
Hey now am free you can call me.,0,en,sms,uci,,uci_sms,train
Tell me whos this pls:-),0,en,sms,uci,,uci_sms,train
"URGENT! Your mobile was awarded a £1,500 Bonus Caller Prize on 27/6/03. Our final attempt 2 contact U! Call 08714714011",1,en,sms,uci,,uci_sms,test
"Think i might have to give it a miss. Am teaching til twelve, then have lecture at two. Damn this working thing.",0,en,sms,uci,,uci_sms,train
Id have to check but there's only like 1 bowls worth left,0,en,sms,uci,,uci_sms,train
Yes there were many sweets,0,en,sms,uci,,uci_sms,train
I would but I'm still cozy. And exhausted from last night.nobody went to school or work. Everything is closed.,0,en,sms,uci,,uci_sms,train
U have a secret admirer. REVEAL who thinks U R So special. Call 09065174042. To opt out Reply REVEAL STOP. 1.50 per msg recd. Cust care 07821230901,1,en,sms,uci,,uci_sms,train
Buzzzz! *grins* Did I buzz your ass? Buzz your chest ? Buzz your cock ? Where do you keep your phone ? Is the vibrator on ? Did you feel it shake ?,0,en,sms,uci,,uci_sms,train
Sir send to group mail check it.,0,en,sms,uci,,uci_sms,train
I'm doing da intro covers energy trends n pros n cons... Brief description of nuclear fusion n oso brief history of iter n jet got abt 7 n half pages..,0,en,sms,uci,,uci_sms,train
"""NONE!NOWHERE IKNO DOESDISCOUNT!SHITINNIT""",0,en,sms,uci,,uci_sms,train
You dont know you jabo me abi.,0,en,sms,uci,,uci_sms,train
"Do you ever notice that when you're driving, anyone going slower than you is an idiot and everyone driving faster than you is a maniac?",1,en,sms,uci,,uci_sms,train
Not yet had..ya sapna aunty manege y'day hogidhe..chinnu full weak and swalpa black agidhane..,0,en,sms,uci,,uci_sms,test
"Are you being good, baby? :)",0,en,sms,uci,,uci_sms,test
NEFT Transaction with reference number  &lt;#&gt;  for Rs. &lt;DECIMAL&gt;  has been credited to the beneficiary account on  &lt;#&gt;  at  &lt;TIME&gt; : &lt;#&gt;,0,en,sms,uci,,uci_sms,train
"Mostly sports type..lyk footbl,crckt..",0,en,sms,uci,,uci_sms,test
Ma head dey swell oh. Thanks for making my day,0,en,sms,uci,,uci_sms,train
U should make a fb list,0,en,sms,uci,,uci_sms,train
"Height of Confidence: All the Aeronautics professors wer calld &amp; they wer askd 2 sit in an aeroplane. Aftr they sat they wer told dat the plane ws made by their students. Dey all hurried out of d plane.. Bt only 1 didnt move... He said:""if it is made by my students,this wont even start........ Datz confidence..",0,en,sms,uci,,uci_sms,train
Sary just need Tim in the bollox &it hurt him a lot so he tol me!,0,en,sms,uci,,uci_sms,test
Happy New Year Princess!,0,en,sms,uci,,uci_sms,test
"I'll text carlos and let you know, hang on",0,en,sms,uci,,uci_sms,train
"Don't worry, * is easy once have ingredients!",0,en,sms,uci,,uci_sms,train
I love u 2 my little pocy bell I am sorry but I love u,0,en,sms,uci,,uci_sms,train
"Ok omw now, you at castor?",0,en,sms,uci,,uci_sms,test
Yar lor... Keep raining non stop... Or u wan 2 go elsewhere?,0,en,sms,uci,,uci_sms,train
"Xmas Offer! Latest Motorola, SonyEricsson & Nokia & FREE Bluetooth or DVD! Double Mins & 1000 Txt on Orange. Call MobileUpd8 on 08000839402 or call2optout/4QF2",1,en,sms,uci,,uci_sms,test
What u mean u almost done? Done wif sleeping? But i tot u going to take a nap.. Yup i send her liao so i'm picking her up at ard 4 smth lor..,0,en,sms,uci,,uci_sms,train
"7 wonders in My WORLD 7th You 6th Ur style 5th Ur smile 4th Ur Personality 3rd Ur Nature 2nd Ur SMS and 1st ""Ur Lovely Friendship""... good morning dear",0,en,sms,uci,,uci_sms,train
"Tonight? Yeah, I'd be down for that",0,en,sms,uci,,uci_sms,train
What should i eat fo lunch senor,0,en,sms,uci,,uci_sms,test
"He said that he had a right giggle when he saw u again! You would possibly be the first person2die from NVQ, but think how much you could for! ",0,en,sms,uci,,uci_sms,test
No break time one... How... I come out n get my stuff fr ü?,0,en,sms,uci,,uci_sms,train
Reply to win £100 weekly! What professional sport does Tiger Woods play? Send STOP to 87239 to end service,1,en,sms,uci,,uci_sms,test
"I'm there and I can see you, but you can't see me ? Maybe you should reboot ym ? I seen the buzz",0,en,sms,uci,,uci_sms,test
Do you still have the grinder?,0,en,sms,uci,,uci_sms,train
No 1 POLYPHONIC tone 4 ur mob every week! Just txt PT2 to 87575. 1st Tone FREE ! so get txtin now and tell ur friends. 150p/tone. 16 reply HL 4info,1,en,sms,uci,,uci_sms,train
"Love isn't a decision, it's a feeling. If we could decide who to love, then, life would be much simpler, but then less magical",0,en,sms,uci,,uci_sms,train
"HOT LIVE FANTASIES call now 08707509020 Just 20p per min NTT Ltd, PO Box 1327 Croydon CR9 5WB 0870 is a national rate call",1,en,sms,uci,,uci_sms,train
K.i did't see you.:)k:)where are you now?,0,en,sms,uci,,uci_sms,train
So i'm doing a list of buyers.,0,en,sms,uci,,uci_sms,train
"No idea, I guess we'll work that out an hour after we're supposed to leave since as usual nobody has any interest in figuring shit out before the last second",0,en,sms,uci,,uci_sms,test
Mm not entirely sure i understood that text but hey. Ho. Which weekend?,0,en,sms,uci,,uci_sms,train
They released vday shirts and when u put it on it makes your bottom half naked instead of those white underwear.,0,en,sms,uci,,uci_sms,train
Don know..he is watching film in computer..,0,en,sms,uci,,uci_sms,train
No b4 Thursday,0,en,sms,uci,,uci_sms,train
"Oh, then your phone phoned me but it disconnected",0,en,sms,uci,,uci_sms,train
Id onluy matters when getting on from offcampus,0,en,sms,uci,,uci_sms,train
This message is free. Welcome to the new & improved Sex & Dogging club! To unsubscribe from this service reply STOP. msgs@150p 18+only,1,en,sms,uci,,uci_sms,train
"Excellent, I'll see what riley's plans are",0,en,sms,uci,,uci_sms,train
I will see in half an hour,0,en,sms,uci,,uci_sms,train
"You've won tkts to the EURO2004 CUP FINAL or £800 CASH, to collect CALL 09058099801 b4190604, POBOX 7876150ppm",1,en,sms,uci,,uci_sms,train
Ew are you one of them?,0,en,sms,uci,,uci_sms,train
Also hi wesley how've you been,0,en,sms,uci,,uci_sms,train
Ah you see. You have to be in the lingo. I will let you know wot on earth it is when has finished making it!,0,en,sms,uci,,uci_sms,train
"Loan for any purpose £500 - £75,000. Homeowners + Tenants welcome. Have you been previously refused? We can still help. Call Free 0800 1956669 or text back 'help'",1,en,sms,uci,,uci_sms,train
Update_Now - 12Mths Half Price Orange line rental: 400mins...Call MobileUpd8 on 08000839402 or call2optout=J5Q,1,en,sms,uci,,uci_sms,train
Imagine Life WITHOUT ME... see.. How fast u are searching me?Don't worry.. l'm always there To disturb U.. Goodnoon..:),0,en,sms,uci,,uci_sms,train
"Hm good morning, headache anyone? :-)",0,en,sms,uci,,uci_sms,train
Yeah no probs - last night is obviously catching up with you... Speak soon ,0,en,sms,uci,,uci_sms,train
FREE UNLIMITED HARDCORE PORN direct 2 your mobile Txt PORN to 69200 & get FREE access for 24 hrs then chrgd@50p per day txt Stop 2exit. This msg is free,1,en,sms,uci,,uci_sms,train
I might go 2 sch. Yar at e salon now v boring.,0,en,sms,uci,,uci_sms,train
 &lt;#&gt;  mins but i had to stop somewhere first.,0,en,sms,uci,,uci_sms,train
"&lt;#&gt;  is fast approaching. So, Wish u a very Happy New Year Happy Sankranti Happy republic day Happy Valentines Day Happy Shivratri Happy Ugadi Happy Fools day Happy May Day Happy Independence Day, Happy Friendship,Mother,Father,Teachers,Childrens Day, &amp; HAPPY BIRTHDAY 4 U. Happy Ganesh festival Happy Dasara Happy Diwali Happy Christmas  &lt;#&gt;  Good Mornings Afternoons, Evenings Nights. RememberI AM the first to WISHING U ALL THESE...your's Raj",0,en,sms,uci,,uci_sms,train
One of the joys in lifeis waking up each daywith thoughts that somewhereSomeone cares enough tosend a warm morning greeting.. -,0,en,sms,uci,,uci_sms,train
I didn't get the second half of that message,0,en,sms,uci,,uci_sms,train
Wat time do u wan 2 meet me later?,0,en,sms,uci,,uci_sms,train
I thank you so much for all you do with selflessness. I love you plenty.,0,en,sms,uci,,uci_sms,train
Am in film ill call you later.,0,en,sms,uci,,uci_sms,train
How dare you change my ring,0,en,sms,uci,,uci_sms,train
You are a very very very very bad girl. Or lady.,0,en,sms,uci,,uci_sms,train
I love ya too but try and budget your money better babe. Gary would freak on me if he knew,0,en,sms,uci,,uci_sms,test
"What part of ""don't initiate"" don't you understand",0,en,sms,uci,,uci_sms,train
I finished my lunch already. U wake up already?,0,en,sms,uci,,uci_sms,train
You still at the game?,0,en,sms,uci,,uci_sms,train
You have got tallent but you are wasting.,0,en,sms,uci,,uci_sms,train
What is your record for one night? :),0,en,sms,uci,,uci_sms,train
"Also sir, i sent you an email about how to log into the usc payment portal. I.ll send you another message that should explain how things are back home. Have a great weekend.",0,en,sms,uci,,uci_sms,train
 gonna let me know cos comes bak from holiday that day.  is coming. Don't4get2text me  number. ,0,en,sms,uci,,uci_sms,train
Jokin only lar... :-) depends on which phone my father can get lor...,0,en,sms,uci,,uci_sms,train
"Aight, lemme know what's up",0,en,sms,uci,,uci_sms,train
Get ready for  &lt;#&gt;  inches of pleasure...,0,en,sms,uci,,uci_sms,train
Raji..pls do me a favour. Pls convey my Birthday wishes to Nimya. Pls. Today is her birthday.,0,en,sms,uci,,uci_sms,train
;-) ok. I feel like john lennon.,0,en,sms,uci,,uci_sms,train
Cos darren say ü considering mah so i ask ü...,0,en,sms,uci,,uci_sms,test
You are not bothering me but you have to trust my answers. Pls.,0,en,sms,uci,,uci_sms,train
"Wishing you and your family Merry ""X"" mas and HAPPY NEW Year in advance..",0,en,sms,uci,,uci_sms,train
One day a crab was running on the sea shore..The waves came n cleared the footprints of the crab.. Crab asked: being my frnd y r u clearing my beautiful footprints? Waves replied: A fox was following ur footprints to catch you! thats y i cleared it off:) frndsship never lets u dwn :-) GUD nyt..,0,en,sms,uci,,uci_sms,train
Aight what time you want me to come up?,0,en,sms,uci,,uci_sms,train
Slaaaaave ! Where are you ? Must I summon you to me all the time now ? Don't you wish to come to me on your own anymore?,0,en,sms,uci,,uci_sms,test
Your bill at 3 is £33.65 so thats not bad!,0,en,sms,uci,,uci_sms,train
Let me know how it changes in the next 6hrs. It can even be appendix but you are out of that age range. However its not impossible. So just chill and let me know in 6hrs,0,en,sms,uci,,uci_sms,train
"Hello, yeah i've just got out of the bath and need to do my hair so i'll come up when i'm done, yeah?",0,en,sms,uci,,uci_sms,train
So how's the weather over there?,0,en,sms,uci,,uci_sms,train
"Ok. Not much to do here though. H&M Friday, cant wait. Dunno wot the hell im gonna do for another 3 weeks! Become a slob- oh wait, already done that! ",0,en,sms,uci,,uci_sms,test
Die... Now i have e toot fringe again...,0,en,sms,uci,,uci_sms,train
Lol they don't know about my awesome phone. I could click delete right now if I want.,0,en,sms,uci,,uci_sms,test
Ok,0,en,sms,uci,,uci_sms,train
"Awesome question with a cute answer: Someone asked a boy ""how is ur life?"" . . He smiled &amp; answered: . . ""She is fine!"" Gudnite",0,en,sms,uci,,uci_sms,train
Please leave this topic..sorry for telling that..,0,en,sms,uci,,uci_sms,train
Pls send me the correct name da.,0,en,sms,uci,,uci_sms,train
What happened to our yo date?,0,en,sms,uci,,uci_sms,test
EASTENDERS TV Quiz. What FLOWER does DOT compare herself to? D= VIOLET E= TULIP F= LILY txt D E or F to 84025 NOW 4 chance 2 WIN £100 Cash WKENT/150P16+,1,en,sms,uci,,uci_sms,train
Webpage s not available!,0,en,sms,uci,,uci_sms,train
Just woke up. Yeesh its late. But I didn't fall asleep til &lt;#&gt; am :/,0,en,sms,uci,,uci_sms,train
You are now unsubscribed all services. Get tons of sexy babes or hunks straight to your phone! go to http://gotbabes.co.uk. No subscriptions.,1,en,sms,uci,,uci_sms,train
"Dear all, as we know  &lt;#&gt; th is the  &lt;#&gt; th birthday of our loving Gopalettan. We are planning to give a small gift on that day. Those who like to participate in that you are welcome. Please contact our admin team for more details",0,en,sms,uci,,uci_sms,train
K..k...from tomorrow onwards started ah?,0,en,sms,uci,,uci_sms,train
What u talking bout early morning? It's almost noon where your at!,0,en,sms,uci,,uci_sms,test
Fine. Do you remember me.,0,en,sms,uci,,uci_sms,train
"Hi babe its Jordan, how r u? Im home from abroad and lonely, text me back if u wanna chat xxSP visionsms.com Text stop to stopCost 150p 08712400603",1,en,sms,uci,,uci_sms,test
Ok. How many should i buy.,0,en,sms,uci,,uci_sms,train
"Sounds good, keep me posted",0,en,sms,uci,,uci_sms,train
Get a brand new mobile phone by being an agent of The Mob! Plus loads more goodies! For more info just text MAT to 87021.,1,en,sms,uci,,uci_sms,test
Ok. So april. Cant wait,0,en,sms,uci,,uci_sms,train
Boy you best get yo ass out here quick,0,en,sms,uci,,uci_sms,train
Ay wana meet on sat?ü wkg on sat?,0,en,sms,uci,,uci_sms,train
I'm now but have to wait till 2 for the bus to pick me.,0,en,sms,uci,,uci_sms,train
Apart from the one i told you about yesterday?,0,en,sms,uci,,uci_sms,train
Ok lor... But buy wat?,0,en,sms,uci,,uci_sms,test
Somebody should go to andros and steal ice,0,en,sms,uci,,uci_sms,train
Don know. I did't msg him recently.,0,en,sms,uci,,uci_sms,train
Take us out shopping and Mark will distract Isaiah.=D,0,en,sms,uci,,uci_sms,train
"Mum, hope you are having a great day. Hoping this text meets you well and full of life. Have a great day. Abiola",0,en,sms,uci,,uci_sms,train
There is no sense in my foot and penis.,0,en,sms,uci,,uci_sms,test
Okay but i thought you were the expert,0,en,sms,uci,,uci_sms,train
*deep sigh* ... I miss you :-( ... I am really surprised you haven't gone to the net cafe yet to get to me ... Don't you miss me?,0,en,sms,uci,,uci_sms,train
S.s:)i thinl role is like sachin.just standing. Others have to hit.,0,en,sms,uci,,uci_sms,train
Have a great trip to India. And bring the light to everyone not just with the project but with everyone that is lucky to see you smile. Bye. Abiola,0,en,sms,uci,,uci_sms,train
"And very importantly, all we discuss is between u and i only.",0,en,sms,uci,,uci_sms,train
K..k:)how about your training process?,0,en,sms,uci,,uci_sms,train
Ok lor. I ned 2 go toa payoh 4 a while 2 return smth u wan 2 send me there or wat?,0,en,sms,uci,,uci_sms,train
In da car park ,0,en,sms,uci,,uci_sms,test
I wish that I was with you. Holding you tightly. Making you see how important you are. How much you mean to me ... How much I need you ... In my life ...,0,en,sms,uci,,uci_sms,train
So i asked how's anthony. Dad. And your bf,0,en,sms,uci,,uci_sms,train
"'Wnevr i wana fal in luv vth my books, My bed fals in luv vth me..!'' . Yen madodu, nav pretsorginta, nammanna pretsovru important alwa....!!:) Gud eveB-).",0,en,sms,uci,,uci_sms,train
What Today-sunday..sunday is holiday..so no work..,0,en,sms,uci,,uci_sms,train
Am going to take bath ill place the key in window:-),0,en,sms,uci,,uci_sms,train
LORD OF THE RINGS:RETURN OF THE KING in store NOW!REPLY LOTR by 2 June 4 Chance 2 WIN LOTR soundtrack CDs StdTxtRate. Reply STOP to end txts,1,en,sms,uci,,uci_sms,train
"Dear, take care. I am just reaching home.love u a lot.",0,en,sms,uci,,uci_sms,train
staff.science.nus.edu.sg/~phyhcmk/teaching/pc1323,0,en,sms,uci,,uci_sms,train
Have you emigrated or something? Ok maybe 5.30 was a bit hopeful...,0,en,sms,uci,,uci_sms,train
Olol i printed out a forum post by a guy with the exact same  prob which was fixed with a gpu replacement. Hopefully they dont ignore that.,0,en,sms,uci,,uci_sms,train
We walked from my moms. Right on stagwood pass right on winterstone left on victors hill. Address is &lt;#&gt;,0,en,sms,uci,,uci_sms,train
"Yo, you at jp and hungry like a mofo?",0,en,sms,uci,,uci_sms,train
This is all just creepy and crazy to me.,0,en,sms,uci,,uci_sms,train
Ok... I din get ur msg...,0,en,sms,uci,,uci_sms,test
Tessy..pls do me a favor. Pls convey my birthday wishes to Nimya..pls dnt forget it. Today is her birthday Shijas,0,en,sms,uci,,uci_sms,test
Pathaya enketa maraikara pa',0,en,sms,uci,,uci_sms,train
Even if he my friend he is a priest call him now,0,en,sms,uci,,uci_sms,train
"U so lousy, run already come back then half dead... Hee...",0,en,sms,uci,,uci_sms,train
That's y i said it's bad dat all e gals know u... Wat u doing now?,0,en,sms,uci,,uci_sms,train
Or remind me in a few hrs.,0,en,sms,uci,,uci_sms,train
"I had been hoping i would not have to send you this message. My rent is due and i dont have enough for it. My reserves are completely gone. Its a loan i need and was hoping you could her. The balance is  &lt;#&gt; . Is there a way i could get that from you, till mid march when i hope to pay back.",0,en,sms,uci,,uci_sms,train
Hi. Happy New Year. I dont mean to intrude but can you pls let me know how much tuition you paid last semester and how much this semester is. Thanks,0,en,sms,uci,,uci_sms,train
Hello hun how ru? Its here by the way. Im good. Been on 2 dates with that guy i met in walkabout so far. We have to meet up soon. Hows everyone else?,0,en,sms,uci,,uci_sms,train
Lol I was gonna last month. I cashed some in but I left &lt;#&gt; just in case. I was collecting more during the week cause they announced it on the blog.,0,en,sms,uci,,uci_sms,train
Good Luck! Draw takes place 28th Feb 06. Good Luck! For removal send STOP to 87239 customer services 08708034412,1,en,sms,uci,,uci_sms,train
"Short But Cute : "" Be a good person , but dont try to prove"" ..... Gud mrng...",0,en,sms,uci,,uci_sms,train
Just haven't decided where yet eh ?,0,en,sms,uci,,uci_sms,train
"Wat time liao, where still got.",0,en,sms,uci,,uci_sms,train
Yes watching footie but worried we're going to blow it - Phil Neville?,0,en,sms,uci,,uci_sms,train
I wait 4 ü inside da car park...,0,en,sms,uci,,uci_sms,train
Uncle Abbey! Happy New Year. Abiola,0,en,sms,uci,,uci_sms,train
Now am free call me pa.,0,en,sms,uci,,uci_sms,train
R u saying i should re order the slippers cos i had to pay for returning it.,0,en,sms,uci,,uci_sms,train
Stop knowing me so well!,0,en,sms,uci,,uci_sms,train
Good evening! this is roger. How are you?,0,en,sms,uci,,uci_sms,train
Small problem in auction:)punj now asking tiwary,0,en,sms,uci,,uci_sms,train
Free entry in 2 a weekly comp for a chance to win an ipod. Txt POD to 80182 to get entry (std txt rate) T&C's apply 08452810073 for details 18+,1,en,sms,uci,,uci_sms,train
He telling not to tell any one. If so treat for me hi hi hi,0,en,sms,uci,,uci_sms,test
My uncles in Atlanta. Wish you guys a great semester.,0,en,sms,uci,,uci_sms,train
1st wk FREE! Gr8 tones str8 2 u each wk. Txt NOKIA ON to 8007 for Classic Nokia tones or HIT ON to 8007 for Polys. Nokia/150p Poly/200p 16+,1,en,sms,uci,,uci_sms,train
U coming 2 pick me?,0,en,sms,uci,,uci_sms,train
Thats cool. i liked your photos. You are very sexy!,0,en,sms,uci,,uci_sms,test
would u fuckin believe it they didnt know i had thurs pre booked off so they re cancelled me AGAIN! that needs to b sacked,0,en,sms,uci,,uci_sms,train
"Haha better late than ever, any way I could swing by?",0,en,sms,uci,,uci_sms,train
Ok. But i finish at 6.,0,en,sms,uci,,uci_sms,test
"LookAtMe!: Thanks for your purchase of a video clip from LookAtMe!, you've been charged 35p. Think you can do better? Why not send a video in a MMSto 32323.",1,en,sms,uci,,uci_sms,test
I've been barred from all B and Q stores for life!?This twat in orange dungerees came up to me and asked if I wanted decking? So I got the first punch in!!,0,en,sms,uci,,uci_sms,train
So no messages. Had food?,0,en,sms,uci,,uci_sms,train
Ok going to sleep. Hope i can meet her.,0,en,sms,uci,,uci_sms,train
Wat makes some people dearer is not just de happiness dat u feel when u meet them but de pain u feel when u miss dem!!!,0,en,sms,uci,,uci_sms,train
Can you let me know details of fri when u find out cos I'm not in tom or fri. mentionned chinese. Thanks,0,en,sms,uci,,uci_sms,train
You're right I have now that I think about it,0,en,sms,uci,,uci_sms,train
Wat r u doing now?,0,en,sms,uci,,uci_sms,test
Is ur lecture over?,0,en,sms,uci,,uci_sms,train
sexy sexy cum and text me im wet and warm and ready for some porn! u up for some fun? THIS MSG IS FREE RECD MSGS 150P INC VAT 2 CANCEL TEXT STOP,1,en,sms,uci,,uci_sms,train
Customer place i will call you,0,en,sms,uci,,uci_sms,train
Not planned yet :)going to join company on jan 5 only.don know what will happen after that.,0,en,sms,uci,,uci_sms,train
Boy; I love u Grl: Hogolo Boy: gold chain kodstini Grl: Agalla Boy: necklace madstini Grl: agalla Boy: Hogli 1 mutai eerulli kodthini! Grl: I love U kano;-),0,en,sms,uci,,uci_sms,test
"Haha I heard that, text me when you're around",0,en,sms,uci,,uci_sms,train
I.ll get there tomorrow and send it to you,0,en,sms,uci,,uci_sms,train
"""SHIT BABE.. THASA BIT MESSED UP.YEH, SHE SHUDVETOLD U. DID URGRAN KNOW?NEWAY, ILLSPEAK 2 U2MORO WEN IM NOT ASLEEP...""",0,en,sms,uci,,uci_sms,train
Oh thats late! Well have a good night and i will give u a call tomorrow. Iam now going to go to sleep night night,0,en,sms,uci,,uci_sms,train
"""CHEERS U TEX MECAUSE U WEREBORED! YEAH OKDEN HUNNY R UIN WK SAT?SOUNDS LIKEYOUR HAVIN GR8FUN J! KEEP UPDAT COUNTINLOTS OF LOVEME XXXXX.""",0,en,sms,uci,,uci_sms,train
"Sorry,  in meeting I'll call you later",0,en,sms,uci,,uci_sms,train
Yo! Howz u? girls never rang after india. L,0,en,sms,uci,,uci_sms,train
Yeah but which is worse for i,0,en,sms,uci,,uci_sms,train
Hard LIVE 121 chat just 60p/min. Choose your girl and connect LIVE. Call 09094646899 now! Cheap Chat UK's biggest live service. VU BCM1896WC1N3XX,1,en,sms,uci,,uci_sms,train
I tagged MY friends that you seemed to count as YOUR friends.,0,en,sms,uci,,uci_sms,train
Not heard from U4 a while. Call 4 rude chat private line 01223585334 to cum. Wan 2C pics of me gettin shagged then text PIX to 8552. 2End send STOP 8552 SAM xxx,1,en,sms,uci,,uci_sms,test
Ok...,0,en,sms,uci,,uci_sms,train
Long time. You remember me today.,0,en,sms,uci,,uci_sms,test
Havent shopping now lor i juz arrive only,0,en,sms,uci,,uci_sms,train
Thank u. IT BETTER WORK OUT CAUSE I WILL FEEL USED OTHERWISE,0,en,sms,uci,,uci_sms,train
Are you up for the challenge? I know i am :),0,en,sms,uci,,uci_sms,test
How much did ur hdd casing cost.,0,en,sms,uci,,uci_sms,test
Mystery solved! Just opened my email and he's sent me another batch! Isn't he a sweetie,0,en,sms,uci,,uci_sms,train
I can't describe how lucky you are that I'm actually awake by noon,0,en,sms,uci,,uci_sms,test
This is the 2nd time we have tried to contact u. U have won the £1450 prize to claim just call 09053750005 b4 310303. T&Cs/stop SMS 08718725756. 140ppm,1,en,sms,uci,,uci_sms,train
"TODAY is Sorry day.! If ever i was angry with you, if ever i misbehaved or hurt you? plz plz JUST SLAP URSELF Bcoz, Its ur fault, I'm basically GOOD",0,en,sms,uci,,uci_sms,train
Cheers for the card ... Is it that time of year already?,0,en,sms,uci,,uci_sms,train
"HOT LIVE FANTASIES call now 08707509020 Just 20p per min NTT Ltd, PO Box 1327 Croydon CR9 5WB 0870..k",1,en,sms,uci,,uci_sms,train
"When people see my msgs, They think Iam addicted to msging... They are wrong, Bcoz They don\'t know that Iam addicted to my sweet Friends..!! BSLVYL",0,en,sms,uci,,uci_sms,test
Ugh hopefully the asus ppl dont randomly do a reformat.,0,en,sms,uci,,uci_sms,train
"Haven't seen my facebook, huh? Lol!",0,en,sms,uci,,uci_sms,test
"Mah b, I'll pick it up tomorrow",0,en,sms,uci,,uci_sms,train
Still otside le..u come 2morrow maga..,0,en,sms,uci,,uci_sms,train
Do u still have plumbers tape and a wrench we could borrow?,0,en,sms,uci,,uci_sms,test
"Dear Voucher Holder, To claim this weeks offer, at you PC please go to http://www.e-tlp.co.uk/reward. Ts&Cs apply.",1,en,sms,uci,,uci_sms,train
It vl bcum more difficult..,0,en,sms,uci,,uci_sms,train
UR GOING 2 BAHAMAS! CallFREEFONE 08081560665 and speak to a live operator to claim either Bahamas cruise of£2000 CASH 18+only. To opt out txt X to 07786200117,1,en,sms,uci,,uci_sms,train
Havent still waitin as usual... Ü come back sch oredi?,0,en,sms,uci,,uci_sms,train
In meeting da. I will call you,0,en,sms,uci,,uci_sms,train
K k :-):-) then watch some films.,0,en,sms,uci,,uci_sms,train
Does cinema plus drink appeal tomo? * Is a fr thriller by director i like on at mac at 8.30.,0,en,sms,uci,,uci_sms,test
There the size of elephant tablets & u shove um up ur ass!!,0,en,sms,uci,,uci_sms,train
"So many people seems to be special at first sight, But only very few will remain special to you till your last sight.. Maintain them till life ends.. take cr da",0,en,sms,uci,,uci_sms,train
"My Parents, My Kidz, My Friends n My Colleagues. All screaming.. SURPRISE !! and I was waiting on the sofa.. ... ..... ' NAKED...!",0,en,sms,uci,,uci_sms,test
Dunno i juz askin cos i got a card got 20% off 4 a salon called hair sense so i tot it's da one ü cut ur hair. ,0,en,sms,uci,,uci_sms,train
Good morning pookie pie! Lol hope I didn't wake u up,0,en,sms,uci,,uci_sms,train
MAYBE IF YOU WOKE UP BEFORE FUCKING 3 THIS WOULDN'T BE A PROBLEM.,0,en,sms,uci,,uci_sms,train
Happy birthday to you....dear.with lots of love.rakhesh NRI,0,en,sms,uci,,uci_sms,train
Howz that persons story,0,en,sms,uci,,uci_sms,train
"This is the 2nd time we have tried 2 contact u. U have won the 750 Pound prize. 2 claim is easy, call 08712101358 NOW! Only 10p per min. BT-national-rate",1,en,sms,uci,,uci_sms,train
X2  &lt;#&gt; . Are you going to get that,0,en,sms,uci,,uci_sms,test
Hi neva worry bout da truth coz the truth will lead me 2 ur heart. Its the least a unique person like u deserve. Sleep tight or morning,0,en,sms,uci,,uci_sms,train
UR awarded a City Break and could WIN a £200 Summer Shopping spree every WK. Txt STORE to 88039.SkilGme.TsCs087147403231Winawk!Age16+£1.50perWKsub,1,en,sms,uci,,uci_sms,train
Is ur paper today in e morn or aft?,0,en,sms,uci,,uci_sms,train
I will lick up every drop :) are you ready to use your mouth as well?,0,en,sms,uci,,uci_sms,train
And you! Will expect you whenever you text! Hope all goes well tomo ,0,en,sms,uci,,uci_sms,test
Great. P diddy is my neighbor and comes for toothpaste every morning,0,en,sms,uci,,uci_sms,test
"I av a new number,  . Wil u only use this one,ta.",0,en,sms,uci,,uci_sms,train
So its to be poking man everyday that they teach you in canada abi! How are you. Just saying hi.,0,en,sms,uci,,uci_sms,test
7 lor... Change 2 suntec... Wat time u coming?,0,en,sms,uci,,uci_sms,train
No de.am seeing in online shop so that i asked.,0,en,sms,uci,,uci_sms,train
Just curious because my cuz asked what I was up to,0,en,sms,uci,,uci_sms,train
Nice.nice.how is it working?,0,en,sms,uci,,uci_sms,train
Okay lor... Wah... like that def they wont let us go... Haha... What did they say in the terms and conditions?,0,en,sms,uci,,uci_sms,train
Haha... Yup hopefully  we will lose a few kg by mon. after hip hop can go orchard and weigh again,0,en,sms,uci,,uci_sms,train
She's good. How are you. Where r u working now,0,en,sms,uci,,uci_sms,train
"Oh, yes, I've just been a little under the weather so i've kind of been coccooning at home",0,en,sms,uci,,uci_sms,train
At home also.,0,en,sms,uci,,uci_sms,train
This phone has the weirdest auto correct.,0,en,sms,uci,,uci_sms,train
Oops my phone died and I didn't even know. Yeah I like it better.,0,en,sms,uci,,uci_sms,test
Havent mus ask if u can 1st wat. Of meet 4 lunch den u n him meet can already lor. Or u wan 2 go ask da ge 1st then confirm w me asap?,0,en,sms,uci,,uci_sms,test
"She said,'' do u mind if I go into the bedroom for a minute ? '' ''OK'', I sed in a sexy mood. She came out 5 minuts latr wid a cake...n My Wife,",0,en,sms,uci,,uci_sms,train
"OH YEAH,AND HAV A GREAT TIME IN NEWQUAY-SEND ME A POSTCARD !1 LOOK AFTER ALL THE GIRLS WHILE IM GONE(U KNOW THE 1IM TALKIN BOUT!)xx",0,en,sms,uci,,uci_sms,train
We got a divorce. Lol. She.s here,0,en,sms,uci,,uci_sms,train
What's ur pin?,0,en,sms,uci,,uci_sms,train
"Babe, have you got enough money to pick up bread and milk ? And I'll give you it back when you get home ?",0,en,sms,uci,,uci_sms,train
I want snow. It's just freezing and windy.,0,en,sms,uci,,uci_sms,test
URGENT! We are trying to contact U. Todays draw shows that you have won a £2000 prize GUARANTEED. Call 09066358361 from land line. Claim Y87. Valid 12hrs only,1,en,sms,uci,,uci_sms,test
Come to mahal bus stop.. &lt;DECIMAL&gt;,0,en,sms,uci,,uci_sms,train
Don know:)this week i'm going to tirunelvai da.,0,en,sms,uci,,uci_sms,train
Me too baby! I promise to treat you well! I bet you will take good care of me...,0,en,sms,uci,,uci_sms,train
Its like that hotel dusk game i think. You solve puzzles in a area thing,0,en,sms,uci,,uci_sms,train
"Thanks for your ringtone order, reference number X29. Your mobile will be charged 4.50. Should your tone not arrive please call customer services 09065989180",1,en,sms,uci,,uci_sms,train
"Hi, my love! How goes that day? Fuck, this morning I woke and dropped my cell on the way down the stairs but it seems alright ... *phews* I miss you !",0,en,sms,uci,,uci_sms,test
Well that must be a pain to catch,0,en,sms,uci,,uci_sms,train
Sorry da thangam.it's my mistake.,0,en,sms,uci,,uci_sms,test
I need... Coz i never go before ,0,en,sms,uci,,uci_sms,train
"Rose for red,red for blood,blood for heart,heart for u. But u for me.... Send tis to all ur friends.. Including me.. If u like me.. If u get back, 1-u r poor in relation! 2-u need some 1 to support 3-u r frnd 2 many 4-some1 luvs u 5+- some1 is praying god to marry u.:-) try it....",0,en,sms,uci,,uci_sms,test
Wife.how she knew the time of murder exactly,0,en,sms,uci,,uci_sms,train
"SIX chances to win CASH! From 100 to 20,000 pounds txt> CSH11 and send to 87575. Cost 150p/day, 6days, 16+ TsandCs apply Reply HL 4 info",1,en,sms,uci,,uci_sms,train
Ur cash-balance is currently 500 pounds - to maximize ur cash-in now send COLLECT to 83600 only 150p/msg. CC: 08718720201 PO BOX 114/14 TCR/W1,1,en,sms,uci,,uci_sms,train
"I feel like a dick because I keep sleeping through your texts and facebook messages. Sup, you in town?",0,en,sms,uci,,uci_sms,test
No plm i will come da. On the way.,0,en,sms,uci,,uci_sms,test
Guess he wants alone time. We could just show up and watch when they do..,0,en,sms,uci,,uci_sms,test
Height of recycling: Read twice- People spend time for earning money and the same money is spent for spending time!;-) Good morning.. keep smiling:-),0,en,sms,uci,,uci_sms,train
Yup ü not comin :-(,0,en,sms,uci,,uci_sms,train
"Yes, princess. Toledo.",0,en,sms,uci,,uci_sms,train
"Aight text me when you're back at mu and I'll swing by, need somebody to get the door for me",0,en,sms,uci,,uci_sms,train
Ron say fri leh. N he said ding tai feng cant make reservations. But he said wait lor.,0,en,sms,uci,,uci_sms,train
Good. No swimsuit allowed :),0,en,sms,uci,,uci_sms,train
Am okay. Will soon be over. All the best,0,en,sms,uci,,uci_sms,train
"A cute thought for friendship: ""Its not necessary to share every secret with ur close Frnd, but watever u shared should be true""....",0,en,sms,uci,,uci_sms,train
Ok i've sent u da latest version of da project.,0,en,sms,uci,,uci_sms,test
Good Morning my Dear........... Have a great &amp; successful day.,0,en,sms,uci,,uci_sms,train
Pls accept me for one day. Or am begging you change the number.,0,en,sms,uci,,uci_sms,train
Squeeeeeze!! This is christmas hug.. If u lik my frndshp den hug me back.. If u get 3 u r cute:) 6 u r luvd:* 9 u r so lucky;) None? People hate u:,0,en,sms,uci,,uci_sms,test
"Its ok, if anybody asks abt me, u tel them..:-P",0,en,sms,uci,,uci_sms,train
"Funny fact Nobody teaches volcanoes 2 erupt, tsunamis 2 arise, hurricanes 2 sway aroundn no 1 teaches hw 2 choose a wife Natural disasters just happens",0,en,sms,uci,,uci_sms,train
* You gonna ring this weekend or wot?,0,en,sms,uci,,uci_sms,train
Also track down any lighters you can find,0,en,sms,uci,,uci_sms,train
"Sorry, I can't help you on this.",0,en,sms,uci,,uci_sms,train
"Babe, I need your advice",0,en,sms,uci,,uci_sms,train
"I‘ll leave around four, ok?",0,en,sms,uci,,uci_sms,train
Come to medical college at 7pm ......forward it da,0,en,sms,uci,,uci_sms,train
K:)k..its good:)when are you going?,0,en,sms,uci,,uci_sms,train
I can make lasagna for you... vodka...,0,en,sms,uci,,uci_sms,train
HI ITS KATE CAN U GIVE ME A RING ASAP XXX,0,en,sms,uci,,uci_sms,train
Who were those people ? Were you in a tour ? I thought you were doing that sofa thing you sent me ? Your curious sugar,0,en,sms,uci,,uci_sms,train
"No, but you told me you were going, before you got drunk!",0,en,sms,uci,,uci_sms,train
He fucking chickened out. He messaged me he would be late and woould buzz me and then I didn't hear a word from him,0,en,sms,uci,,uci_sms,test
"Congratulations! Thanks to a good friend U have WON the £2,000 Xmas prize. 2 claim is easy, just call 08718726978 NOW! Only 10p per minute. BT-national-rate",1,en,sms,uci,,uci_sms,train
I'm always looking for an excuse to be in the city.,0,en,sms,uci,,uci_sms,train
Yup i'm still having coffee wif my frens... My fren drove she'll give me a lift...,0,en,sms,uci,,uci_sms,train
O shore are you takin the bus,0,en,sms,uci,,uci_sms,train
So u gonna get deus ex?,0,en,sms,uci,,uci_sms,train
I will send them to your email. Do you mind  &lt;#&gt;  times per night?,0,en,sms,uci,,uci_sms,train
"44 7732584351, Do you want a New Nokia 3510i colour phone DeliveredTomorrow? With 300 free minutes to any mobile + 100 free texts + Free Camcorder reply or call 08000930705.",1,en,sms,uci,,uci_sms,train
tap & spile at seven. * Is that pub on gas st off broad st by canal. Ok?,0,en,sms,uci,,uci_sms,test
Ok then i come n pick u at engin?,0,en,sms,uci,,uci_sms,train
Which is why i never wanted to tell you any of this. Which is why i'm so short with you and on-edge as of late.,0,en,sms,uci,,uci_sms,train
Raviyog Peripherals bhayandar east,0,en,sms,uci,,uci_sms,test
K actually can you guys meet me at the sunoco on howard? It should be right on the way,0,en,sms,uci,,uci_sms,train
You have 1 new voicemail. Please call 08719181513.,1,en,sms,uci,,uci_sms,train
"MOON has come to color your dreams, STARS to make them musical and my SMS to give you warm and Peaceful Sleep. Good Night",0,en,sms,uci,,uci_sms,train
Just finished eating. Got u a plate. NOT leftovers this time.,0,en,sms,uci,,uci_sms,train
Thanx a lot...,0,en,sms,uci,,uci_sms,train
Hurry home u big butt. Hang up on your last caller if u have to. Food is done and I'm starving. Don't ask what I cooked.,0,en,sms,uci,,uci_sms,train
Lol your right. What diet? Everyday I cheat anyway. I'm meant to be a fatty :(,0,en,sms,uci,,uci_sms,train
Its a great day. Do have yourself a beautiful one.,0,en,sms,uci,,uci_sms,train
What happened in interview?,0,en,sms,uci,,uci_sms,train
"Solve d Case : A Man Was Found Murdered On  &lt;DECIMAL&gt; . &lt;#&gt;  AfterNoon. 1,His wife called Police. 2,Police questioned everyone. 3,Wife: Sir,I was sleeping, when the murder took place. 4.Cook: I was cooking. 5.Gardener: I was picking vegetables. 6.House-Maid: I went 2 d post office. 7.Children: We went 2 play. 8.Neighbour: We went 2 a marriage. Police arrested d murderer Immediately. Who's It? Reply With Reason, If U r Brilliant.",0,en,sms,uci,,uci_sms,train
Badrith is only for chennai:)i will surely pick for us:)no competition for him.,0,en,sms,uci,,uci_sms,train
I tot it's my group mate... Lucky i havent reply... Wat time do ü need to leave... ,0,en,sms,uci,,uci_sms,train
Hey you around? I've got enough for a half + the ten I owe you,0,en,sms,uci,,uci_sms,train
Hey tmr maybe can meet you at yck,0,en,sms,uci,,uci_sms,train
ALRITE SAM ITS NIC JUST CHECKIN THAT THIS IS UR NUMBER-SO IS IT?T.B*,0,en,sms,uci,,uci_sms,train
They are just making it easy to pay back. I have  &lt;#&gt; yrs to say but i can pay back earlier. You get?,0,en,sms,uci,,uci_sms,train
Not to worry. I'm sure you'll get it.,0,en,sms,uci,,uci_sms,train
"The gas station is like a block away from my house, you'll drive right by it since armenia ends at swann and you have to take howard",0,en,sms,uci,,uci_sms,train
"Someone U know has asked our dating service 2 contact you! Cant Guess who? CALL 09058097189 NOW all will be revealed. POBox 6, LS15HB 150p ",1,en,sms,uci,,uci_sms,train
Camera - You are awarded a SiPix Digital Camera! call 09061221066 fromm landline. Delivery within 28 days,1,en,sms,uci,,uci_sms,test
My tuition is at 330. Hm we go for the 1120 to 1205 one? Do you mind?,0,en,sms,uci,,uci_sms,train
"I'm not smoking while people use ""wylie smokes too much"" to justify ruining my shit",0,en,sms,uci,,uci_sms,train
Dear good morning how you feeling dear,0,en,sms,uci,,uci_sms,train
A little. Meds say take once every 8 hours. It's only been 5 but pain is back. So I took another. Hope I don't die,0,en,sms,uci,,uci_sms,train
"Beautiful tomorrow never comes.. When it comes, it's already TODAY.. In the hunt of beautiful tomorrow don't waste your wonderful TODAY.. GOODMORNING:)",0,en,sms,uci,,uci_sms,train
Dunno lei ü all decide lor. How abt leona? Oops i tot ben is going n i msg him.,0,en,sms,uci,,uci_sms,train
Hi there. We have now moved in2 our pub . Would be great 2 c u if u cud come up.,0,en,sms,uci,,uci_sms,train
Todays Voda numbers ending 5226 are selected to receive a ?350 award. If you hava a match please call 08712300220 quoting claim code 1131 standard rates app ,1,en,sms,uci,,uci_sms,train
This message is free. Welcome to the new & improved Sex & Dogging club! To unsubscribe from this service reply STOP. msgs@150p 18 only,1,en,sms,uci,,uci_sms,train
"Honeybee Said: *I'm d Sweetest in d World* God Laughed &amp; Said: *Wait,U Havnt Met d Person Reading This Msg* MORAL: Even GOD Can Crack Jokes! GM+GN+GE+GN:)",0,en,sms,uci,,uci_sms,train
Just do what ever is easier for you,0,en,sms,uci,,uci_sms,test
RCT' THNQ Adrian for U text. Rgds Vatian,1,en,sms,uci,,uci_sms,test
Stop calling everyone saying I might have cancer. My throat hurts to talk. I can't be answering everyones calls. If I get one more call I'm not babysitting on Monday,0,en,sms,uci,,uci_sms,train
"It'll be tough, but I'll do what I have to",0,en,sms,uci,,uci_sms,train
IM GONNAMISSU SO MUCH!!I WOULD SAY IL SEND U A POSTCARD BUTTHERES ABOUTAS MUCH CHANCE OF MEREMEMBERIN ASTHERE IS OFSI NOT BREAKIN HIS CONTRACT!! LUV Yaxx,0,en,sms,uci,,uci_sms,train
Ee msg na poortiyagi odalebeku: Hanumanji 7 name 1-Hanuman 2-Bajarangabali 3-Maruti 4-Pavanaputra 5-Sankatmochan 6-Ramaduth 7-Mahaveer ee 7 name  &lt;#&gt;  janarige ivatte kalisidare next saturday olage ondu good news keluviri...! Maretare inde 1 dodda problum nalli siguviri idu matra  &lt;#&gt; % true.. Don't neglet.,0,en,sms,uci,,uci_sms,train
HI DARLIN I FINISH AT 3 DO U 1 2 PICK ME UP OR MEET ME? TEXT BACK ON THIS NUMBER LUV KATE XXX,0,en,sms,uci,,uci_sms,train
"Set a place for me in your heart and not in your mind, as the mind easily forgets but the heart will always remember. Wish you Happy Valentines Day!",0,en,sms,uci,,uci_sms,test
But i'm surprised she still can guess right lor...,0,en,sms,uci,,uci_sms,train
Okie ü wan meet at bishan? Cos me at bishan now. I'm not driving today.,0,en,sms,uci,,uci_sms,train
Oh ho. Is this the first time u use these type of words,0,en,sms,uci,,uci_sms,train
HI DARLIN HOW WAS WORK DID U GET INTO TROUBLE? IJUST TALKED TO YOUR MUM ALL MORNING! I HAD A REALLY GOOD TIME LAST NIGHT IM GOIN OUT SOON BUT CALL ME IF U CAN,0,en,sms,uci,,uci_sms,train
I know you are serving. I mean what are you doing now.,0,en,sms,uci,,uci_sms,train
"Huh... Hyde park not in mel ah, opps, got confused... Anyway, if tt's e best choice den we juz have to take it...",0,en,sms,uci,,uci_sms,train
Oh gei. That happend to me in tron. Maybe ill dl it in 3d when its out,0,en,sms,uci,,uci_sms,train
"FREE MESSAGE Activate your 500 FREE Text Messages by replying to this message with the word FREE For terms & conditions, visit www.07781482378.com",1,en,sms,uci,,uci_sms,train
I know girls always safe and selfish know i got it pa. Thank you. good night.,0,en,sms,uci,,uci_sms,train
"No worries, hope photo shoot went well. have a spiffing fun at workage. ",0,en,sms,uci,,uci_sms,train
I'm freezing and craving ice. Fml,0,en,sms,uci,,uci_sms,train
Kay... Since we are out already ,0,en,sms,uci,,uci_sms,train
Eh sorry leh... I din c ur msg. Not sad already lar. Me watching tv now. U still in office?,0,en,sms,uci,,uci_sms,train
Yo im right by yo work,0,en,sms,uci,,uci_sms,train
Ok darlin i supose it was ok i just worry too much.i have to do some film stuff my mate and then have to babysit again! But you can call me there.xx,0,en,sms,uci,,uci_sms,train
"She said,'' do u mind if I go into the bedroom for a minute ? '' ''OK'', I sed in a sexy mood. She came out 5 minuts latr wid a cake...n My Wife,",0,en,sms,uci,,uci_sms,train
I don wake since. I checked that stuff and saw that its true no available spaces. Pls call the embassy or send a mail to them.,0,en,sms,uci,,uci_sms,train
Nope... Juz off from work...,0,en,sms,uci,,uci_sms,train
Huh so fast... Dat means u havent finished painting?,0,en,sms,uci,,uci_sms,train
 what number do u live at? Is it 11?,0,en,sms,uci,,uci_sms,train
"No we put party 7 days a week and study lightly, I think we need to draw in some custom checkboxes so they know we're hardcore",0,en,sms,uci,,uci_sms,train
Sac will score big hundred.he is set batsman:-),0,en,sms,uci,,uci_sms,train
Send me yetty's number pls.,0,en,sms,uci,,uci_sms,train
How much it will cost approx . Per month.,0,en,sms,uci,,uci_sms,train
Ok... The theory test? when are ü going to book? I think it's on 21 may. Coz thought wanna go out with jiayin. But she isnt free,0,en,sms,uci,,uci_sms,train
"You are being contacted by our dating service by someone you know! To find out who it is, call from a land line 09050000928. PoBox45W2TG150P",1,en,sms,uci,,uci_sms,train
"That's fine, have him give me a call if he knows what he wants or has any questions",0,en,sms,uci,,uci_sms,train
"Sorry, got a late start, we're on the way",0,en,sms,uci,,uci_sms,train
Then u go back urself lor...,0,en,sms,uci,,uci_sms,train
I AM AT THE GAS STATION. GO THERE.,0,en,sms,uci,,uci_sms,train
"K, if u bored up just come to my home..",0,en,sms,uci,,uci_sms,train
Babe !!!! I LOVE YOU !!!! *covers your face in kisses*,0,en,sms,uci,,uci_sms,test
"Like I made him throw up when we were smoking in our friend's car one time, it was awesome",0,en,sms,uci,,uci_sms,train
Still i have not checked it da. . .,0,en,sms,uci,,uci_sms,train
You will go to walmart. I.ll stay.,0,en,sms,uci,,uci_sms,train
"I haven't forgotten you, i might have a couple bucks to send you tomorrow, k? I love ya too",0,en,sms,uci,,uci_sms,train
Oh great. I.ll disturb him more so that we can talk.,0,en,sms,uci,,uci_sms,train
Reverse is cheating. That is not mathematics.,0,en,sms,uci,,uci_sms,train
U're welcome... Caught u using broken english again...,0,en,sms,uci,,uci_sms,train
No problem baby. Is this is a good time to talk? I called and left a message.,0,en,sms,uci,,uci_sms,train
"Sorry, I'll call later",0,en,sms,uci,,uci_sms,train
Oh is it! Which brand?,0,en,sms,uci,,uci_sms,train
Sorry i cant take your call right now. It so happens that there r 2waxsto do wat you want. She can come and ill get her medical insurance. And she'll be able to deliver and have basic care. I'm currently shopping for the right medical insurance for her. So just give me til friday morning. Thats when i.ll see the major person that can guide me to the right insurance.,0,en,sms,uci,,uci_sms,test
At what time are you coming.,0,en,sms,uci,,uci_sms,train
Call him and say you not coming today ok and tell them not to fool me like this ok,0,en,sms,uci,,uci_sms,train
I emailed yifeng my part oredi.. Can ü get it fr him..,0,en,sms,uci,,uci_sms,test
R u sure they'll understand that! Wine * good idea just had a slurp!,0,en,sms,uci,,uci_sms,train
Minimum walk is 3miles a day.,0,en,sms,uci,,uci_sms,train
Ok not a problem will get them a taxi. C ing  tomorrow and tuesday. On tuesday think we r all going to the cinema. ,0,en,sms,uci,,uci_sms,train
"Brainless Baby Doll..:-D;-), vehicle sariyag drive madoke barolla..",0,en,sms,uci,,uci_sms,train
I don't run away frm u... I walk slowly &amp; it kills me that u don't care enough to stop me...,0,en,sms,uci,,uci_sms,train
Sorry I missed your call let's talk when you have the time. I'm on 07090201529,1,en,sms,uci,,uci_sms,train
Please attend the phone:),0,en,sms,uci,,uci_sms,test
You only hate me. You can call any but you didnt accept even a single call of mine. Or even you messaged,0,en,sms,uci,,uci_sms,train
No messages on her phone. I'm holding it now,0,en,sms,uci,,uci_sms,train
Can... I'm free...,0,en,sms,uci,,uci_sms,train
"Yo my trip got postponed, you still stocked up?",0,en,sms,uci,,uci_sms,train
"Sorry, I'll call later",0,en,sms,uci,,uci_sms,train
I am waiting for your call sir.,0,en,sms,uci,,uci_sms,train
Hey what are you doing. Y no reply pa..,0,en,sms,uci,,uci_sms,train
"Hey elaine, is today's meeting still on?",0,en,sms,uci,,uci_sms,train
Sorry i've not gone to that place. I.ll do so tomorrow. Really sorry.,0,en,sms,uci,,uci_sms,test
Most of the tiime when i don't let you hug me it's so i don't break into tears.,0,en,sms,uci,,uci_sms,train
Tomorrow i am not going to theatre. . . So i can come wherever u call me. . . Tell me where and when to come tomorrow,0,en,sms,uci,,uci_sms,test
And now electricity just went out fml.,0,en,sms,uci,,uci_sms,train
"Looks like you found something to do other than smoke, great job!",0,en,sms,uci,,uci_sms,train
Also andros ice etc etc,0,en,sms,uci,,uci_sms,test
:) ,0,en,sms,uci,,uci_sms,train
"Good afternon, my love. How are today? I hope your good and maybe have some interviews. I wake and miss you babe. A passionate kiss from across the sea",0,en,sms,uci,,uci_sms,train
Yup. Wun believe wat? U really neva c e msg i sent shuhui?,0,en,sms,uci,,uci_sms,train
Hows that watch resizing,0,en,sms,uci,,uci_sms,train
Dear umma she called me now :-),0,en,sms,uci,,uci_sms,train
Just finished. Missing you plenty,0,en,sms,uci,,uci_sms,train
"complimentary 4 STAR Ibiza Holiday or £10,000 cash needs your URGENT collection. 09066364349 NOW from Landline not to lose out! Box434SK38WP150PPM18+",1,en,sms,uci,,uci_sms,train
"Well, I meant as opposed to my drunken night of before",0,en,sms,uci,,uci_sms,train
K... Must book a not huh? so going for yoga basic on sunday?,0,en,sms,uci,,uci_sms,train
FREE MSG:We billed your mobile number by mistake from shortcode 83332.Please call 08081263000 to have charges refunded.This call will be free from a BT landline,1,en,sms,uci,,uci_sms,test
Ok can...,0,en,sms,uci,,uci_sms,train
"Oops - am at my mum's in somerset... Bit far! Back tomo, see you soon x",0,en,sms,uci,,uci_sms,test
So u workin overtime nigpun?,0,en,sms,uci,,uci_sms,train
Same as kallis dismissial in 2nd test:-).,0,en,sms,uci,,uci_sms,train
O. Guess they both got screwd,0,en,sms,uci,,uci_sms,train
Please CALL 08712402972 immediately as there is an urgent message waiting for you,1,en,sms,uci,,uci_sms,train
"I'm in a meeting, call me later at",0,en,sms,uci,,uci_sms,train
What r u cooking me for dinner?,0,en,sms,uci,,uci_sms,train
Ok thanx...,0,en,sms,uci,,uci_sms,train
Bull. Your plan was to go floating off to IKEA with me without a care in the world. So i have to live with your mess another day.,0,en,sms,uci,,uci_sms,train
Then i buy.,0,en,sms,uci,,uci_sms,train
URGENT! Your Mobile number has been awarded with a £2000 Bonus Caller Prize. Call 09058095201 from land line. Valid 12hrs only,1,en,sms,uci,,uci_sms,train
Heehee that was so funny tho,0,en,sms,uci,,uci_sms,train
It only does simple arithmetic not percentages.,0,en,sms,uci,,uci_sms,train
"Yeah we wouldn't leave for an hour at least, how's 4 sound?",0,en,sms,uci,,uci_sms,train
"As a valued customer, I am pleased to advise you that following recent review of your Mob No. you are awarded with a £1500 Bonus Prize, call 09066364589",1,en,sms,uci,,uci_sms,train
Thanks honey. Have a great day.,0,en,sms,uci,,uci_sms,train
"'An Amazing Quote'' - ""Sometimes in life its difficult to decide whats wrong!! a lie that brings a smile or the truth that brings a tear....""",0,en,sms,uci,,uci_sms,train
Good night my dear.. Sleepwell&amp;Take care,0,en,sms,uci,,uci_sms,train
Then ü ask dad to pick ü up lar... Ü wan 2 stay until 6 meh...,0,en,sms,uci,,uci_sms,train
"Jus chillaxin, what up",0,en,sms,uci,,uci_sms,train
"""HEY DAS COOL... IKNOW ALL 2 WELLDA PERIL OF STUDENTFINANCIAL CRISIS!SPK 2 U L8R.""",0,en,sms,uci,,uci_sms,train
"Beautiful Truth against Gravity.. Read carefully: ""Our heart feels light when someone is in it.. But it feels very heavy when someone leaves it.."" GOODMORNING",0,en,sms,uci,,uci_sms,train
Do you want a New Nokia 3510i colour phone DeliveredTomorrow? With 300 free minutes to any mobile + 100 free texts + Free Camcorder reply or call 08000930705,1,en,sms,uci,,uci_sms,train
"Whats that coming over the hill..... Is it a monster! Hope you have a great day. Things r going fine here, busy though! ",0,en,sms,uci,,uci_sms,train
Joy's father is John. Then John is the ____ of Joy's father. If u ans ths you hav  &lt;#&gt;  IQ. Tis s IAS question try to answer.,0,en,sms,uci,,uci_sms,train
Only once then after ill obey all yours.,0,en,sms,uci,,uci_sms,test
No she didnt. I will search online and let you know.,0,en,sms,uci,,uci_sms,train
Where do you need to go to get it?,0,en,sms,uci,,uci_sms,test
No pic. Please re-send.,0,en,sms,uci,,uci_sms,train
He remains a bro amongst bros,0,en,sms,uci,,uci_sms,test
Uhhhhrmm isnt having tb test bad when youre sick,0,en,sms,uci,,uci_sms,train
But i haf enuff space got like 4 mb...,0,en,sms,uci,,uci_sms,train
LIFE has never been this much fun and great until you came in. You made it truly special for me. I won't forget you! enjoy @ one gbp/sms,1,en,sms,uci,,uci_sms,train
Do you want a new Video phone? 600 anytime any network mins 400 Inclusive Video calls AND downloads 5 per week Free delTOMORROW call 08002888812 or reply NOW,1,en,sms,uci,,uci_sms,train
"As a valued customer, I am pleased to advise you that following recent review of your Mob No. you are awarded with a £1500 Bonus Prize, call 09066368470",1,en,sms,uci,,uci_sms,train
Welcome! Please reply with your AGE and GENDER to begin. e.g 24M,1,en,sms,uci,,uci_sms,train
Freemsg: 1-month unlimited free calls! Activate SmartCall Txt: CALL to No: 68866. Subscriptn3gbp/wk unlimited calls Help: 08448714184 Stop?txt stop landlineonly,1,en,sms,uci,,uci_sms,train
Had your mobile 10 mths? Update to latest Orange camera/video phones for FREE. Save £s with Free texts/weekend calls. Text YES for a callback orno to opt out,1,en,sms,uci,,uci_sms,train
Am new 2 club & dont fink we met yet Will B gr8 2 C U Please leave msg 2day wiv ur area 09099726553 reply promised CARLIE x Calls£1/minMobsmore LKPOBOX177HP51FL,1,en,sms,uci,,uci_sms,test
True. Its easier with her here.,0,en,sms,uci,,uci_sms,train
Sure but since my parents will be working on Tuesday I don't really need a cover story,0,en,sms,uci,,uci_sms,train
Haha okay... Today weekend leh... ,0,en,sms,uci,,uci_sms,train
"""Hi darlin did youPhone me? Im atHome if youwanna chat.""",0,en,sms,uci,,uci_sms,test
I don't know jack shit about anything or i'd say/ask something helpful but if you want you can pretend that I did and just text me whatever in response to the hypotheticalhuagauahahuagahyuhagga,0,en,sms,uci,,uci_sms,train
You've always been the brainy one.,0,en,sms,uci,,uci_sms,train
Yeah if we do have to get a random dude we need to change our info sheets to PARTY  &lt;#&gt; /7 NEVER STUDY just to be safe,0,en,sms,uci,,uci_sms,train
Camera - You are awarded a SiPix Digital Camera! call 09061221066 fromm landline. Delivery within 28 days.,1,en,sms,uci,,uci_sms,train
"Christmas is An occasion that is Celebrated as a Reflection of UR... Values..., Desires..., Affections...&amp; Traditions.... Have an ideal Christmas...",0,en,sms,uci,,uci_sms,test
Sending you greetings of joy and happiness. Do have a gr8 evening,0,en,sms,uci,,uci_sms,train
"""Hi darlin i cantdo anythingtomorrow as myparents aretaking me outfor a meal. when are u free? Katexxx""",0,en,sms,uci,,uci_sms,train
If india win or level series means this is record:),0,en,sms,uci,,uci_sms,train
Then what about further plan?,0,en,sms,uci,,uci_sms,train
Its good to hear from you,0,en,sms,uci,,uci_sms,train
"awesome, how do I deal with the gate? Charles told me last night but, uh, yeah",0,en,sms,uci,,uci_sms,train
What time you thinkin of goin?,0,en,sms,uci,,uci_sms,train
Get a FREE mobile video player FREE movie. To collect text GO to 89105. Its free! Extra films can be ordered t's and c's apply. 18 yrs only,1,en,sms,uci,,uci_sms,test
Save money on wedding lingerie at www.bridal.petticoatdreams.co.uk Choose from a superb selection with national delivery. Brought to you by WeddingFriend,1,en,sms,uci,,uci_sms,train
Your board is working fine. The issue of overheating is also reslove. But still software inst is pending. I will come around 8'o clock.,0,en,sms,uci,,uci_sms,train
Yes but I don't care cause I know its there!,0,en,sms,uci,,uci_sms,train
"wiskey Brandy Rum Gin Beer Vodka Scotch Shampain Wine ""KUDI""yarasu dhina vaazhthukkal. ..",0,en,sms,uci,,uci_sms,train
"Mon okie lor... Haha, best is cheap n gd food la, ex oso okie... Depends on whether wana eat western or chinese food... Den which u prefer... ",0,en,sms,uci,,uci_sms,train
Sitting ard nothing to do lor. U leh busy w work?,0,en,sms,uci,,uci_sms,train
Its  &lt;#&gt; k here oh. Should i send home for sale.,0,en,sms,uci,,uci_sms,train
Sorry. || mail? || ,0,en,sms,uci,,uci_sms,train
Ya just telling abt tht incident..,0,en,sms,uci,,uci_sms,train
Yes we were outside for like 2 hours. And I called my whole family to wake them up cause it started at 1 am,0,en,sms,uci,,uci_sms,test
Ugh just got outta class,0,en,sms,uci,,uci_sms,train
"Nowadays people are notixiquating the laxinorficated opportunity for bambling of entropication.... Have you ever oblisingately opted ur books for the masteriastering amplikater of fidalfication? It is very champlaxigating, i think it is atrocious.. Wotz Ur Opinion???? Junna",0,en,sms,uci,,uci_sms,train
I dont have any of your file in my bag..i was in work when you called me.i 'll tell you if i find anything in my room.,0,en,sms,uci,,uci_sms,train
No need lar. Jus testing e phone card. Dunno network not gd i thk. Me waiting 4 my sis 2 finish bathing so i can bathe. Dun disturb u liao u cleaning ur room.,0,en,sms,uci,,uci_sms,train
Ok. I.ll do you right later.,0,en,sms,uci,,uci_sms,train
Friendship poem: Dear O Dear U R Not Near But I Can Hear Dont Get Fear Live With Cheer No More Tear U R Always my Dear. Gud ni8,0,en,sms,uci,,uci_sms,train
Have your lunch and come quickly and open the door:),0,en,sms,uci,,uci_sms,train
Not heard from U4 a while. Call me now am here all night with just my knickers on. Make me beg for it like U did last time 01223585236 XX Luv Nikiyu4.net,1,en,sms,uci,,uci_sms,train
I am back. Bit long cos of accident on a30. Had to divert via wadebridge.I had a brilliant weekend thanks. Speak soon. Lots of love,0,en,sms,uci,,uci_sms,train
"K.. I yan jiu liao... Sat we can go 4 bugis vill one frm 10 to 3 den hop to parco 4 nb. Sun can go cine frm 1030 to 2, den hop to orc mrt 4 hip hop at 4...",0,en,sms,uci,,uci_sms,train
Bloomberg -Message center +447797706009 Why wait? Apply for your future http://careers. bloomberg.com,1,en,sms,uci,,uci_sms,train
i am seeking a lady in the street and a freak in the sheets. Is that you?,0,en,sms,uci,,uci_sms,test
My phone,0,en,sms,uci,,uci_sms,train
"Haha figures, well I found the piece and priscilla's bowl",0,en,sms,uci,,uci_sms,train
"Actually fuck that, just do whatever, do find an excuse to be in tampa at some point before january though",0,en,sms,uci,,uci_sms,train
URGENT! We are trying to contact U. Todays draw shows that you have won a £800 prize GUARANTEED. Call 09050001808 from land line. Claim M95. Valid12hrs only,1,en,sms,uci,,uci_sms,train
yay! finally lol. i missed our cinema trip last week :-(,0,en,sms,uci,,uci_sms,test
All day working day:)except saturday and sunday..,0,en,sms,uci,,uci_sms,train
aathi..where are you dear..,0,en,sms,uci,,uci_sms,test
Heart is empty without love.. Mind is empty without wisdom.. Eyes r empty without dreams &amp; Life is empty without frnds.. So Alwys Be In Touch. Good night &amp; sweet dreams,0,en,sms,uci,,uci_sms,train
"I think I‘m waiting for the same bus! Inform me when you get there, if you ever get there.",0,en,sms,uci,,uci_sms,train
You getting back any time soon?,0,en,sms,uci,,uci_sms,train
", how's things? Just a quick question.",0,en,sms,uci,,uci_sms,train
"Night has ended for another day, morning has come in a special way. May you smile like the sunny rays and leaves your worries at the blue blue bay. Gud mrng",0,en,sms,uci,,uci_sms,train
"I can probably come by, everybody's done around  &lt;#&gt;  right?",0,en,sms,uci,,uci_sms,train
I got it before the new year cos yetunde said she wanted to surprise you with it but when i didnt see money i returned it mid january before the  &lt;#&gt; day return period ended.,0,en,sms,uci,,uci_sms,train
I can ask around but there's not a lot in terms of mids up here,0,en,sms,uci,,uci_sms,test
Be sure to check your yahoo email. We sent photos yesterday,0,en,sms,uci,,uci_sms,train
What was she looking for?,0,en,sms,uci,,uci_sms,train
Wherre's my boytoy ? :-(,0,en,sms,uci,,uci_sms,test
Do you want a NEW video phone750 anytime any network mins 150 text for only five pounds per week call 08000776320 now or reply for delivery tomorrow,1,en,sms,uci,,uci_sms,train
"Hello, my love! How goes that day ? I wish your well and fine babe and hope that you find some job prospects. I miss you, boytoy ... *a teasing kiss*",0,en,sms,uci,,uci_sms,test
Tell my  bad character which u Dnt lik in me. I'll try to change in  &lt;#&gt; . I ll add tat 2 my new year resolution. Waiting for ur reply.Be frank...good morning.,0,en,sms,uci,,uci_sms,train
No:-)i got rumour that you going to buy apartment in chennai:-),0,en,sms,uci,,uci_sms,train
"Yeah, probably earlier than that",0,en,sms,uci,,uci_sms,train
Change windows logoff sound..,0,en,sms,uci,,uci_sms,test
Still i have not checked it da. . .,0,en,sms,uci,,uci_sms,train
I'm also came to room.,0,en,sms,uci,,uci_sms,test
Huh but i got lesson at 4 lei n i was thinkin of going to sch earlier n i tot of parkin at kent vale...  ,0,en,sms,uci,,uci_sms,train
Ok.,0,en,sms,uci,,uci_sms,train
I will reach office around  &lt;DECIMAL&gt; . &amp; my mobile have problem. You cann't get my voice. So call you asa i'll free,0,en,sms,uci,,uci_sms,train
"Cool, text me when you head out",0,en,sms,uci,,uci_sms,test
"You are being contacted by our dating service by someone you know! To find out who it is, call from a land line 09050000878. PoBox45W2TG150P",1,en,sms,uci,,uci_sms,train
"Wan2 win a Meet+Greet with Westlife 4 U or a m8? They are currently on what tour? 1)Unbreakable, 2)Untamed, 3)Unkempt. Text 1,2 or 3 to 83049. Cost 50p +std text",1,en,sms,uci,,uci_sms,test
Happy birthday... May u find ur prince charming soon n dun work too hard...,0,en,sms,uci,,uci_sms,train
"Oh, the grand is having a bit of a party but it doesn't mention any cover charge so it's probably first come first served",0,en,sms,uci,,uci_sms,train
You said to me before i went back to bed that you can't sleep for anything.,0,en,sms,uci,,uci_sms,train
I hope you arnt pissed off but id would really like to see you tomorrow. Love me xxxxxxxxxxxxxX,0,en,sms,uci,,uci_sms,train
Dorothy@kiefer.com (Bank of Granite issues Strong-Buy) EXPLOSIVE PICK FOR OUR MEMBERS *****UP OVER 300% *********** Nasdaq Symbol CDGT That is a $5.00 per..,1,en,sms,uci,,uci_sms,train
says the  &lt;#&gt;  year old with a man and money. I'm down to my last  &lt;#&gt; . Still waiting for that check.,0,en,sms,uci,,uci_sms,train
I will come to ur home now,0,en,sms,uci,,uci_sms,train
Free any day but i finish at 6 on mon n thurs...,0,en,sms,uci,,uci_sms,train
Will you be here for food,0,en,sms,uci,,uci_sms,test
"life alle mone,eppolum oru pole allalo",0,en,sms,uci,,uci_sms,train
Nite...,0,en,sms,uci,,uci_sms,test
"Two fundamentals of cool life: ""Walk, like you are the KING""...! OR ""Walk like you Dont care,whoever is the KING""!... Gud nyt",0,en,sms,uci,,uci_sms,test
"Camera quite good, 10.1mega pixels, 3optical and 5digital dooms. Have a lovely holiday, be safe and i hope you hav a good journey! Happy new year to you both! See you in a couple of weeks! ",0,en,sms,uci,,uci_sms,train
Hi Petey!noim ok just wanted 2 chat coz avent spoken 2 u 4 a long time-hope ur doin alrite.have good nit at js love ya am.x,0,en,sms,uci,,uci_sms,train
I just saw ron burgundy captaining a party boat so yeah,0,en,sms,uci,,uci_sms,train
I'm serious. You are in the money base,0,en,sms,uci,,uci_sms,train
Already one guy loving you:-.,0,en,sms,uci,,uci_sms,test
Staff of placement training in Amrita college.,0,en,sms,uci,,uci_sms,train
I always chat with you. In fact i need money can you raise me?,0,en,sms,uci,,uci_sms,train
I'm job profile seems like bpo..,0,en,sms,uci,,uci_sms,train
"Well, I was about to give up cos they all said no they didn‘t do one nighters. I persevered and found one but it is very cheap so i apologise in advance. It is just somewhere to sleep isnt it?",0,en,sms,uci,,uci_sms,train
"So you think i should actually talk to him? Not call his boss in the morning? I went to this place last year and he told me where i could go and get my car fixed cheaper. He kept telling me today how much he hoped i would come back in, how he always regretted not getting my number, etc.",0,en,sms,uci,,uci_sms,train
Are you willing to go for apps class.,0,en,sms,uci,,uci_sms,train
Hanging out with my brother and his family,0,en,sms,uci,,uci_sms,train
No it will reach by 9 only. She telling she will be there. I dont know,0,en,sms,uci,,uci_sms,train
Hey... are you going to quit soon? Xuhui and i working till end of the month ,0,en,sms,uci,,uci_sms,train
"Im sorry bout last nite it wasnt ur fault it was me, spouse it was pmt or sumthin! U 4give me? I think u shldxxxx",0,en,sms,uci,,uci_sms,train
Try neva mate!!,0,en,sms,uci,,uci_sms,train
Yeah that'd pretty much be the best case scenario,0,en,sms,uci,,uci_sms,test
I not free today i haf 2 pick my parents up tonite...,0,en,sms,uci,,uci_sms,train
"""HEY BABE! FAR 2 SPUN-OUT 2 SPK AT DA MO... DEAD 2 DA WRLD. BEEN SLEEPING ON DA SOFA ALL DAY, HAD A COOL NYTHO, TX 4 FONIN HON, CALL 2MWEN IM BK FRMCLOUD 9! J X""",0,en,sms,uci,,uci_sms,train
Should i send you naughty pix? :),0,en,sms,uci,,uci_sms,train
"You are a £1000 winner or Guaranteed Caller Prize, this is our Final attempt to contact you! To Claim Call 09071517866 Now! 150ppmPOBox10183BhamB64XE",1,en,sms,uci,,uci_sms,train
"Xmas & New Years Eve tickets are now on sale from the club, during the day from 10am till 8pm, and on Thurs, Fri & Sat night this week. They're selling fast!",1,en,sms,uci,,uci_sms,train
"Tyler (getting an 8th) has to leave not long after 9, can you get here in like an hour?",0,en,sms,uci,,uci_sms,train
Prepare to be pounded every night...,0,en,sms,uci,,uci_sms,train
"Actually, my mobile is full of msg. And i m doing a work online, where i need to send them  &lt;#&gt;  sent msg i wil explain u later.",0,en,sms,uci,,uci_sms,test
"Sorry, I'll call later",0,en,sms,uci,,uci_sms,train
Good evening! How are you?,0,en,sms,uci,,uci_sms,train
I'm at home. Please call,0,en,sms,uci,,uci_sms,train
Oic cos me n my sis got no lunch today my dad went out... So dunno whether 2 eat in sch or wat...,0,en,sms,uci,,uci_sms,train
"Mmmmm ... It was sooooo good to wake to your words this morning, my Love!! Mmmm fuck ... I love you too, my Lion ... *devouring kiss from across the sea*",0,en,sms,uci,,uci_sms,test
We are pleased to inform that your application for Airtel Broadband is processed successfully. Your installation will happen within 3 days.,0,en,sms,uci,,uci_sms,train
What happen dear. Why you silent. I am tensed,0,en,sms,uci,,uci_sms,test
"I'll get there at 3, unless you guys want me to come some time sooner",0,en,sms,uci,,uci_sms,train
If you are not coughing then its nothing,0,en,sms,uci,,uci_sms,train
Ü come lt 25 n pass to me lar,0,en,sms,uci,,uci_sms,train
I'm e person who's doing e sms survey...,0,en,sms,uci,,uci_sms,train
Lol ok ill try to send. Be warned Sprint is dead slow. You'll prolly get it tomorrow,0,en,sms,uci,,uci_sms,test
Thank You meet you monday,0,en,sms,uci,,uci_sms,test
SO IS TH GOWER MATE WHICH IS WHERE I AM!?! HOW R U MAN? ALL IS GOOD IN WALES ILL B BACK MORROW. C U THIS WK? WHO WAS THE MSG 4?  RANDOM!,0,en,sms,uci,,uci_sms,train
"Rock yr chik. Get 100's of filthy films &XXX pics on yr phone now. rply FILTH to 69669. Saristar Ltd, E14 9YT 08701752560. 450p per 5 days. Stop2 cancel",1,en,sms,uci,,uci_sms,test
"Single line with a big meaning::::: ""Miss anything 4 ur ""Best Life"" but, don't miss ur best life for anything... Gud nyt...",0,en,sms,uci,,uci_sms,test
"I got like $ &lt;#&gt; , I can get some more later though. Get whatever you feel like",0,en,sms,uci,,uci_sms,train
"Dad wanted to talk about the apartment so I got a late start, omw now",0,en,sms,uci,,uci_sms,train
I love you both too :-),0,en,sms,uci,,uci_sms,test
Lol u still feeling sick?,0,en,sms,uci,,uci_sms,train
Din i tell u jus now 420,0,en,sms,uci,,uci_sms,test
am up to my eyes in philosophy,0,en,sms,uci,,uci_sms,train
From next month get upto 50% More Calls 4 Ur standard network charge 2 activate Call 9061100010 C Wire3.net 1st4Terms PoBox84 M26 3UZ Cost £1.50 min MobcudB more,1,en,sms,uci,,uci_sms,train
Ok lor. I'm in town now lei.,0,en,sms,uci,,uci_sms,train
I had it already..sabarish asked me to go..,0,en,sms,uci,,uci_sms,train
No da. . Vijay going to talk in jaya tv,0,en,sms,uci,,uci_sms,train
URGENT! We are trying to contact U Todays draw shows that you have won a £800 prize GUARANTEED. Call 09050000460 from land line. Claim J89. po box245c2150pm,1,en,sms,uci,,uci_sms,train
Lol I know! Hey someone did a great inpersonation of flea on the forums. I love it!,0,en,sms,uci,,uci_sms,train
Text BANNEDUK to 89555 to see! cost 150p textoperator g696ga 18+ XXX,1,en,sms,uci,,uci_sms,train
Still chance there. If you search hard you will get it..let have a try :),0,en,sms,uci,,uci_sms,train
"Auction round 4. The highest bid is now £54. Next maximum bid is £71. To bid, send BIDS e. g. 10 (to bid £10) to 83383. Good luck.",1,en,sms,uci,,uci_sms,test
Do you always celebrate NY's with your family ?,0,en,sms,uci,,uci_sms,train
"We know TAJ MAHAL as symbol of love. But the other lesser known facts 1. Mumtaz was Shahjahan's 4th wife, out of his 7 wifes. 2. Shahjahan killed Mumtaz's husband to marry her. 3. Mumtaz died in her  &lt;#&gt; th delivery. 4. He then married Mumtaz's sister. Question arises where the Hell is the LOVE?:-| -The Great Hari-",0,en,sms,uci,,uci_sms,train
Its ok..come to my home it vl nice to meet and v can chat..,0,en,sms,uci,,uci_sms,test
Collect your VALENTINE'S weekend to PARIS inc Flight & Hotel + £200 Prize guaranteed! Text: PARIS to No: 69101. www.rtf.sphosting.com,1,en,sms,uci,,uci_sms,train
Sent me de webadres for geting salary slip,0,en,sms,uci,,uci_sms,train
She's fine. Sends her greetings,0,en,sms,uci,,uci_sms,train
Customer Loyalty Offer:The NEW Nokia6650 Mobile from ONLY £10 at TXTAUCTION! Txt word: START to No: 81151 & get yours Now! 4T&Ctxt TC 150p/MTmsg,1,en,sms,uci,,uci_sms,train
But you dint in touch with me.,0,en,sms,uci,,uci_sms,train
"Yup, leaving right now, be back soon",0,en,sms,uci,,uci_sms,test
You won't believe it but it's true. It's Incredible Txts! Reply G now to learn truly amazing things that will blow your mind. From O2FWD only 18p/txt,1,en,sms,uci,,uci_sms,train
Yeah sure I'll leave in a min,0,en,sms,uci,,uci_sms,test
And do you have any one that can teach me how to ship cars.,0,en,sms,uci,,uci_sms,train
"The sign of maturity is not when we start saying big things.. But actually it is, when we start understanding small things... *HAVE A NICE EVENING* BSLVYL",0,en,sms,uci,,uci_sms,test
Yeah confirmed for you staying at  that weekend,0,en,sms,uci,,uci_sms,train
They said ü dun haf passport or smth like dat.. Or ü juz send to my email account..  ,0,en,sms,uci,,uci_sms,test
"Multiply the numbers independently and count decimal points then, for the division, push the decimal places like i showed you.",0,en,sms,uci,,uci_sms,train
"Have a lovely night and when you wake up to see this message, i hope you smile knowing all is as should be. Have a great morning",0,en,sms,uci,,uci_sms,train
Ard 4 lor...,0,en,sms,uci,,uci_sms,train
You are right. Meanwhile how's project twins comin up,0,en,sms,uci,,uci_sms,train
I sent your maga that money yesterday oh.,0,en,sms,uci,,uci_sms,train
Hi 07734396839 IBH Customer Loyalty Offer: The NEW NOKIA6600 Mobile from ONLY £10 at TXTAUCTION!Txt word:START to No:81151 & get Yours Now!4T&,1,en,sms,uci,,uci_sms,train
Heart is empty without love.. Mind is empty without wisdom.. Eyes r empty without dreams &amp; Life is empty without frnds.. So Alwys Be In Touch. Good night &amp; sweet dreams,0,en,sms,uci,,uci_sms,test
I am hot n horny and willing I live local to you - text a reply to hear strt back from me 150p per msg Netcollex LtdHelpDesk: 02085076972 reply Stop to end,1,en,sms,uci,,uci_sms,train
Our ride equally uneventful - not too many of those pesky cyclists around at that time of night ;).,0,en,sms,uci,,uci_sms,train
If you were/are free i can give. Otherwise nalla adi entey nattil kittum,0,en,sms,uci,,uci_sms,train
I've sent my wife your text. After we buy them she'll tell you what to do. So just relax. We should go get them this wkend.,0,en,sms,uci,,uci_sms,test
I am in escape theatre now. . Going to watch KAVALAN in a few minutes,0,en,sms,uci,,uci_sms,train
How much would it cost to hire a hitman,0,en,sms,uci,,uci_sms,train
I anything lor...,0,en,sms,uci,,uci_sms,train
"Sorry, I'll call later",0,en,sms,uci,,uci_sms,test
Do you want a New Nokia 3510i Colour Phone Delivered Tomorrow? With 200 FREE minutes to any mobile + 100 FREE text + FREE camcorder Reply or Call 08000930705,1,en,sms,uci,,uci_sms,test
Huh but i cant go 2 ur house empty handed right?,0,en,sms,uci,,uci_sms,train
Good morning princess! Happy New Year!,0,en,sms,uci,,uci_sms,train
Congratulations YOU'VE Won. You're a Winner in our August £1000 Prize Draw. Call 09066660100 NOW. Prize Code 2309.,1,en,sms,uci,,uci_sms,test
"Aight, we'll head out in a few",0,en,sms,uci,,uci_sms,train
Then wat r u doing now? Busy wif work?,0,en,sms,uci,,uci_sms,train
I know you mood off today,0,en,sms,uci,,uci_sms,train
"Jay told me already, will do",0,en,sms,uci,,uci_sms,train
Cps is causing the outages to conserve energy.,0,en,sms,uci,,uci_sms,train
"I'm not sure, I was just checking out what was happening around the area",0,en,sms,uci,,uci_sms,train
Hey morning what you come to ask:-) pa...,0,en,sms,uci,,uci_sms,train
Jordan got voted out last nite!,0,en,sms,uci,,uci_sms,train
"That means you got an A in epi, she.s fine. She.s here now.",0,en,sms,uci,,uci_sms,train
I have no idea where you are,0,en,sms,uci,,uci_sms,train
Pls come quick cant bare this.,0,en,sms,uci,,uci_sms,test
Joy's father is John. Then John is the ____ of Joy's father. If u ans ths you hav  &lt;#&gt;  IQ. Tis s IAS question try to answer.,0,en,sms,uci,,uci_sms,test
"Call me. I m unable to cal. Lets meet bhaskar, and deep",0,en,sms,uci,,uci_sms,train
No. I.ll meet you in the library,0,en,sms,uci,,uci_sms,train
"K, my roommate also wants a dubsack and another friend may also want some so plan on bringing extra, I'll tell you when they know for sure",0,en,sms,uci,,uci_sms,train
Depends on individual lor e hair dresser say pretty but my parents say look gong. U kaypoh.. I also dunno wat she collecting.,0,en,sms,uci,,uci_sms,train
Ok c ü then.,0,en,sms,uci,,uci_sms,train
I enjoy watching and playing football and basketball. Anything outdoors. And you?,0,en,sms,uci,,uci_sms,test
"Can you please ask macho what his price range is, does he want something new or used plus it he only interfued in the blackberry bold  &lt;#&gt;  or any bb",0,en,sms,uci,,uci_sms,train
Sorry sent blank msg again. Yup but trying 2 do some serious studying now.,0,en,sms,uci,,uci_sms,train
Hey check it da. I have listed da.,0,en,sms,uci,,uci_sms,train
8007 25p 4 Alfie Moon's Children in Need song on ur mob. Tell ur m8s. Txt TONE CHARITY to 8007 for nokias or POLY CHARITY for polys :zed 08701417012 profit 2 charity ,1,en,sms,uci,,uci_sms,train
I meant as an apology from me for texting you to get me drugs at  &lt;#&gt; at night,0,en,sms,uci,,uci_sms,train
That means from february to april i'll be getting a place to stay down there so i don't have to hustle back and forth during audition season as i have since my sister moved away from harlem.,0,en,sms,uci,,uci_sms,train
Goin to workout lor... Muz lose e fats... ,0,en,sms,uci,,uci_sms,train
"Damn, poor zac doesn't stand a chance",0,en,sms,uci,,uci_sms,train
No message..no responce..what happend?,0,en,sms,uci,,uci_sms,train
I want to tel u one thing u should not mistake me k THIS IS THE MESSAGE THAT YOU SENT:),0,en,sms,uci,,uci_sms,train
Yeah right! I'll bring my tape measure fri!,0,en,sms,uci,,uci_sms,train
Still chance there. If you search hard you will get it..let have a try :),0,en,sms,uci,,uci_sms,train
Meeting u is my work. . . Tel me when shall i do my work tomorrow,0,en,sms,uci,,uci_sms,train
Should I head straight there or what,0,en,sms,uci,,uci_sms,train
Get the official ENGLAND poly ringtone or colour flag on yer mobile for tonights game! Text TONE or FLAG to 84199. Optout txt ENG STOP Box39822 W111WX £1.50,1,en,sms,uci,,uci_sms,train
Thank you princess! You are so sexy...,0,en,sms,uci,,uci_sms,test
Oooh I got plenty of those!,0,en,sms,uci,,uci_sms,train
Hui xin is in da lib.,0,en,sms,uci,,uci_sms,train
Its a big difference.  &lt;#&gt;  versus  &lt;#&gt;  every  &lt;#&gt; hrs,0,en,sms,uci,,uci_sms,train
"It's not that you make me cry. It's just that when all our stuff happens on top of everything else, it pushes me over the edge. You don't underdtand how often i cry over my sorry, sorry life.",0,en,sms,uci,,uci_sms,test
"""ME 2 BABE I FEEL THE SAME LETS JUST 4GET ABOUT IT+BOTH TRY +CHEER UP+NOT FIT SOO MUCHXXLOVE U LOCAXX""",0,en,sms,uci,,uci_sms,train
You know what hook up means right?,0,en,sms,uci,,uci_sms,train
"Customer service announcement. We recently tried to make a delivery to you but were unable to do so, please call 07090298926 to re-schedule. Ref:9307622",1,en,sms,uci,,uci_sms,train
Wat's da model num of ur phone?,0,en,sms,uci,,uci_sms,train
He's really into skateboarding now despite the fact that he gets thrown off of it and winds up with bandages and shit all over his arms every five minutes,0,en,sms,uci,,uci_sms,train
"You can stop further club tones by replying ""STOP MIX"" See my-tone.com/enjoy. html for terms. Club tones cost GBP4.50/week. MFL, PO Box 1146 MK45 2WT (2/3)",1,en,sms,uci,,uci_sms,train
My house here e sky quite dark liao... If raining then got excuse not 2 run already rite... Hee...,0,en,sms,uci,,uci_sms,train
"Sorry, left phone upstairs. OK, might be hectic but would be all my birds with one fell swoop. It's a date.",0,en,sms,uci,,uci_sms,train
* Thought I didn't see you.,0,en,sms,uci,,uci_sms,train
wamma get laid?want real doggin locations sent direct to your mobile? join the UKs largest dogging network. txt dogs to 69696 now!nyt. ec2a. 3lp £1.50/msg.,1,en,sms,uci,,uci_sms,train
Carlos says we can pick up from him later so yeah we're set,0,en,sms,uci,,uci_sms,train
"Hey babe, my friend had to cancel, still up for a visit ?",0,en,sms,uci,,uci_sms,train
As per your request 'Maangalyam (Alaipayuthe)' has been set as your callertune for all Callers. Press *9 to copy your friends Callertune,0,en,sms,uci,,uci_sms,train
Hmm ill have to think about it... ok you're forgiven! =D,0,en,sms,uci,,uci_sms,train
"We are hoping to get away by 7, from Langport. You still up for town tonight?",0,en,sms,uci,,uci_sms,train
Want to send me a virtual hug?... I need one,0,en,sms,uci,,uci_sms,train
"Probably not, still going over some stuff here",0,en,sms,uci,,uci_sms,test
It has issues right now. Ill fix for her by tomorrow.,0,en,sms,uci,,uci_sms,train
Why i come in between you people,0,en,sms,uci,,uci_sms,train
Senthil group company Apnt 5pm.,0,en,sms,uci,,uci_sms,train
Oh really?? Did you make it on air? What's your talent?,0,en,sms,uci,,uci_sms,test
Studying. But i.ll be free next weekend.,0,en,sms,uci,,uci_sms,train
R u here yet? I'm wearing blue shirt n black pants.,0,en,sms,uci,,uci_sms,train
Wait.i will come out.. &lt;#&gt;  min:),0,en,sms,uci,,uci_sms,train
I will reach ur home in  &lt;#&gt;  minutes,0,en,sms,uci,,uci_sms,train
Well then you have a great weekend!,0,en,sms,uci,,uci_sms,train
"What are you doing in langport? Sorry, but I'll probably be in bed by 9pm. It sucks being ill at xmas! When do you and go2sri lanka? ",0,en,sms,uci,,uci_sms,train
"Frnd s not juz a word.....not merely a relationship.....its a silent promise which says ... "" I will be with YOU "" Wherevr.. Whenevr.. Forevr... Gudnyt dear..",0,en,sms,uci,,uci_sms,train
Huh? 6 also cannot? Then only how many mistakes?,0,en,sms,uci,,uci_sms,train
Ha... U jus ate honey ar? So sweet...,0,en,sms,uci,,uci_sms,train
I'm turning off my phone. My moms telling everyone I have cancer. And my sister won't stop calling. It hurts to talk. Can't put up with it. See u when u get home. Love u,0,en,sms,uci,,uci_sms,train
"Honey ? Sweetheart ? Darling ? Sexy buns ? Sugar plum ? Loverboy ? I miss you, boytoy ... *smacks your ass* Did you go to the gym too ?",0,en,sms,uci,,uci_sms,train
Thanks for loving me so. You rock,0,en,sms,uci,,uci_sms,train
Yeah imma come over cause jay wants to do some drugs,0,en,sms,uci,,uci_sms,train
Ok thanx... Take care then...,0,en,sms,uci,,uci_sms,train
Yup. Thk of u oso boring wat.,0,en,sms,uci,,uci_sms,train
" came to look at the flat, seems ok, in his 50s? * Is away alot wiv work. Got woman coming at 6.30 too.",0,en,sms,uci,,uci_sms,train
Moji just informed me that you saved our lives. Thanks.,0,en,sms,uci,,uci_sms,test
You have won a Nokia 7250i. This is what you get when you win our FREE auction. To take part send Nokia to 86021 now. HG/Suite342/2Lands Row/W1JHL 16+,1,en,sms,uci,,uci_sms,train
Whos this am in class:-),0,en,sms,uci,,uci_sms,train
Hey r ü still online? I've finished the formatting...,0,en,sms,uci,,uci_sms,train
Great! So what attracts you to the brothas?,0,en,sms,uci,,uci_sms,train
Promotion Number: 8714714 - UR awarded a City Break and could WIN a £200 Summer Shopping spree every WK. Txt STORE to 88039 . SkilGme. TsCs087147403231Winawk!Age16 £1.50perWKsub,1,en,sms,uci,,uci_sms,test
Stupid.its not possible,0,en,sms,uci,,uci_sms,test
I cant pick the phone right now. Pls send a message,0,en,sms,uci,,uci_sms,train
LOL what happens in Vegas stays in vegas,0,en,sms,uci,,uci_sms,train
"Hello, hello, hi lou sorry it took so long 2 reply- I left mobile at friends in Lancaster, just got it bak Neway im sorry I couldnt make ur bday 2 hun!",0,en,sms,uci,,uci_sms,train
When did i use soc... I use it only at home... Ü dunno how 2 type it in word ar...,0,en,sms,uci,,uci_sms,test
Dad says hurry the hell up,0,en,sms,uci,,uci_sms,train
Wake me up at  &lt;#&gt;  am morning:),0,en,sms,uci,,uci_sms,train
"I get out of class in bsn in like  &lt;#&gt;  minutes, you know where advising is?",0,en,sms,uci,,uci_sms,test
Great! I shoot big loads so get ready!,0,en,sms,uci,,uci_sms,train
I'll meet you in the lobby,0,en,sms,uci,,uci_sms,train
You still coming tonight?,0,en,sms,uci,,uci_sms,test
What happen dear tell me,0,en,sms,uci,,uci_sms,train
"Sir, i am waiting for your call, once free please call me.",0,en,sms,uci,,uci_sms,train
No i am not having not any movies in my laptop,0,en,sms,uci,,uci_sms,train
I was about to do it when i texted. I finished a long time ago and showered and er'ything!,0,en,sms,uci,,uci_sms,train
Ok im not sure what time i finish tomorrow but i wanna spend the evening with you cos that would be vewy vewy lubly! Love me xxx,0,en,sms,uci,,uci_sms,train
"Hello, As per request from  &lt;#&gt;  Rs.5 has been transfered to you",0,en,sms,uci,,uci_sms,train
I am in tirupur.  call you da.,0,en,sms,uci,,uci_sms,train
You are a winner you have been specially selected to receive £1000 cash or a £2000 award. Speak to a live operator to claim call 087147123779am-7pm. Cost 10p,1,en,sms,uci,,uci_sms,train
S:)but he had some luck.2 catches put down:),0,en,sms,uci,,uci_sms,train
How i noe... Did ü specify da domain as nusstu... Ü still in sch...,0,en,sms,uci,,uci_sms,test
Oh...i asked for fun. Haha...take care. ü,0,en,sms,uci,,uci_sms,test
Shall i get my pouch?,0,en,sms,uci,,uci_sms,train
Hey loverboy! I love you !! I had to tell ... I look at your picture and ache to feel you between my legs ... Fuck I want you ... I need you ... I crave you .,0,en,sms,uci,,uci_sms,train
"How is my boy? No sweet words left for me this morning ... *sighs* ... How goes you day, my love ? Did you start your studying?",0,en,sms,uci,,uci_sms,train
Kent vale lor... Ü wait 4 me there ar?,0,en,sms,uci,,uci_sms,train
Ok. Very good. Its all about making that money.,0,en,sms,uci,,uci_sms,train
Reading gud habit.. Nan bari hudgi yorge pataistha ertini kano:-),0,en,sms,uci,,uci_sms,train
Aight do you still want to get money,0,en,sms,uci,,uci_sms,train
Free Top ringtone -sub to weekly ringtone-get 1st week free-send SUBPOLY to 81618-?3 per week-stop sms-08718727870,1,en,sms,uci,,uci_sms,train
Ok.ok ok..then..whats ur todays plan,0,en,sms,uci,,uci_sms,train
ARE YOU IN TOWN? THIS IS V. IMPORTANT,0,en,sms,uci,,uci_sms,train
"Sorry pa, i dont knw who ru pa?",0,en,sms,uci,,uci_sms,train
Wat u doing there?,0,en,sms,uci,,uci_sms,train
If i not meeting ü all rite then i'll go home lor. If ü dun feel like comin it's ok.,0,en,sms,uci,,uci_sms,train
"Oh, i will get paid. The most outstanding one is for a commercial i did for Hasbro...in AUGUST! They made us jump through so many hoops to get paid. Still not.",0,en,sms,uci,,uci_sms,train
"I am late,so call you tomorrow morning.take care sweet dreams....u and me...ummifying...bye.",0,en,sms,uci,,uci_sms,train
Networking technical support associate.,0,en,sms,uci,,uci_sms,train
I'm gonna rip out my uterus.,0,en,sms,uci,,uci_sms,train
Cool. Do you like swimming? I have a pool and jacuzzi at my house.,0,en,sms,uci,,uci_sms,train
"Thanks for your ringtone order, reference number X49. Your mobile will be charged 4.50. Should your tone not arrive please call customer services 09065989182. From: [colour=red]text[/colour]TXTstar",1,en,sms,uci,,uci_sms,train
"Yeah why not, is the gang all ready",0,en,sms,uci,,uci_sms,train
Blank is Blank. But wat is blank? Lol,0,en,sms,uci,,uci_sms,train
I'm in a movie... Collect car oredi...,0,en,sms,uci,,uci_sms,train
We left already we at orchard now.,0,en,sms,uci,,uci_sms,train
"Hi there, 2nights ur lucky night! Uve been invited 2 XCHAT, the Uks wildest chat! Txt CHAT to 86688 now! 150p/MsgrcvdHG/Suite342/2Lands/Row/W1J6HL LDN 18yrs",1,en,sms,uci,,uci_sms,train
Nothing spl..wat abt u and whr ru?,0,en,sms,uci,,uci_sms,train
No chikku nt yet.. Ya i'm free,0,en,sms,uci,,uci_sms,test
"Aldrine, rakhesh ex RTM here.pls call.urgent.",0,en,sms,uci,,uci_sms,test
The search 4 happiness is 1 of d main sources of unhappiness! Accept life the way it comes! U will find happiness in every moment u live.,0,en,sms,uci,,uci_sms,train
I'm at home. Please call,0,en,sms,uci,,uci_sms,train
"I guess you could be as good an excuse as any, lol.",0,en,sms,uci,,uci_sms,train
"Isn't frnd a necesity in life? imagine urself witout a frnd.. hw'd u feel at ur colleg? wat'll u do wth ur cell? wat abt functions? thnk abt events espe'll cared, missed &amp; irritated u? 4wrd it to all those dear-loving frnds wthout whom u cant live.. I jst did it.. Takecare..:) GOODMORNING",0,en,sms,uci,,uci_sms,train
Gud mrng dear hav a nice day,0,en,sms,uci,,uci_sms,train
Old Orchard near univ. How about you?,0,en,sms,uci,,uci_sms,test
"4 tacos + 1 rajas burrito, right?",0,en,sms,uci,,uci_sms,train
"It‘s £6 to get in, is that ok?",0,en,sms,uci,,uci_sms,train
Hows the street where the end of library walk is?,0,en,sms,uci,,uci_sms,train
"Plz note: if anyone calling from a mobile Co. &amp; asks u to type # &lt;#&gt;  or # &lt;#&gt; . Do not do so. Disconnect the call,coz it iz an attempt of 'terrorist' to make use of the sim card no. Itz confirmd by nokia n motorola n has been verified by CNN IBN.",0,en,sms,uci,,uci_sms,train
We stopped to get ice cream and will go back after,0,en,sms,uci,,uci_sms,train
Did you stitch his trouser,0,en,sms,uci,,uci_sms,train
No da. . Vijay going to talk in jaya tv,0,en,sms,uci,,uci_sms,train
2/2 146tf150p,1,en,sms,uci,,uci_sms,train
Hey i'm bored... So i'm thinking of u... So wat r u doing?,0,en,sms,uci,,uci_sms,train
"Nah, Wednesday. When should I bring the mini cheetos bag over?",0,en,sms,uci,,uci_sms,train
Nobody names their penis a girls name this story doesn't add up at all,0,en,sms,uci,,uci_sms,train
"Aight, let me know when you're gonna be around usf",0,en,sms,uci,,uci_sms,train
I'm not. She lip synced with shangela.,0,en,sms,uci,,uci_sms,train
Ü neva tell me how i noe... I'm not at home in da aft wat... ,0,en,sms,uci,,uci_sms,test
"A bit of Ur smile is my hppnss, a drop of Ur tear is my sorrow, a part of Ur heart is my life, a heart like mine wil care for U, forevr as my GOODFRIEND",0,en,sms,uci,,uci_sms,train
Dear Voucher Holder 2 claim your 1st class airport lounge passes when using Your holiday voucher call 08704439680. When booking quote 1st class x 2,1,en,sms,uci,,uci_sms,train
"Buzz! Hey, my Love ! I think of you and hope your day goes well. Did you sleep in ? I miss you babe. I long for the moment we are together again*loving smile*",0,en,sms,uci,,uci_sms,train
"Haha... Sounds crazy, dunno can tahan anot...",0,en,sms,uci,,uci_sms,train
Why are u up so early?,0,en,sms,uci,,uci_sms,train
Ya that one is slow as poo,0,en,sms,uci,,uci_sms,train
Bloomberg -Message center +447797706009 Why wait? Apply for your future http://careers. bloomberg.com,1,en,sms,uci,,uci_sms,train
"""Im on gloucesterroad what are uup to later?""",0,en,sms,uci,,uci_sms,train
Yes:)here tv is always available in work place..,0,en,sms,uci,,uci_sms,test
YES! The only place in town to meet exciting adult singles is now in the UK. Txt CHAT to 86688 now! 150p/Msg.,1,en,sms,uci,,uci_sms,test
Lol no ouch but wish i'd stayed out a bit longer,0,en,sms,uci,,uci_sms,test
"GOD ASKED, ""What is forgiveness?"" A little child gave lovely reply, ""It is d wonderful fruit that a tree gives when it is being hurt by a stone.. Good night......",0,en,sms,uci,,uci_sms,train
We'll join the  &lt;#&gt;  bus,0,en,sms,uci,,uci_sms,train
Was just about to ask. Will keep this one. Maybe that's why you didn't get all the messages we sent you on glo,0,en,sms,uci,,uci_sms,train
FREE for 1st week! No1 Nokia tone 4 ur mob every week just txt NOKIA to 8007 Get txting and tell ur mates www.getzed.co.uk POBox 36504 W45WQ norm150p/tone 16+,1,en,sms,uci,,uci_sms,train
K.i will send in  &lt;#&gt;  min:),0,en,sms,uci,,uci_sms,train
Would me smoking you out help us work through this difficult time,0,en,sms,uci,,uci_sms,test
"Someone U know has asked our dating service 2 contact you! Cant guess who? CALL 09058095107 NOW all will be revealed. POBox 7, S3XY 150p ",1,en,sms,uci,,uci_sms,train
Yes.mum lookin strong:),0,en,sms,uci,,uci_sms,train
"Sir Goodmorning, Once free call me.",0,en,sms,uci,,uci_sms,train
Where are you call me.,0,en,sms,uci,,uci_sms,train
Was gr8 to see that message. So when r u leaving? Congrats dear. What school and wat r ur plans.,0,en,sms,uci,,uci_sms,train
Love it! The girls at the office may wonder why you are smiling but sore...,0,en,sms,uci,,uci_sms,train
"Hi, wlcome back, did wonder if you got eaten by a lion or something, nothing much",0,en,sms,uci,,uci_sms,test
Does uncle timi help in clearing cars,0,en,sms,uci,,uci_sms,train
I came hostel. I m going to sleep. Plz call me up before class. Hrishi.,0,en,sms,uci,,uci_sms,train
Ok... But bag again..,0,en,sms,uci,,uci_sms,test
Hi! You just spoke to MANEESHA V. We'd like to know if you were satisfied with the experience. Reply Toll Free with Yes or No.,0,en,sms,uci,,uci_sms,train
Ok lor. Msg me b4 u call.,0,en,sms,uci,,uci_sms,train
"Mila, age23, blonde, new in UK. I look sex with UK guys. if u like fun with me. Text MTALK to 69866.18 . 30pp/txt 1st 5free. £1.50 increments. Help08718728876",1,en,sms,uci,,uci_sms,train
"Once a fishrman woke early in d mrng. It was very dark. He waited a while &amp; found a sack ful of stones. He strtd throwin thm in2 d sea 2 pass time. Atlast he had jus 1stone, sun rose up &amp; he found out tht those r nt stones, those were diamonds. Moral:""Dont wake up early in d mrng'' GOOD night",0,en,sms,uci,,uci_sms,test
"Claim a 200 shopping spree, just call 08717895698 now! Have you won! MobStoreQuiz10ppm",1,en,sms,uci,,uci_sms,train
Then ur physics get a-?,0,en,sms,uci,,uci_sms,train
"Dear friends, sorry for the late information. Today is the birthday of our loving Ar.Praveesh. for more details log on to face book and see. Its his number + &lt;#&gt; . Dont miss a delicious treat.",0,en,sms,uci,,uci_sms,train
How r ü going to send it to me?,0,en,sms,uci,,uci_sms,train
Can you do online transaction?,0,en,sms,uci,,uci_sms,train
Dear got train and seat mine lower seat,0,en,sms,uci,,uci_sms,train
Let me know if you need anything else. Salad or desert or something... How many beers shall i get?,0,en,sms,uci,,uci_sms,train
Wat r u doing?,0,en,sms,uci,,uci_sms,train
WHORE YOU ARE UNBELIEVABLE.,0,en,sms,uci,,uci_sms,train
"Want to funk up ur fone with a weekly new tone reply TONES2U 2 this text. www.ringtones.co.uk, the original n best. Tones 3GBP network operator rates apply",1,en,sms,uci,,uci_sms,train
"Are you sure you don't mean ""get here, we made you hold all the weed""",0,en,sms,uci,,uci_sms,train
"I love you !!! You know? Can you feel it? Does it make your belly warm? I wish it does, my love ... I shall meet you in your dreams, Ahmad ... *adoring kiss*",0,en,sms,uci,,uci_sms,train
"Twinks, bears, scallies, skins and jocks are calling now. Don't miss the weekend's fun. Call 08712466669 at 10p/min. 2 stop texts call 08712460324(nat rate)",1,en,sms,uci,,uci_sms,train
Love it! I want to flood that pretty pussy with cum...,0,en,sms,uci,,uci_sms,train
Hey are you angry with me. Reply me dr.,0,en,sms,uci,,uci_sms,train
"Short But Cute: ""Be a good person, but dont try to prove it.."" .Gud noon....",0,en,sms,uci,,uci_sms,train
Also remember the beads don't come off. Ever.,0,en,sms,uci,,uci_sms,train
They have a thread on the wishlist section of the forums where ppl post nitro requests. Start from the last page and collect from the bottom up.,0,en,sms,uci,,uci_sms,test
For The First Time In The History 'Need' 'Comfort' And 'Luxury' Are Sold At Same Price In India..!! Onion-Rs. &lt;#&gt;  Petrol-Rs. &lt;#&gt;  Beer-Rs. &lt;#&gt;  SHESIL  &lt;#&gt;,0,en,sms,uci,,uci_sms,train
"Feb  &lt;#&gt;  is ""I LOVE U"" day. Send dis to all ur ""VALUED FRNDS"" evn me. If 3 comes back u'll gt married d person u luv! If u ignore dis u will lose ur luv 4 Evr",0,en,sms,uci,,uci_sms,train
"Actually nvm, got hella cash, we still on for  &lt;#&gt; ish?",0,en,sms,uci,,uci_sms,train
We tried to contact you re your reply to our offer of a Video Handset? 750 anytime any networks mins? UNLIMITED TEXT? Camcorder? Reply or call 08000930705 NOW,1,en,sms,uci,,uci_sms,train
"It's ok, at least armand's still around",0,en,sms,uci,,uci_sms,train
No da. I am happy that we sit together na,0,en,sms,uci,,uci_sms,train
Yup song bro. No creative. Neva test quality. He said check review online.,0,en,sms,uci,,uci_sms,train
"No dude, its not fake..my frnds got money, thts y i'm reffering u..if u member wit my mail link, u vl be credited  &lt;#&gt; rs and il be getiing  &lt;#&gt; rs..i can draw my acc wen it is  &lt;#&gt; rs..",0,en,sms,uci,,uci_sms,train
Dude while were makin those weirdy brownies my sister made awesome cookies. I took pics.,0,en,sms,uci,,uci_sms,test
URGENT! We are trying to contact you. Last weekends draw shows that you have won a £900 prize GUARANTEED. Call 09061701851. Claim code K61. Valid 12hours only,1,en,sms,uci,,uci_sms,train
Pls dont restrict her from eating anythin she likes for the next two days.,0,en,sms,uci,,uci_sms,train
Mm you ask him to come its enough :-),0,en,sms,uci,,uci_sms,train
At the funeral home with Audrey and dad,0,en,sms,uci,,uci_sms,test
"Aight, can you text me the address?",0,en,sms,uci,,uci_sms,train
Excellent! Wish we were together right now!,0,en,sms,uci,,uci_sms,train
Yep then is fine 7.30 or 8.30 for ice age.,0,en,sms,uci,,uci_sms,train
Pls i wont belive god.not only jesus.,0,en,sms,uci,,uci_sms,test
Can. Dunno wat to get 4 her...,0,en,sms,uci,,uci_sms,train
"Not yet chikku..k, then wat abt tht guy did he stopped irritating or msging to u..",0,en,sms,uci,,uci_sms,train
How long does it take to get it.,0,en,sms,uci,,uci_sms,train
This is my number by vivek..,0,en,sms,uci,,uci_sms,test
74355 XMAS iscoming & ur awarded either £500 CD gift vouchers & free entry 2 r £100 weekly draw txt MUSIC to 87066 TnC,1,en,sms,uci,,uci_sms,train
"sorry brah, just finished the last of my exams, what up",0,en,sms,uci,,uci_sms,train
"I got arrested for possession at, I shit you not,  &lt;TIME&gt;  pm",0,en,sms,uci,,uci_sms,train
You are right though. I can't give you the space you want and need. This is really starting to become an issue. I was going to suggest setting a definite move out--if i'm still there-- after greece. But maybe you are ready and should do it now.,0,en,sms,uci,,uci_sms,train
Just normal only here :),0,en,sms,uci,,uci_sms,train
"Please protect yourself from e-threats. SIB never asks for sensitive information like Passwords,ATM/SMS PIN thru email. Never share your password with anybody.",0,en,sms,uci,,uci_sms,train
I miss you so much I'm so desparate I have recorded the message you left for me the other day and listen to it just to hear the sound of your voice. I love you,0,en,sms,uci,,uci_sms,test
Hi. I'm always online on yahoo and would like to chat with you someday,0,en,sms,uci,,uci_sms,train
"Goodmorning,my grandfather expired..so am on leave today.",0,en,sms,uci,,uci_sms,test
Congratulations U can claim 2 VIP row A Tickets 2 C Blu in concert in November or Blu gift guaranteed Call 09061104276 to claim TS&Cs www.smsco.net cost£3.75max ,1,en,sms,uci,,uci_sms,train
Where are you ? What are you doing ? Are yuou working on getting the pc to your mom's ? Did you find a spot that it would work ? I need you,0,en,sms,uci,,uci_sms,train
"Sure, I'll see if I can come by in a bit",0,en,sms,uci,,uci_sms,train
I agree. So i can stop thinkin about ipad. Can you please ask macho the same question.,0,en,sms,uci,,uci_sms,train
Let's pool our money together and buy a bunch of lotto tickets. If we win I get &lt;#&gt; % u get &lt;#&gt; %. Deal?,0,en,sms,uci,,uci_sms,train
Ok.,0,en,sms,uci,,uci_sms,test
I had askd u a question some hours before. Its answer,0,en,sms,uci,,uci_sms,train
Watching tv lor. Nice one then i like lor.,0,en,sms,uci,,uci_sms,train
I'm thinking that chennai forgot to come for auction..,0,en,sms,uci,,uci_sms,test
Then ü come n pick me at 530 ar?,0,en,sms,uci,,uci_sms,train
Early bird! Any purchases yet?,0,en,sms,uci,,uci_sms,train
Went to pay rent. So i had to go to the bank to authorise the payment.,0,en,sms,uci,,uci_sms,train
"Erm … ill pick you up at about 6.45pm. That'll give enough time to get there, park and that.",0,en,sms,uci,,uci_sms,test
HEY MATE! HOWS U HONEY?DID U AVE GOOD HOLIDAY? GIMMI DE GOSS!x,0,en,sms,uci,,uci_sms,train
Howz pain.it will come down today.do as i said ystrday.ice and medicine.,0,en,sms,uci,,uci_sms,test
"chile, please! It's only a  &lt;DECIMAL&gt;  hour drive for me. I come down all the time and will be subletting feb-april for audition season.",0,en,sms,uci,,uci_sms,train
Yes ammae....life takes lot of turns you can only sit and try to hold the steering...,0,en,sms,uci,,uci_sms,test
"Yeah that's what I thought, lemme know if anything's goin on later",0,en,sms,uci,,uci_sms,test
Mmmm.... I cant wait to lick it!,0,en,sms,uci,,uci_sms,test
Pls go there today  &lt;#&gt; . I dont want any excuses,0,en,sms,uci,,uci_sms,test
"Fantasy Football is back on your TV. Go to Sky Gamestar on Sky Active and play £250k Dream Team. Scoring starts on Saturday, so register now!SKY OPT OUT to 88088",1,en,sms,uci,,uci_sms,train
Can you plz tell me the ans. BSLVYL sent via fullonsms.com,0,en,sms,uci,,uci_sms,test
U in town alone?,0,en,sms,uci,,uci_sms,test
I to am looking forward to all the sex cuddling.. Only two more sleeps ,0,en,sms,uci,,uci_sms,train
We have all rounder:)so not required:),0,en,sms,uci,,uci_sms,train
"No, its true..k,Do u knw dis no. &lt;#&gt; ?",0,en,sms,uci,,uci_sms,train
"Dont worry, 1 day very big lambu ji vl come..til then enjoy batchlor party:-)",0,en,sms,uci,,uci_sms,train
oh ya... Got hip hop open. Haha i was thinking can go for jazz then zoom to cine... Actually tonight i'm free leh... And there's a kb lesson tonight,0,en,sms,uci,,uci_sms,train
Free msg: Single? Find a partner in your area! 1000s of real people are waiting to chat now!Send CHAT to 62220Cncl send STOPCS 08717890890£1.50 per msg,1,en,sms,uci,,uci_sms,train
I'm ok. Will do my part tomorrow,0,en,sms,uci,,uci_sms,train
"No! But we found a diff farm shop to buy some cheese. On way back now, can i call in?",0,en,sms,uci,,uci_sms,train
R u still working now?,0,en,sms,uci,,uci_sms,test
"Win the newest Harry Potter and the Order of the Phoenix (Book 5) reply HARRY, answer 5 questions - chance to be the first among readers!",1,en,sms,uci,,uci_sms,train
Yep. I do like the pink furniture tho.,0,en,sms,uci,,uci_sms,train
Free Msg: Ringtone!From: http://tms. widelive.com/index. wml?id=1b6a5ecef91ff9*37819&first=true18:0430-JUL-05,1,en,sms,uci,,uci_sms,train
"Customer place, i wil cal u sir.",0,en,sms,uci,,uci_sms,train
"Oh my god! I've found your number again! I'm so glad, text me back xafter this msgs cst std ntwk chg £1.50",1,en,sms,uci,,uci_sms,train
A pure hearted person can have a wonderful smile that makes even his/her enemies to feel guilty for being an enemy.. So catch the world with your smile..:) GOODMORNING &amp; HAVE A SMILEY SUNDAY..:),0,en,sms,uci,,uci_sms,test
"THATS ALRITE GIRL, U KNOW GAIL IS NEVA WRONG!!TAKE CARE SWEET AND DONT WORRY.C U L8TR HUN!LOVE Yaxxx",0,en,sms,uci,,uci_sms,train
"Theoretically yeah, he could be able to come",0,en,sms,uci,,uci_sms,train
"Alright we're hooked up, where you guys at",0,en,sms,uci,,uci_sms,train
"not that I know of, most people up here are still out of town",0,en,sms,uci,,uci_sms,train
No let me do the math. Your not good at it.,0,en,sms,uci,,uci_sms,train
Oh ok wait 4 me there... My lect havent finish,0,en,sms,uci,,uci_sms,train
Yeah my usual guy's out of town but there're definitely people around I know,0,en,sms,uci,,uci_sms,train
I am joining today formally.Pls keep praying.will talk later.,0,en,sms,uci,,uci_sms,train
"Happy or sad , one thing about past is- ""Its no more"" GOOD MORNING :-):-).",0,en,sms,uci,,uci_sms,test
No. Did you multimedia message them or e-mail?,0,en,sms,uci,,uci_sms,train
Okie but i scared u say i fat... Then u dun wan me already...,0,en,sms,uci,,uci_sms,train
did u get that message,0,en,sms,uci,,uci_sms,train
"Sorry sir, i will call you tomorrow.  senthil.hsbc",0,en,sms,uci,,uci_sms,test
What you need. You have a person to give na.,0,en,sms,uci,,uci_sms,train
She left it very vague. She just said she would inform the person in accounting about the delayed rent and that i should discuss with the housing agency about my renting another place. But checking online now and all places around usc are  &lt;#&gt;  and up,0,en,sms,uci,,uci_sms,train
Hi juan. Im coming home on fri hey. Of course i expect a welcome party and lots of presents. Ill phone u when i get back. Loads of love nicky x x x x x x x x x,0,en,sms,uci,,uci_sms,train
Can you plz tell me the ans. BSLVYL sent via fullonsms.com,0,en,sms,uci,,uci_sms,test
"Short But Cute: ""Be a good person, but dont try to prove it.."" .Gud noon....",0,en,sms,uci,,uci_sms,train
"Gumby's has a special where a  &lt;#&gt; "" cheese pizza is $2 so I know what we're doin tonight",0,en,sms,uci,,uci_sms,train
A link to your picture has been sent. You can also use http://alto18.co.uk/wave/wave.asp?o=44345,1,en,sms,uci,,uci_sms,train
Like a personal sized or what,0,en,sms,uci,,uci_sms,train
"Same, I'm at my great aunts anniversary party in tarpon springs",0,en,sms,uci,,uci_sms,test
Cab is available.they pick up and drop at door steps.,0,en,sms,uci,,uci_sms,test
ok....take care.umma to you too...,0,en,sms,uci,,uci_sms,train
Unlimited texts. Limited minutes.,0,en,sms,uci,,uci_sms,train
"Double Mins & 1000 txts on Orange tariffs. Latest Motorola, SonyEricsson & Nokia with Bluetooth FREE! Call MobileUpd8 on 08000839402 or call2optout/HF8",1,en,sms,uci,,uci_sms,train
No problem. We will be spending a lot of quality time together...,0,en,sms,uci,,uci_sms,train
URGENT This is our 2nd attempt to contact U. Your £900 prize from YESTERDAY is still awaiting collection. To claim CALL NOW 09061702893. ACL03530150PM,1,en,sms,uci,,uci_sms,test
Have you heard from this week?,0,en,sms,uci,,uci_sms,train
Dear Dave this is your final notice to collect your 4* Tenerife Holiday or #5000 CASH award! Call 09061743806 from landline. TCs SAE Box326 CW25WX 150ppm,1,en,sms,uci,,uci_sms,train
Yes. Last  practice,0,en,sms,uci,,uci_sms,test
tells u 2 call 09066358152 to claim £5000 prize. U have 2 enter all ur mobile & personal details @ the prompts. Careful!,1,en,sms,uci,,uci_sms,train
No. Thank you. You've been wonderful,0,en,sms,uci,,uci_sms,test
Otherwise had part time job na-tuition..,0,en,sms,uci,,uci_sms,train
Ü mean it's confirmed... I tot they juz say oni... Ok then... ,0,en,sms,uci,,uci_sms,train
Okie,0,en,sms,uci,,uci_sms,train
That depends. How would you like to be treated? :),0,en,sms,uci,,uci_sms,test
"Right on brah, see you later",0,en,sms,uci,,uci_sms,train
Waiting in e car 4 my mum lor. U leh? Reach home already?,0,en,sms,uci,,uci_sms,train
Your 2004 account for 07XXXXXXXXX shows 786 unredeemed points. To claim call 08719181259 Identifier code: XXXXX Expires 26.03.05,1,en,sms,uci,,uci_sms,train
Do you want a new video handset? 750 anytime any network mins? Half Price Line Rental? Camcorder? Reply or call 08000930705 for delivery tomorrow,1,en,sms,uci,,uci_sms,train
Went fast asleep dear.take care.,0,en,sms,uci,,uci_sms,train
No that just means you have a fat head,0,en,sms,uci,,uci_sms,train
Sounds like a plan! Cardiff is still here and still cold! I'm sitting on the radiator!,0,en,sms,uci,,uci_sms,train
Serious? What like proper tongued her,0,en,sms,uci,,uci_sms,train
She.s good. She was wondering if you wont say hi but she.s smiling now. So how are you coping with the long distance,0,en,sms,uci,,uci_sms,train
How i noe... She's in da car now... Later then c lar... I'm wearing shorts...,0,en,sms,uci,,uci_sms,train
You have an important customer service announcement. Call FREEPHONE 0800 542 0825 now!,1,en,sms,uci,,uci_sms,train
Yeah whatever lol,0,en,sms,uci,,uci_sms,train
Today is ACCEPT DAY..U Accept me as? Brother Sister Lover Dear1 Best1 Clos1 Lvblefrnd Jstfrnd Cutefrnd Lifpartnr Belovd Swtheart Bstfrnd No rply means enemy,0,en,sms,uci,,uci_sms,train
Ard 530 lor. I ok then message ü lor.,0,en,sms,uci,,uci_sms,train
Ok. C u then.,0,en,sms,uci,,uci_sms,train
Eh ur laptop got no stock lei... He say mon muz come again to take a look c got a not...,0,en,sms,uci,,uci_sms,train
No need to ke qi... Ü too bored izzit y suddenly thk of this...,0,en,sms,uci,,uci_sms,train
I wish! I don't think its gonna snow that much. But it will be more than those flurries we usually get that melt before they hit the ground. Eek! We haven't had snow since &lt;#&gt; before I was even born!,0,en,sms,uci,,uci_sms,train
FREE>Ringtone! Reply REAL or POLY eg REAL1 1. PushButton 2. DontCha 3. BabyGoodbye 4. GoldDigger 5. WeBeBurnin 1st tone FREE and 6 more when u join for £3/wk,1,en,sms,uci,,uci_sms,train
"Do 1 thing! Change that sentence into: ""Because i want 2 concentrate in my educational career im leaving here..""",0,en,sms,uci,,uci_sms,test
"Oh really? perform, write a paper, go to a movie AND be home by midnight, huh?",0,en,sms,uci,,uci_sms,test
Okay lor... Will they still let us go a not ah? Coz they will not know until later. We drop our cards into the box right?,0,en,sms,uci,,uci_sms,train
How? Izzit still raining?,0,en,sms,uci,,uci_sms,train
As if i wasn't having enough trouble sleeping.,0,en,sms,uci,,uci_sms,test
I havent add ü yet right.. ,0,en,sms,uci,,uci_sms,train
Lol ... I really need to remember to eat when I'm drinking but I do appreciate you keeping me company that night babe *smiles*,0,en,sms,uci,,uci_sms,train
Babe ? I lost you ... Will you try rebooting ?,0,en,sms,uci,,uci_sms,train
Yes. Nigh you cant aha.,0,en,sms,uci,,uci_sms,train
I thk ü gotta go home by urself. Cos i'll b going out shopping 4 my frens present. ,0,en,sms,uci,,uci_sms,train
Nooooooo I'm gonna be bored to death all day. Cable and internet outage.,0,en,sms,uci,,uci_sms,train
Sos! Any amount i can get pls.,0,en,sms,uci,,uci_sms,test
"Playin space poker, u?",0,en,sms,uci,,uci_sms,train
How come guoyang go n tell her? Then u told her?,0,en,sms,uci,,uci_sms,train
You need to get up. Now.,0,en,sms,uci,,uci_sms,train
They r giving a second chance to rahul dengra.,0,en,sms,uci,,uci_sms,test
"Yeah, in fact he just asked if we needed anything like an hour ago. When and how much?",0,en,sms,uci,,uci_sms,train
WHEN THE FIRST STRIKE IS A RED ONE. THE BIRD + ANTELOPE BEGIN TOPLAY IN THE FIELDOF SELFINDEPENDENCE BELIEVE THIS + THE FLOWER OF CONTENTION WILL GROW.RANDOM!,0,en,sms,uci,,uci_sms,train
Y ü wan to go there? C doctor?,0,en,sms,uci,,uci_sms,train
Does daddy have a bb now.,0,en,sms,uci,,uci_sms,train
"Free Msg: get Gnarls Barkleys ""Crazy"" ringtone TOTALLY FREE just reply GO to this message right now!",1,en,sms,uci,,uci_sms,train
She's borderline but yeah whatever.,0,en,sms,uci,,uci_sms,train
I got a call from a landline number. . . I am asked to come to anna nagar . . . I will go in the afternoon,0,en,sms,uci,,uci_sms,train
"Until 545 lor... Ya, can go 4 dinner together...",0,en,sms,uci,,uci_sms,test
I will be gentle princess! We will make sweet gentle love...,0,en,sms,uci,,uci_sms,train
How u doin baby girl ?? hope u are okay every time I call ure phone is off! I miss u get in touch,0,en,sms,uci,,uci_sms,train
"Sorry, went to bed early, nightnight",0,en,sms,uci,,uci_sms,train
I like to think there's always the possibility of being in a pub later.,0,en,sms,uci,,uci_sms,train
HMM yeah if your not too grooved out! And im looking forward to my pound special :),0,en,sms,uci,,uci_sms,test
I got to video tape pple type in message lor. U so free wan 2 help me? Hee... Cos i noe u wan 2 watch infernal affairs so ask u along. Asking shuhui oso.,0,en,sms,uci,,uci_sms,train
Hi dude hw r u da realy mising u today,0,en,sms,uci,,uci_sms,train
Me hungry buy some food good lei... But mum n yun dun wan juz buy a little bit... ,0,en,sms,uci,,uci_sms,train
Refused a loan? Secured or Unsecured? Can't get credit? Call free now 0800 195 6669 or text back 'help' & we will!,1,en,sms,uci,,uci_sms,train
I probably won't eat at all today. I think I'm gonna pop. How was your weekend? Did u miss me?,0,en,sms,uci,,uci_sms,train
I knew it... U slept v late yest? Wake up so late...,0,en,sms,uci,,uci_sms,train
Haha... dont be angry with yourself... Take it as a practice for the real thing. =) ,0,en,sms,uci,,uci_sms,train
Where is that one day training:-),0,en,sms,uci,,uci_sms,train
So i could kiss and feel you next to me...,0,en,sms,uci,,uci_sms,train
Have a nice day my dear.,0,en,sms,uci,,uci_sms,train
I sent lanre fakeye's Eckankar details to the mail box,0,en,sms,uci,,uci_sms,train
Your dad is back in ph?,0,en,sms,uci,,uci_sms,train
"You have been specially selected to receive a ""3000 award! Call 08712402050 BEFORE the lines close. Cost 10ppm. 16+. T&Cs apply. AG Promo",1,en,sms,uci,,uci_sms,train
If you ask her or she say any please message.,0,en,sms,uci,,uci_sms,test
"If e timing can, then i go w u lor...",0,en,sms,uci,,uci_sms,train
Love you aathi..love u lot..,0,en,sms,uci,,uci_sms,train
I was just callin to say hi. Take care bruv!,0,en,sms,uci,,uci_sms,train
YOU HAVE WON! As a valued Vodafone customer our computer has picked YOU to win a £150 prize. To collect is easy. Just call 09061743386,1,en,sms,uci,,uci_sms,train
Did u turn on the heater? The heater was on and set to &lt;#&gt; degrees.,0,en,sms,uci,,uci_sms,train
Thanks for your message. I really appreciate your sacrifice. I'm not sure of the process of direct pay but will find out on my way back from the test tomorrow. I'm in class now. Do have a wonderful day.,0,en,sms,uci,,uci_sms,test
"That's the trouble with classes that go well - you're due a dodgey one … Expecting mine tomo! See you for recovery, same time, same place ",0,en,sms,uci,,uci_sms,train
Free video camera phones with Half Price line rental for 12 mths and 500 cross ntwk mins 100 txts. Call MobileUpd8 08001950382 or Call2OptOut/674&,1,en,sms,uci,,uci_sms,train
WOT U UP 2 J?,0,en,sms,uci,,uci_sms,train
"Night night, see you tomorrow",0,en,sms,uci,,uci_sms,test
Roger that. We‘re probably going to rem in about 20,0,en,sms,uci,,uci_sms,train
do u think that any girl will propose u today by seing ur bloody funky shit fucking face...............asssssholeeee................,0,en,sms,uci,,uci_sms,train
I wish u were here. I feel so alone,0,en,sms,uci,,uci_sms,train
Great NEW Offer - DOUBLE Mins & DOUBLE Txt on best Orange tariffs AND get latest camera phones 4 FREE! Call MobileUpd8 free on 08000839402 NOW! or 2stoptxt T&Cs,1,en,sms,uci,,uci_sms,train
Reason is if the team budget is available at last they buy the unsold players for at base rate..,0,en,sms,uci,,uci_sms,train
CERI U REBEL! SWEET DREAMZ ME LITTLE BUDDY!! C YA 2MORO! WHO NEEDS BLOKES,0,en,sms,uci,,uci_sms,train
ringtoneking 84484,1,en,sms,uci,,uci_sms,train
Huh i cant thk of more oredi how many pages do we have?,0,en,sms,uci,,uci_sms,train
His frens go then he in lor. Not alone wif my mum n sis lor.,0,en,sms,uci,,uci_sms,train
Nationwide auto centre (or something like that) on Newport road. I liked them there,0,en,sms,uci,,uci_sms,train
"Hey, I missed you tm of last night as my phone was on the charge ... *smiles* ... I am meeting a friend shortly",0,en,sms,uci,,uci_sms,train
"Whatever, juliana. Do whatever you want.",0,en,sms,uci,,uci_sms,train
"Friendship is not a game to play, It is not a word to say, It doesn\'t start on March and ends on May, It is tomorrow, yesterday, today and e",0,en,sms,uci,,uci_sms,train
Ringtone Club: Gr8 new polys direct to your mobile every week !,1,en,sms,uci,,uci_sms,train
"Hello. Sort of out in town already. That . So dont rush home, I am eating nachos. Will let you know eta.",0,en,sms,uci,,uci_sms,test
Ok lor. Anyway i thk we cant get tickets now cos like quite late already. U wan 2 go look 4 ur frens a not? Darren is wif them now...,0,en,sms,uci,,uci_sms,train
(Bank of Granite issues Strong-Buy) EXPLOSIVE PICK FOR OUR MEMBERS *****UP OVER 300% *********** Nasdaq Symbol CDGT That is a $5.00 per..,1,en,sms,uci,,uci_sms,test
I am on the way to ur home,0,en,sms,uci,,uci_sms,train
"Dizzamn, aight I'll ask my suitemates when I get back",0,en,sms,uci,,uci_sms,train
"Nimbomsons. Yep phone knows that one. Obviously, cos thats a real word",0,en,sms,uci,,uci_sms,train
I love to cuddle! I want to hold you in my strong arms right now...,0,en,sms,uci,,uci_sms,train
R u in this continent?,0,en,sms,uci,,uci_sms,train
We'll you pay over like  &lt;#&gt; yrs so its not too difficult,0,en,sms,uci,,uci_sms,train
Bored housewives! Chat n date now! 0871750.77.11! BT-national rate 10p/min only from landlines!,1,en,sms,uci,,uci_sms,train
We tried to call you re your reply to our sms for a video mobile 750 mins UNLIMITED TEXT free camcorder Reply or call now 08000930705 Del Thurs,1,en,sms,uci,,uci_sms,train
K...k...when will you give treat?,0,en,sms,uci,,uci_sms,train
"This is the 2nd time we have tried to contact u. U have won the £400 prize. 2 claim is easy, just call 087104711148 NOW! Only 10p per minute. BT-national-rate",1,en,sms,uci,,uci_sms,train
He's just gonna worry for nothing. And he won't give you money its no use.,0,en,sms,uci,,uci_sms,train
Did you get any gift? This year i didnt get anything. So bad,0,en,sms,uci,,uci_sms,train
somewhere out there beneath the pale moon light someone think in of u some where out there where dreams come true... goodnite &amp; sweet dreams,0,en,sms,uci,,uci_sms,train
Well there's a pattern emerging of my friends telling me to drive up and come smoke with them and then telling me that I'm a weed fiend/make them smoke too much/impede their doing other things so you see how I'm hesitant,0,en,sms,uci,,uci_sms,train
", ow u dey.i paid 60,400thousad.i told  u would call . ",0,en,sms,uci,,uci_sms,train
IM FINE BABES AINT BEEN UP 2 MUCH THO! SAW SCARY MOVIE YEST ITS QUITE FUNNY! WANT 2MRW AFTERNOON? AT TOWN OR MALL OR SUMTHIN?xx,0,en,sms,uci,,uci_sms,train
I'm reaching home in 5 min.,0,en,sms,uci,,uci_sms,train
"Forgot you were working today! Wanna chat, but things are ok so drop me a text when you're free / bored etc and i'll ring. Hope all is well, nose essay and all xx",0,en,sms,uci,,uci_sms,train
Ha... Then we must walk to everywhere... Cannot take tram. My cousin said can walk to vic market from our hotel ,0,en,sms,uci,,uci_sms,train
"Wan2 win a Meet+Greet with Westlife 4 U or a m8? They are currently on what tour? 1)Unbreakable, 2)Untamed, 3)Unkempt. Text 1,2 or 3 to 83049. Cost 50p +std text",1,en,sms,uci,,uci_sms,train
Please call our customer service representative on FREEPHONE 0808 145 4742 between 9am-11pm as you have WON a guaranteed £1000 cash or £5000 prize!,1,en,sms,uci,,uci_sms,train
Discussed with your mother ah?,0,en,sms,uci,,uci_sms,train
Ok.,0,en,sms,uci,,uci_sms,test
"Sorry, I can't text &amp; drive coherently, see you in twenty",0,en,sms,uci,,uci_sms,train
You will be receiving this week's Triple Echo ringtone shortly. Enjoy it!,1,en,sms,uci,,uci_sms,train
In which place i can get rooms cheap:-),0,en,sms,uci,,uci_sms,test
Eek that's a lot of time especially since American Pie is like 8 minutes long. I can't stop singing it.,0,en,sms,uci,,uci_sms,test
"""GRAN ONLYFOUND OUT AFEW DAYS AGO.CUSOON HONI""",0,en,sms,uci,,uci_sms,train
"U've been selected to stay in 1 of 250 top British hotels - FOR NOTHING! Holiday valued at £350! Dial 08712300220 to claim - National Rate Call. Bx526, SW73SS",1,en,sms,uci,,uci_sms,train
University of southern california.,0,en,sms,uci,,uci_sms,train
We have to pick rayan macleran there.,0,en,sms,uci,,uci_sms,train
U gd lor go shopping i got stuff to do. U wan 2 watch infernal affairs a not? Come lar...,0,en,sms,uci,,uci_sms,train
Well. Balls. Time to make calls,0,en,sms,uci,,uci_sms,train
Wat time ü wan today?,0,en,sms,uci,,uci_sms,train
 &lt;#&gt;  in mca. But not conform.,0,en,sms,uci,,uci_sms,train
Oh ok.. Wat's ur email?,0,en,sms,uci,,uci_sms,train
"Yes, princess. Are you going to make me moan?",0,en,sms,uci,,uci_sms,test
Lol its ok I didn't remember til last nite,0,en,sms,uci,,uci_sms,test
"[…] anyway, many good evenings to u! s",0,en,sms,uci,,uci_sms,train
"Cool, I'll text you in a few",0,en,sms,uci,,uci_sms,train
"Sorry vikky, i'm Watching olave mandara movie kano in trishul theatre wit my frnds..",0,en,sms,uci,,uci_sms,train
I'm very happy for you babe ! Woo hoo party on dude!,0,en,sms,uci,,uci_sms,test
I am taking you for italian food. How about a pretty dress with no panties? :),0,en,sms,uci,,uci_sms,train
Wot u up 2? Thout u were gonna call me!! Txt bak luv K,0,en,sms,uci,,uci_sms,train
YOU ARE CHOSEN TO RECEIVE A £350 AWARD! Pls call claim number 09066364311 to collect your award which you are selected to receive as a valued mobile customer.,1,en,sms,uci,,uci_sms,train
How are you holding up?,0,en,sms,uci,,uci_sms,train
Dont flatter yourself... Tell that man of mine two pints of carlin in ten minutes please.... ,0,en,sms,uci,,uci_sms,test
Hope you are not scared!,0,en,sms,uci,,uci_sms,test
I cant pick the phone right now. Pls send a message,0,en,sms,uci,,uci_sms,test
I'm at home n ready...,0,en,sms,uci,,uci_sms,train
Please call our customer service representative on FREEPHONE 0808 145 4742 between 9am-11pm as you have WON a guaranteed £1000 cash or £5000 prize!,1,en,sms,uci,,uci_sms,train
What time do u get out?,0,en,sms,uci,,uci_sms,train
I am literally in bed and have been up for like  &lt;#&gt;  hours,0,en,sms,uci,,uci_sms,test
"Yes, my reg is  Ciao!",0,en,sms,uci,,uci_sms,train
If You mean the website. Yes.,0,en,sms,uci,,uci_sms,train
Win a £1000 cash prize or a prize worth £5000,1,en,sms,uci,,uci_sms,test
"Thanks for your ringtone order, reference number X49.Your mobile will be charged 4.50. Should your tone not arrive please call customer services 09065989182",1,en,sms,uci,,uci_sms,train
Lol or I could just starve and lose a pound by the end of the day.,0,en,sms,uci,,uci_sms,train
Yeah that's the impression I got,0,en,sms,uci,,uci_sms,train
Ok ok take care. I can understand.,0,en,sms,uci,,uci_sms,train
"Motivate Behind every darkness, there is a shining light waiting for you to find it... Behind every best friend, there is always trust and love... BSLVYL",0,en,sms,uci,,uci_sms,train
"Ya ok, then had dinner?",0,en,sms,uci,,uci_sms,train
I was slept that time.you there?,0,en,sms,uci,,uci_sms,test
dont make ne plans for nxt wknd coz she wants us to come down then ok,0,en,sms,uci,,uci_sms,train
When is school starting. Where will you stay. What's the weather like. And the food. Do you have a social support system like friends in the school. All these things are important.,0,en,sms,uci,,uci_sms,test
"Ha ha nan yalrigu heltini..Iyo kothi chikku, u shared many things wit me..so far i didn't told any body and even uttered a word abt u.. If ur trusting me so much how can i tell these to others.. Plz nxt time dont use those words to me..ok, chikku:-);-)B-)",0,en,sms,uci,,uci_sms,train
Noice. Text me when you're here,0,en,sms,uci,,uci_sms,train
Hi di is yijue we're meeting at 7 pm at esaplanade tonight.,0,en,sms,uci,,uci_sms,train
Moby Pub Quiz.Win a £100 High Street prize if u know who the new Duchess of Cornwall will be? Txt her first name to 82277.unsub STOP £1.50 008704050406 SP,1,en,sms,uci,,uci_sms,train
"This weeks SavaMob member offers are now accessible. Just call 08709501522 for details! SavaMob, POBOX 139, LA3 2WU. Only £1.50/week. SavaMob - offers mobile!",1,en,sms,uci,,uci_sms,train
"Aight I've been set free, think you could text me blake's address? It occurs to me I'm not quite as sure what I'm doing as I thought I was",0,en,sms,uci,,uci_sms,train
Hi dear we saw dear. We both are happy. Where you my battery is low,0,en,sms,uci,,uci_sms,train
How are you. Its been ages. How's abj,0,en,sms,uci,,uci_sms,train
Prof: you have passed in all the papers in this sem congrats . . . . Student: Enna kalaachutaarama..!! Prof:???? Gud mrng!,0,en,sms,uci,,uci_sms,test
Dont kick coco when he's down,0,en,sms,uci,,uci_sms,test
Fyi I'm gonna call you sporadically starting at like  &lt;#&gt;  bc we are not not doin this shit,0,en,sms,uci,,uci_sms,train
"You are being contacted by our Dating Service by someone you know! To find out who it is, call from your mobile or landline 09064017305 PoBox75LDNS7 ",1,en,sms,uci,,uci_sms,train
TBS/PERSOLVO. been chasing us since Sept for£38 definitely not paying now thanks to your information. We will ignore them. Kath. Manchester.,1,en,sms,uci,,uci_sms,train
Hope youre not having too much fun without me!! see u tomorrow love jess x,0,en,sms,uci,,uci_sms,train
Ok i wont call or disturb any one. I know all are avoiding me. I am a burden for all,0,en,sms,uci,,uci_sms,train
I've reached home n i bathe liao... U can call me now...,0,en,sms,uci,,uci_sms,train
Loans for any purpose even if you have Bad Credit! Tenants Welcome. Call NoWorriesLoans.com on 08717111821,1,en,sms,uci,,uci_sms,train
Was the actual exam harder than NBME,0,en,sms,uci,,uci_sms,train
A lot of this sickness thing going round. Take it easy. Hope u feel better soon. Lol,0,en,sms,uci,,uci_sms,train
"God picked up a flower and dippeditinaDEW, lovingly touched itwhichturnedinto u, and the he gifted tomeandsaid,THIS FRIEND IS 4U",0,en,sms,uci,,uci_sms,train
87077: Kick off a new season with 2wks FREE goals & news to ur mobile! Txt ur club name to 87077 eg VILLA to 87077,1,en,sms,uci,,uci_sms,train
Hey sathya till now we dint meet not even a single time then how can i saw the situation sathya.,0,en,sms,uci,,uci_sms,test
Gam gone after outstanding innings.,0,en,sms,uci,,uci_sms,train
O i played smash bros  &lt;#&gt;  religiously.,0,en,sms,uci,,uci_sms,train
"Sir, good morning. Hope you had a good weekend. I called to let you know that i was able to raise  &lt;#&gt;  from my dad. He however said he would make the rest available by mid feb. This amount is still quite short and i was hoping you would help. Do have a good day. Abiola",0,en,sms,uci,,uci_sms,train
Hurry home. Soup is DONE!,0,en,sms,uci,,uci_sms,train
No no. I will check all rooms befor activities,0,en,sms,uci,,uci_sms,test
"Good afternoon, my love. It was good to see your words on YM and get your tm. Very smart move, my slave ... *smiles* ... I drink my coffee and await you.",0,en,sms,uci,,uci_sms,train
Quite ok but a bit ex... U better go eat smth now else i'll feel guilty...,0,en,sms,uci,,uci_sms,train
"Orange brings you ringtones from all time Chart Heroes, with a free hit each week! Go to Ringtones & Pics on wap. To stop receiving these tips reply STOP.",1,en,sms,uci,,uci_sms,test
Lemme know when you're here,0,en,sms,uci,,uci_sms,test
PRIVATE! Your 2003 Account Statement for 07973788240 shows 800 un-redeemed S. I. M. points. Call 08715203649 Identifier Code: 40533 Expires 31/10/04,1,en,sms,uci,,uci_sms,train
He needs to stop going to bed and make with the fucking dealing,0,en,sms,uci,,uci_sms,train
"How are you, my Love ? Are you with your brother ? Time to talk english with him ? *grins* Say : Hey Muhommad, Penny says hello from across the sea",0,en,sms,uci,,uci_sms,test
We tried to call you re your reply to our sms for a video mobile 750 mins UNLIMITED TEXT + free camcorder Reply of call 08000930705 Now,1,en,sms,uci,,uci_sms,train
"Hey doc pls I want to get nice t shirt for my hubby nice fiting ones my budget is  &lt;#&gt; k help pls I will load d card abi hw,keep me posted luv. 2 mj",0,en,sms,uci,,uci_sms,train
I remain unconvinced that this isn't an elaborate test of my willpower,0,en,sms,uci,,uci_sms,test
"""Life is nothing wen v get everything"". But ""life is everything wen v miss something "". Real value of people wil be realized only in their absence.... gud mrng",0,en,sms,uci,,uci_sms,train
how are you? I miss you!,0,en,sms,uci,,uci_sms,train
I ain't answerin no phone at what is actually a pretty reasonable hour but I'm sleepy,0,en,sms,uci,,uci_sms,train
"Hey , is * rite u put »10 evey mnth is that all?",0,en,sms,uci,,uci_sms,train
i am going to bed now prin,0,en,sms,uci,,uci_sms,train
I think just yourself …Thanks and see you tomo,0,en,sms,uci,,uci_sms,train
If u dun drive then how i go 2 sch.,0,en,sms,uci,,uci_sms,train
I not at home now lei...,0,en,sms,uci,,uci_sms,train
GSOH? Good with SPAM the ladies?U could b a male gigolo? 2 join the uk's fastest growing mens club reply ONCALL. mjzgroup. 08714342399.2stop reply STOP. msg@£1.50rcvd,1,en,sms,uci,,uci_sms,train
Ok then i will come to ur home after half an hour,0,en,sms,uci,,uci_sms,train
U have a secret admirer who is looking 2 make contact with U-find out who they R*reveal who thinks UR so special-call on 09058094599,1,en,sms,uci,,uci_sms,test
Do u hav any frnd by name ashwini in ur college?,0,en,sms,uci,,uci_sms,train
Jus finish my lunch on my way home lor... I tot u dun wan 2 stay in sch today...,0,en,sms,uci,,uci_sms,train
K then 2marrow are you coming to class.,0,en,sms,uci,,uci_sms,train
"HOT LIVE FANTASIES call now 08707500020 Just 20p per min NTT Ltd, PO Box 1327 Croydon CR9 5WB 0870 is a national rate call",1,en,sms,uci,,uci_sms,train
Pls send me your address sir.,0,en,sms,uci,,uci_sms,train
I want to lick your pussy now...,0,en,sms,uci,,uci_sms,train
"Yo, you gonna still be in stock tomorrow/today? I'm trying to get a dubsack",0,en,sms,uci,,uci_sms,test
URGENT! Your Mobile number has been awarded a <UKP>2000 prize GUARANTEED. Call 09061790125 from landline. Claim 3030. Valid 12hrs only 150ppm,1,en,sms,uci,,uci_sms,test
"I'll see, but prolly yeah",0,en,sms,uci,,uci_sms,train
Thought we could go out for dinner. I'll treat you! Seem ok?,0,en,sms,uci,,uci_sms,train
Where are you ? What do you do ? How can you stand to be away from me ? Doesn't your heart ache without me ? Don't you wonder of me ? Don't you crave me ?,0,en,sms,uci,,uci_sms,train
Sorry. You never hear unless you book it. One was kinda a joke--thet were really looking for skinny white girls. The other was one line--you can only do so much on camera with that. Something like that they're casting on the look.,0,en,sms,uci,,uci_sms,test
What you doing?how are you?,0,en,sms,uci,,uci_sms,train
"Sure thing big man. i have hockey elections at 6, shouldn‘t go on longer than an hour though",0,en,sms,uci,,uci_sms,train
Watch lor. I saw a few swatch one i thk quite ok. Ard 116 but i need 2nd opinion leh...,0,en,sms,uci,,uci_sms,train
Hiya do u like the hlday pics looked horrible in them so took mo out! Hows the camp Amrca thing? Speak soon Serena:),0,en,sms,uci,,uci_sms,train
"Babe! How goes that day ? What are you up to ? I miss you already, my Love ... * loving kiss* ... I hope everything goes well.",0,en,sms,uci,,uci_sms,train
Yunny... I'm goin to be late,0,en,sms,uci,,uci_sms,test
Doc prescribed me morphine cause the other pain meds aren't enough. Waiting for my mom to bring it. That med should kick in fast so I'm gonna try to be on later,0,en,sms,uci,,uci_sms,train
"Cool, want me to go to kappa or should I meet you outside mu",0,en,sms,uci,,uci_sms,train
"Hey sexy buns ! Have I told you ? I adore you, loverboy. I hope you remember to thank your sister in law for those meatballs *grins* ... i love you, babe",0,en,sms,uci,,uci_sms,train
May b approve panalam...but it should have more posts..,0,en,sms,uci,,uci_sms,train
"SPJanuary Male Sale! Hot Gay chat now cheaper, call 08709222922. National rate from 1.5p/min cheap to 7.8p/min peak! To stop texts call 08712460324 (10p/min)",1,en,sms,uci,,uci_sms,train
"Sorry, I'll call later",0,en,sms,uci,,uci_sms,test
I dont thnk its a wrong calling between us,0,en,sms,uci,,uci_sms,train
Me i'm not workin. Once i get job...,0,en,sms,uci,,uci_sms,test
And by when you're done I mean now,0,en,sms,uci,,uci_sms,train
"""Its Ur luck to Love someone. Its Ur fortune to Love the one who Loves U. But, its a miracle to Love a person who can't Love anyone except U..."" Gud nyt...",0,en,sms,uci,,uci_sms,train
Hi baby ive just got back from work and i was wanting to see u allday! I hope i didnt piss u off on the phone today. If u are up give me a call xxx,0,en,sms,uci,,uci_sms,train
FreeMsg Today's the day if you are ready! I'm horny & live in your town. I love sex fun & games! Netcollex Ltd 08700621170150p per msg reply Stop to end,1,en,sms,uci,,uci_sms,train
Is it your yahoo boys that bring in the perf? Or legal.,0,en,sms,uci,,uci_sms,train
No need to say anything to me. I know i am an outsider,0,en,sms,uci,,uci_sms,train
have you ever had one foot before?,0,en,sms,uci,,uci_sms,train
Just got to  &lt;#&gt;,0,en,sms,uci,,uci_sms,train
"Good! No, don‘t need any receipts—well done! (…) Yes, please tell . What‘s her number, i could ring her",0,en,sms,uci,,uci_sms,train
"Ever green quote ever told by Jerry in cartoon ""A Person Who Irritates u Always Is the one Who Loves u Vry Much But Fails to Express It...!..!! :-) :-) gud nyt",0,en,sms,uci,,uci_sms,train
Leave it wif me lar... Ü wan to carry meh so heavy... Is da num 98321561 familiar to ü?,0,en,sms,uci,,uci_sms,train
Beautiful truth : Expression of the face could Be seen by everyone... But the depression of heart Could be understood only By the Loved ones.. Gud Ni8;-),0,en,sms,uci,,uci_sms,train
Infact happy new year. How are you where are you when are we seeing,0,en,sms,uci,,uci_sms,train
"In The Simpsons Movie released in July 2007 name the band that died at the start of the film? A-Green Day, B-Blue Day, C-Red Day. (Send A, B or C)",1,en,sms,uci,,uci_sms,train
That's a shame! Maybe cld meet for few hrs tomo?,0,en,sms,uci,,uci_sms,train
Lol I would but despite these cramps I like being a girl.,0,en,sms,uci,,uci_sms,train
I cant wait for cornwall. Hope tonight isnt too bad as well but its rock night shite. Anyway im going for a kip now have a good night. Speak to you soon.,0,en,sms,uci,,uci_sms,train
Pls help me tell sura that i'm expecting a battery from hont. And that if should pls send me a message about how to download movies. Thanks,0,en,sms,uci,,uci_sms,train
Please call Amanda with regard to renewing or upgrading your current T-Mobile handset free of charge. Offer ends today. Tel 0845 021 3680 subject to T's and C's,1,en,sms,uci,,uci_sms,train
"Haven't found a way to get another app for your phone, eh ? Will you go to the net cafe ? Did you take that job? Geeee I need you babe. I crave to see you ...",0,en,sms,uci,,uci_sms,train
I only work from mon to thurs but Sat i cant leh... Booked liao... Which other day u free?,0,en,sms,uci,,uci_sms,train
Ü comin to fetch us oredi...,0,en,sms,uci,,uci_sms,train
What's nannys address?,0,en,sms,uci,,uci_sms,train
"URGENT!! Your 4* Costa Del Sol Holiday or £5000 await collection. Call 09050090044 Now toClaim. SAE, TC s, POBox334, Stockport, SK38xh, Cost£1.50/pm, Max10mins",1,en,sms,uci,,uci_sms,train
Haf u eaten? Wat time u wan me 2 come?,0,en,sms,uci,,uci_sms,train
Want a new Video Phone? 750 anytime any network mins? Half price line rental free text for 3 months? Reply or call 08000930705 for free delivery,1,en,sms,uci,,uci_sms,train
"Yo, call me when you get the chance, a friend of mine wanted me to ask you about a big order",0,en,sms,uci,,uci_sms,train
This single single answers are we fighting? Plus i said am broke and you didnt reply,0,en,sms,uci,,uci_sms,test
It certainly puts things into perspective when something like this happens,0,en,sms,uci,,uci_sms,train
Now got tv 2 watch meh? U no work today?,0,en,sms,uci,,uci_sms,train
i felt so...not any conveying reason.. Ese he... What about me?,0,en,sms,uci,,uci_sms,train
Had your mobile 11 months or more? U R entitled to Update to the latest colour mobiles with camera for Free! Call The Mobile Update Co FREE on 08002986030,1,en,sms,uci,,uci_sms,train
How's it going? Got any exciting karaoke type activities planned? I'm debating whether to play football this eve. Feeling lazy though.,0,en,sms,uci,,uci_sms,train
I told that am coming on wednesday.,0,en,sms,uci,,uci_sms,train
"Its ok, called mom instead have fun",0,en,sms,uci,,uci_sms,train
"Dear Voucher Holder, To claim this weeks offer, at your PC please go to http://www.wtlp.co.uk/text. Ts&Cs apply.",1,en,sms,uci,,uci_sms,test
Well if I'm that desperate I'll just call armand again,0,en,sms,uci,,uci_sms,train
Are you at work right now ?,0,en,sms,uci,,uci_sms,train
Congrats! Nokia 3650 video camera phone is your Call 09066382422 Calls cost 150ppm Ave call 3mins vary from mobiles 16+ Close 300603 post BCM4284 Ldn WC1N3XX,1,en,sms,uci,,uci_sms,train
Haven't heard anything and he's not answering my texts so I'm guessing he flaked. That said the jb is fantastic,0,en,sms,uci,,uci_sms,train
"Mmmmmm ... I love you,so much, Ahmad ... I can't wait for this year to begin as every second takes me closer to being at your side. Happy New Year, my love!!",0,en,sms,uci,,uci_sms,train
Pls what's the full name of joke's school cos fees in university of florida seem to actually be  &lt;#&gt; k. Pls holla back,0,en,sms,uci,,uci_sms,train
"Sorry, I'll call later",0,en,sms,uci,,uci_sms,train
Ok... But they said i've got wisdom teeth hidden inside n mayb need 2 remove.,0,en,sms,uci,,uci_sms,train
And pls pls drink plenty plenty water,0,en,sms,uci,,uci_sms,train
How are you doing. How's the queen. Are you going for the royal wedding,0,en,sms,uci,,uci_sms,train
He's in lag. That's just the sad part but we keep in touch thanks to skype,0,en,sms,uci,,uci_sms,train
Ok lor then we go tog lor...,0,en,sms,uci,,uci_sms,train
Two teams waiting for some players,0,en,sms,uci,,uci_sms,test
Can ü send me a copy of da report?,0,en,sms,uci,,uci_sms,train
"swhrt how u dey,hope ur ok, tot about u 2day.love n miss.take care.",0,en,sms,uci,,uci_sms,train
"Ok da, i already planned. I wil pick you.",0,en,sms,uci,,uci_sms,train
"Urgent! Please call 0906346330. Your ABTA complimentary 4* Spanish Holiday or £10,000 cash await collection SAE T&Cs BOX 47 PO19 2EZ 150ppm 18+",1,en,sms,uci,,uci_sms,test
"Sorry, I'll call later in meeting",0,en,sms,uci,,uci_sms,train
I just really need shit before tomorrow and I know you won't be awake before like 6,0,en,sms,uci,,uci_sms,train
I'm good. Have you registered to vote?,0,en,sms,uci,,uci_sms,test
"Hmm ok, i'll stay for like an hour cos my eye is really sore!",0,en,sms,uci,,uci_sms,train
Dear got bus directly to calicut,0,en,sms,uci,,uci_sms,train
Mm umma ask vava also to come tell him can play later together,0,en,sms,uci,,uci_sms,test
"Well the general price is  &lt;#&gt; /oz, let me know if/when/how much you want",0,en,sms,uci,,uci_sms,train
"Sorry, I'll call later",0,en,sms,uci,,uci_sms,test
"Each Moment in a day,has its own value-Morning brings hope,afternoon brings faith,Evening brings luv,Night brings rest,Wish u find them all today.Good Morning",0,en,sms,uci,,uci_sms,test
&lt;#&gt;  w jetton ave if you forgot,0,en,sms,uci,,uci_sms,train
Ok i'm coming home now.,0,en,sms,uci,,uci_sms,train
Can not use foreign stamps in this country.,0,en,sms,uci,,uci_sms,train
"Double mins and txts 4 6months FREE Bluetooth on Orange. Available on Sony, Nokia Motorola phones. Call MobileUpd8 on 08000839402 or call2optout/N9DX",1,en,sms,uci,,uci_sms,train
"Sorry, it's a lot of friend-of-a-friend stuff, I'm just now about to talk to the actual guy who wants to buy",0,en,sms,uci,,uci_sms,train
FREE for 1st week! No1 Nokia tone 4 ur mob every week just txt NOKIA to 8007 Get txting and tell ur mates www.getzed.co.uk POBox 36504 W45WQ norm150p/tone 16+,1,en,sms,uci,,uci_sms,train
"Want to funk up ur fone with a weekly new tone reply TONES2U 2 this text. www.ringtones.co.uk, the original n best. Tones 3GBP network operator rates apply",1,en,sms,uci,,uci_sms,test
"cmon babe, make me horny, *turn* me on! Txt me your fantasy now babe -) Im hot, sticky and need you now. All replies cost £1.50. 2 cancel send STOP",1,en,sms,uci,,uci_sms,train
I will come tomorrow di,0,en,sms,uci,,uci_sms,train
Wylie update: my weed dealer carlos went to freedom and had a class with lunsford,0,en,sms,uci,,uci_sms,train
Are you happy baby ? Are you alright ? Did you take that job ? I hope your fine. I send you a kiss to make you smile from across the sea ... *kiss* *kiss*,0,en,sms,uci,,uci_sms,train
C movie is juz last minute decision mah. Juz watch 2 lar but i tot ü not interested.,0,en,sms,uci,,uci_sms,train
How are you enjoying this semester? Take care brother.,0,en,sms,uci,,uci_sms,train
IMPORTANT INFORMATION 4 ORANGE USER 0796XXXXXX. TODAY IS UR LUCKY DAY!2 FIND OUT WHY LOG ONTO http://www.urawinner.com THERE'S A FANTASTIC PRIZEAWAITING YOU!,1,en,sms,uci,,uci_sms,train
"Get the door, I'm here",0,en,sms,uci,,uci_sms,train
"Lets use it next week, princess :)",0,en,sms,uci,,uci_sms,train
Or i go home first lar ü wait 4 me lor.. I put down my stuff first..,0,en,sms,uci,,uci_sms,train
I want kfc its Tuesday. Only buy 2 meals ONLY 2. No gravy. Only 2 Mark. 2!,0,en,sms,uci,,uci_sms,train
No da:)he is stupid da..always sending like this:)don believe any of those message.pandy is a mental:),0,en,sms,uci,,uci_sms,train
Oi when you gonna ring,0,en,sms,uci,,uci_sms,train
Missed call alert. These numbers called but left no message. 07008009200,1,en,sms,uci,,uci_sms,train
I attended but nothing is there.,0,en,sms,uci,,uci_sms,train
Ard 530 like dat lor. We juz meet in mrt station then ü dun haf to come out.,0,en,sms,uci,,uci_sms,train
No dear i was sleeping :-P,0,en,sms,uci,,uci_sms,train
Er mw im filled tuth is aight,0,en,sms,uci,,uci_sms,train
Will be office around 4 pm. Now i am going hospital.,0,en,sms,uci,,uci_sms,test
Actually i'm waiting for 2 weeks when they start putting ad.,0,en,sms,uci,,uci_sms,train
Anything lor if they all go then i go lor...,0,en,sms,uci,,uci_sms,train
U free on sat rite? U wan 2 watch infernal affairs wif me n darren n mayb xy?,0,en,sms,uci,,uci_sms,train
"Plz note: if anyone calling from a mobile Co. &amp; asks u to type # &lt;#&gt;  or # &lt;#&gt; . Do not do so. Disconnect the call,coz it iz an attempt of 'terrorist' to make use of the sim card no. Itz confirmd by nokia n motorola n has been verified by CNN IBN.",0,en,sms,uci,,uci_sms,train
Yo you around? A friend of mine's lookin to pick up later tonight,0,en,sms,uci,,uci_sms,test
Stupid auto correct on my phone,0,en,sms,uci,,uci_sms,train
Double eviction this week - Spiral and Michael and good riddance to them!,0,en,sms,uci,,uci_sms,train
"""The world suffers a lot... Not because of the violence of bad people. But because of the silence of good people!"", Gud night....",0,en,sms,uci,,uci_sms,train
"Ok thats cool. Its , just off either raglan rd or edward rd. Behind the cricket ground. Gimme ring when ur closeby see you tuesday.",0,en,sms,uci,,uci_sms,train
Buy one egg for me da..please:),0,en,sms,uci,,uci_sms,train
Have you started in skye,0,en,sms,uci,,uci_sms,train
Have you bookedthe hut? And also your time off? How are you by the way?,0,en,sms,uci,,uci_sms,train
And several to you sir.,0,en,sms,uci,,uci_sms,train
U really pig leh sleep so much. My dad wake me up at 10 smth 2 eat lunch today.,0,en,sms,uci,,uci_sms,train
I'm at home. Please call,0,en,sms,uci,,uci_sms,train
My love ... I hope your not doing anything drastic. Don't you dare sell your pc or your phone ...,0,en,sms,uci,,uci_sms,train
Now only i reached home. . . I am very tired now. . I will come tomorro,0,en,sms,uci,,uci_sms,train
FREEMSG: Our records indicate you may be entitled to 3750 pounds for the Accident you had. To claim for free reply with YES to this msg. To opt out text STOP,1,en,sms,uci,,uci_sms,test
"U can WIN £100 of Music Gift Vouchers every week starting NOW Txt the word DRAW to 87066 TsCs www.Idew.com SkillGame, 1Winaweek, age16. 150ppermessSubscription",1,en,sms,uci,,uci_sms,train
Life style garments account no please.,0,en,sms,uci,,uci_sms,train
Lol wtf random. Btw is that your lunch break,0,en,sms,uci,,uci_sms,test
"Sez, hows u & de arab boy? Hope u r all good give my love 2 evry1 love ya eshxxxxxxxxxxx",0,en,sms,uci,,uci_sms,train
"The LAY MAN! Just to let you know you are missed and thought off. Do have a great day. And if you can send me bimbo and ugo's numbers, ill appreciate. Safe",0,en,sms,uci,,uci_sms,train
Detroit. The home of snow. Enjoy it.,0,en,sms,uci,,uci_sms,test
Show ur colours! Euro 2004 2-4-1 Offer! Get an England Flag & 3Lions tone on ur phone! Click on the following service message for info!,1,en,sms,uci,,uci_sms,train
Okie...,0,en,sms,uci,,uci_sms,train
"Aight, I'm chillin in a friend's room so text me when you're on the way",0,en,sms,uci,,uci_sms,train
Is toshiba portege m100 gd?,0,en,sms,uci,,uci_sms,train
Well welp is sort of a semiobscure internet thing,0,en,sms,uci,,uci_sms,train
Text PASS to 69669 to collect your polyphonic ringtones. Normal gprs charges apply only. Enjoy your tones,1,en,sms,uci,,uci_sms,train
"accordingly. I repeat, just text the word ok on your mobile phone and send",1,en,sms,uci,,uci_sms,train
Loosu go to hospital. De dont let it careless.,0,en,sms,uci,,uci_sms,train
How much for an eighth?,0,en,sms,uci,,uci_sms,train
Omg Joanna is freaking me out. She's looked thru all my friends to find photos of me. And then she's asking about stuff on my MySpace which I haven't even logged on in like a year. :/,0,en,sms,uci,,uci_sms,train
"Send ur birthdate with month and year, I will tel u ur LIFE PARTNER'S name. and the method of calculation. Reply must.",0,en,sms,uci,,uci_sms,train
Juz now havent woke up so a bit blur blur... Can? Dad went out liao... I cant cum now oso...,0,en,sms,uci,,uci_sms,train
"How about clothes, jewelry, and trips?",0,en,sms,uci,,uci_sms,test
Block Breaker now comes in deluxe format with new features and great graphics from T-Mobile. Buy for just £5 by replying GET BBDELUXE and take the challenge,1,en,sms,uci,,uci_sms,train
Aah! A cuddle would be lush! I'd need lots of tea and soup before any kind of fumbling!,0,en,sms,uci,,uci_sms,train
important information 4 orange user . today is your lucky day!2find out why log onto http://www.urawinner.com THERE'S A FANTASTIC SURPRISE AWAITING YOU!,1,en,sms,uci,,uci_sms,train
I am late. I will be there at,0,en,sms,uci,,uci_sms,train
Sad story of a Man - Last week was my b'day. My Wife did'nt wish me. My Parents forgot n so did my Kids . I went to work. Even my Colleagues did not wish.,0,en,sms,uci,,uci_sms,train
Are you plans with your family set in stone ?,0,en,sms,uci,,uci_sms,test
Pls dont forget to study,0,en,sms,uci,,uci_sms,train
You'll never believe this but i have actually got off at taunton. Wow,0,en,sms,uci,,uci_sms,train
"Den only weekdays got special price... Haiz... Cant eat liao... Cut nails oso muz wait until i finish drivin wat, lunch still muz eat wat... ",0,en,sms,uci,,uci_sms,test
She just broke down a list of reasons why nobody's in town and I can't tell if she's being sarcastic or just faggy,0,en,sms,uci,,uci_sms,train
 &lt;DECIMAL&gt; m but its not a common car here so its better to buy from china or asia. Or if i find it less expensive. I.ll holla,0,en,sms,uci,,uci_sms,train
The greatest test of courage on earth is to bear defeat without losing heart....gn tc,0,en,sms,uci,,uci_sms,train
SORRY IM STIL FUCKED AFTER LAST NITE WENT TOBED AT 430 GOT UP 4 WORK AT 630,0,en,sms,uci,,uci_sms,train
Hey so whats the plan this sat? ,0,en,sms,uci,,uci_sms,train
Beauty sleep can help ur pimples too.,0,en,sms,uci,,uci_sms,train
Great. Hope you are using your connections from mode men also cos you can never know why old friends can lead you to today,0,en,sms,uci,,uci_sms,train
Natalja (25/F) is inviting you to be her friend. Reply YES-440 or NO-440 See her: www.SMS.ac/u/nat27081980 STOP? Send STOP FRND to 62468,1,en,sms,uci,,uci_sms,train
Where to get those?,0,en,sms,uci,,uci_sms,train
"Kind of. Just missed train cos of asthma attack, nxt one in half hr so driving in. not sure where to park.",0,en,sms,uci,,uci_sms,train
Ball is moving a lot.will spin in last :)so very difficult to bat:),0,en,sms,uci,,uci_sms,train
Haiyoh... Maybe your hamster was jealous of million,0,en,sms,uci,,uci_sms,test
Can you please send me my aunty's number,0,en,sms,uci,,uci_sms,train
I'm glad. You are following your dreams.,0,en,sms,uci,,uci_sms,test
I've reached home finally...,0,en,sms,uci,,uci_sms,train
"URGENT. Important information for 02 user. Today is your lucky day! 2 find out why , log onto http://www.urawinner.com there is a fantastic surprise awaiting you !",1,en,sms,uci,,uci_sms,test
WINNER!! As a valued network customer you have been selected to receivea £900 prize reward! To claim call 09061701461. Claim code KL341. Valid 12 hours only.,1,en,sms,uci,,uci_sms,train
"Wn u r hurt by d prsn who s close 2 u, do fight wit dem. Coz somtimes dis fight saves a relation bt being quiet leaves nothin in a relation.. Gud eveB-)",0,en,sms,uci,,uci_sms,train
U can call now...,0,en,sms,uci,,uci_sms,train
"Science tells that chocolate will melt under the sunlight. Please don't walk under the sunlight. BCoz,I don't want to loss a sweet friend.",0,en,sms,uci,,uci_sms,train
Yes. I come to nyc for audiitions and am trying to relocate.,0,en,sms,uci,,uci_sms,train
I pocked you up there before,0,en,sms,uci,,uci_sms,train
Congrats. That's great. I wanted to tell you not to tell me your score cos it might make me relax. But its motivating me so thanks for sharing,0,en,sms,uci,,uci_sms,test
I wud never mind if u dont miss me or if u dont need me.. But u wil really hurt me wen u need me &amp; u dont tell me......... Take care:-),0,en,sms,uci,,uci_sms,train
Hey mr whats the name of that bill brison book the one about language and words ,0,en,sms,uci,,uci_sms,train
"Okay, good, no problem, and thanx!",0,en,sms,uci,,uci_sms,train
"For you information, IKEA is spelled with all caps. That is not yelling. when you thought i had left you, you were sitting on the bed among the mess when i came in. i said we were going after you got home from class. please don't try and bullshit me. It makes me want to listen to you less.",0,en,sms,uci,,uci_sms,train
Call me when u're done...,0,en,sms,uci,,uci_sms,train
G.W.R,0,en,sms,uci,,uci_sms,test
You best watch what you say cause I get drunk as a motherfucker,0,en,sms,uci,,uci_sms,train
Kit Strip - you have been billed 150p. Netcollex Ltd. PO Box 1013 IG11 OJA,1,en,sms,uci,,uci_sms,test
HMV BONUS SPECIAL 500 pounds of genuine HMV vouchers to be won. Just answer 4 easy questions. Play Now! Send HMV to 86688 More info:www.100percent-real.com,1,en,sms,uci,,uci_sms,train
Please CALL 08712402578 immediately as there is an urgent message waiting for you,1,en,sms,uci,,uci_sms,train
thesmszone.com lets you send free anonymous and masked messages..im sending this message from there..do you see the potential for abuse???,1,en,sms,uci,,uci_sms,train
"WELL DONE! Your 4* Costa Del Sol Holiday or £5000 await collection. Call 09050090044 Now toClaim. SAE, TCs, POBox334, Stockport, SK38xh, Cost£1.50/pm, Max10mins",1,en,sms,uci,,uci_sms,train
Hurt me... Tease me... Make me cry... But in the end of my life when i die plz keep one rose on my grave and say STUPID I MISS U.. HAVE A NICE DAY BSLVYL,0,en,sms,uci,,uci_sms,train
"Erm... Woodland avenue somewhere. Do you get the parish magazine, his telephone number will be in there.",0,en,sms,uci,,uci_sms,train
Are there TA jobs available? Let me know please cos i really need to start working,0,en,sms,uci,,uci_sms,train
Aiyar hard 2 type. U later free then tell me then i call n scold n tell u.,0,en,sms,uci,,uci_sms,test
Yup i'm free...,0,en,sms,uci,,uci_sms,test
"Good good, billy mates all gone. Just been jogging, again! Did enjoy concert?",0,en,sms,uci,,uci_sms,train
Yo come over carlos will be here soon,0,en,sms,uci,,uci_sms,train
Awww dat is sweet! We can think of something to do he he! Have a nice time tonight ill probably txt u later cos im lonely :( xxx.,0,en,sms,uci,,uci_sms,train
I guess it is useless calling u 4 something important.,0,en,sms,uci,,uci_sms,train
Ha ha - had popped down to the loo when you hello-ed me. Hello!,0,en,sms,uci,,uci_sms,train
He dint tell anything. He is angry on me that why you told to abi.,0,en,sms,uci,,uci_sms,train
Someone U know has asked our dating service 2 contact you! Cant Guess who? CALL 09058091854 NOW all will be revealed. PO BOX385 M6 6WU,1,en,sms,uci,,uci_sms,test
It so happens that there r 2waxsto do wat you want. She can come and ill get her medical insurance. And she'll be able to deliver and have basic care. I'm currently shopping for the right medical insurance for her. So just give me til friday morning. Thats when i.ll see the major person that can guide me to the right insurance.,0,en,sms,uci,,uci_sms,train
I keep ten rs in my shelf:) buy two egg.,0,en,sms,uci,,uci_sms,test
"I wasn't well babe, i have swollen glands at my throat ... What did you end up doing ?",0,en,sms,uci,,uci_sms,train
Is ur changes 2 da report big? Cos i've already made changes 2 da previous report.,0,en,sms,uci,,uci_sms,train
Captain is in our room:),0,en,sms,uci,,uci_sms,train
"I can't speak, bcaz mobile have problem. I can listen you but you cann't listen my voice. So i calls you later.",0,en,sms,uci,,uci_sms,train
HIYA STU WOT U UP 2.IM IN SO MUCH TRUBLE AT HOME AT MOMENT EVONE HATES ME EVEN U! WOT THE HELL AV I DONE NOW? Y WONT U JUST TELL ME TEXT BCK PLEASE LUV DAN ,0,en,sms,uci,,uci_sms,train
S...i will take mokka players only:),0,en,sms,uci,,uci_sms,train
Are you still playing with gautham?,0,en,sms,uci,,uci_sms,test
Hey mr  and I are going to the sea view and having a couple of gays I mean games! Give me a bell when ya finish ,0,en,sms,uci,,uci_sms,train
"K, jason says he's gonna be around so I'll be up there around  &lt;#&gt;",0,en,sms,uci,,uci_sms,train
Sorry . I will be able to get to you. See you in the morning.,0,en,sms,uci,,uci_sms,train
Aight well keep me informed,0,en,sms,uci,,uci_sms,train
I am not having her number sir,0,en,sms,uci,,uci_sms,test
Am only searching for good dual sim mobile pa.,0,en,sms,uci,,uci_sms,train
That seems unnecessarily hostile,0,en,sms,uci,,uci_sms,train
Dude got a haircut. Now its breezy up there,0,en,sms,uci,,uci_sms,train
"Congrats! 2 mobile 3G Videophones R yours. call 09061744553 now! videochat wid ur mates, play java games, Dload polyH music, noline rentl. bx420. ip4. 5we. 150pm",1,en,sms,uci,,uci_sms,train
1Apple/Day=No Doctor. 1Tulsi Leaf/Day=No Cancer. 1Lemon/Day=No Fat. 1Cup Milk/day=No Bone Problms 3 Litres Watr/Day=No Diseases Snd ths 2 Whom U Care..:-),0,en,sms,uci,,uci_sms,train
i thought we were doing a king of the hill thing there.,0,en,sms,uci,,uci_sms,train
Nope i'll come online now..,0,en,sms,uci,,uci_sms,train
ALSO TELL HIM I SAID HAPPY BIRTHDAY,0,en,sms,uci,,uci_sms,train
Y bishan lei... I tot ü say lavender? ,0,en,sms,uci,,uci_sms,test
Boo what time u get out? U were supposed to take me shopping today. :(,0,en,sms,uci,,uci_sms,train
"Now u sound like manky scouse boy steve,like! I is travelling on da bus home.wot has u inmind 4 recreation dis eve?",0,en,sms,uci,,uci_sms,train
"Fyi I'm taking a quick shower, be at epsilon in like  &lt;#&gt;  min",0,en,sms,uci,,uci_sms,train
on a Tuesday night r u 4 real,0,en,sms,uci,,uci_sms,train
Yes when is the appt again?,0,en,sms,uci,,uci_sms,train
Just got outta class gonna go gym.,0,en,sms,uci,,uci_sms,test
I want to sent  &lt;#&gt; mesages today. Thats y. Sorry if i hurts,0,en,sms,uci,,uci_sms,train
Ü all write or wat..,0,en,sms,uci,,uci_sms,train
Ha! I wouldn't say that I just didn't read anything into way u seemed. I don't like 2 be judgemental....i save that for fridays in the pub!,0,en,sms,uci,,uci_sms,train
Its a valentine game. . . send dis msg to all ur friends. . If 5 answers r d same then someone really loves u. . Ques- which colour suits me the best?,0,en,sms,uci,,uci_sms,train
Hi:)did you asked to waheeda fathima about leave?,0,en,sms,uci,,uci_sms,train
Enjoy urself tmr...,0,en,sms,uci,,uci_sms,train
You still around? I could use a half-8th,0,en,sms,uci,,uci_sms,train
U 447801259231 have a secret admirer who is looking 2 make contact with U-find out who they R*reveal who thinks UR so special-call on 09058094597,1,en,sms,uci,,uci_sms,train
You give us back my id proof and  &lt;#&gt;  rs. We wont allow you to work. We will come to your home within days,0,en,sms,uci,,uci_sms,train
Ü bot notes oredi... Cos i juz rem i got...,0,en,sms,uci,,uci_sms,train
Yes. Rent is very expensive so its the way we save.,0,en,sms,uci,,uci_sms,train
"Night has ended for another day, morning has come in a special way. May you smile like the sunny rays and leaves your worries at the blue blue bay. Gud mrng",0,en,sms,uci,,uci_sms,train
Hows the pain dear?y r u smiling?,0,en,sms,uci,,uci_sms,train
"Fun fact: although you would think armand would eventually build up a tolerance or some shit considering how much he smokes, he gets fucked up in like 2 hits",0,en,sms,uci,,uci_sms,train
important information 4 orange user 0789xxxxxxx. today is your lucky day!2find out why log onto http://www.urawinner.com THERE'S A FANTASTIC SURPRISE AWAITING YOU!,1,en,sms,uci,,uci_sms,train
"Sorry, I can't help you on this.",0,en,sms,uci,,uci_sms,train
Great. So should i send you my account number.,0,en,sms,uci,,uci_sms,train
"HELLOGORGEOUS, HOWS U? MY FONE WAS ON CHARGE LST NITW WEN U TEXD ME. HOPEU AD A NICE WKEND AS IM SURE U DID LOOKIN 4WARD 2 C-IN U 2MRW LUV JAZ",0,en,sms,uci,,uci_sms,train
"Our dating service has been asked 2 contact U by someone shy! CALL 09058091870 NOW all will be revealed. POBox84, M26 3UZ 150p",1,en,sms,uci,,uci_sms,train
Ü only send me the contents page...,0,en,sms,uci,,uci_sms,test
"Night sweet, sleep well! I've just been to see The Exorcism of Emily Rose and may never sleep again! Hugs and snogs! ",0,en,sms,uci,,uci_sms,train
"Don't Think About ""What u Have Got"" Think About ""How to Use It That You Have Got"" gooD ni8",0,en,sms,uci,,uci_sms,train
"I can't right this second, gotta hit people up first",0,en,sms,uci,,uci_sms,train
"Evry Emotion dsn't hav Words.Evry Wish dsn't hav Prayrs.. If u Smile,D World is wit u.Othrwise even d Drop of Tear dsn't lik 2 Stay wit u.So b happy.. Good morning, keep smiling:-)",0,en,sms,uci,,uci_sms,train
So what about you. What do you remember,0,en,sms,uci,,uci_sms,train
Ujhhhhhhh computer shipped out with address to sandiago and parantella lane. Wtf. Poop.,0,en,sms,uci,,uci_sms,train
Mm yes dear look how i am hugging you both. :-P,0,en,sms,uci,,uci_sms,test
I like dis sweater fr mango but no more my size already so irritating.,0,en,sms,uci,,uci_sms,train
1 I don't have her number and 2 its gonna be a massive pain in the ass and i'd rather not get involved if that's possible,0,en,sms,uci,,uci_sms,train
Anytime lor...,0,en,sms,uci,,uci_sms,train
Do you want a new Video handset? 750 any time any network mins? UNLIMITED TEXT? Camcorder? Reply or Call now 08000930705 for del Sat AM,1,en,sms,uci,,uci_sms,train
Purity of friendship between two is not about smiling after reading the forwarded message..Its about smiling just by seeing the name. Gud evng,0,en,sms,uci,,uci_sms,test
"Ur balance is now £600. Next question: Complete the landmark, Big, A. Bob, B. Barry or C. Ben ?. Text A, B or C to 83738. Good luck!",1,en,sms,uci,,uci_sms,test
Me fine..absolutly fine,0,en,sms,uci,,uci_sms,test
K and you're sure I don't have to have consent forms to do it :V,0,en,sms,uci,,uci_sms,train
Ur TONEXS subscription has been renewed and you have been charged £4.50. You can choose 10 more polys this month. www.clubzed.co.uk *BILLING MSG*,1,en,sms,uci,,uci_sms,train
"If you don't, your prize will go to another customer. T&C at www.t-c.biz 18+ 150p/min Polo Ltd Suite 373 London W1J 6HL Please call back if busy",1,en,sms,uci,,uci_sms,train
How much is torch in 9ja.,0,en,sms,uci,,uci_sms,test
"Doing nothing, then u not having dinner w us?",0,en,sms,uci,,uci_sms,train
How are you. Just checking up on you,0,en,sms,uci,,uci_sms,test
Done it but internet connection v slow and can‘t send it. Will try again later or first thing tomo.,0,en,sms,uci,,uci_sms,train
Mathews or tait or edwards or anderson,0,en,sms,uci,,uci_sms,train
yeah sure thing mate haunt got all my stuff sorted but im going sound anyway promoting hex for .by the way who is this? dont know number. Joke,0,en,sms,uci,,uci_sms,train
No need lar i go engin? Cos my sis at arts today...,0,en,sms,uci,,uci_sms,train
Thanks honey but still haven't heard anything I will leave it a bit longer so not 2 crowd him and will try later - great advice thanks hope cardiff is still there!,0,en,sms,uci,,uci_sms,train
Do you want a New Nokia 3510i Colour Phone Delivered Tomorrow? With 200 FREE minutes to any mobile + 100 FREE text + FREE camcorder Reply or Call 8000930705,1,en,sms,uci,,uci_sms,test
", im .. On the snowboarding trip. I was wondering if your planning to get everyone together befor we go..a meet and greet kind of affair? Cheers, ",0,en,sms,uci,,uci_sms,train
S.i'm watching it in live..,0,en,sms,uci,,uci_sms,train
"see you then, we're all christmassy here!",0,en,sms,uci,,uci_sms,train
"K I'm ready,  &lt;#&gt; ?",0,en,sms,uci,,uci_sms,train
"Do you know why god created gap between your fingers..? So that, One who is made for you comes &amp; fills those gaps by holding your hand with LOVE..!",0,en,sms,uci,,uci_sms,train
The greatest test of courage on earth is to bear defeat without losing heart....gn tc,0,en,sms,uci,,uci_sms,train
what are your new years plans?,0,en,sms,uci,,uci_sms,train
RECPT 1/3. You have ordered a Ringtone. Your order is being processed...,1,en,sms,uci,,uci_sms,train
Baaaaaaaabe! Wake up ! I miss you ! I crave you! I need you!,0,en,sms,uci,,uci_sms,test
"Only just got this message, not ignoring you. Yes, i was. Shopping that is",0,en,sms,uci,,uci_sms,train
Dear :-/ why you mood off. I cant drive so i brother to drive,0,en,sms,uci,,uci_sms,train
When did dad get back.,0,en,sms,uci,,uci_sms,train
"Can you tell Shola to please go to college of medicine and visit the academic department, tell the academic secretary what the current situation is and ask if she can transfer there. She should ask someone to check Sagamu for the same thing and lautech. Its vital she completes her medical education in Nigeria. Its less expensive much less expensive. Unless she will be getting citizen rates in new zealand.",0,en,sms,uci,,uci_sms,train
Yes just finished watching days of our lives. I love it.,0,en,sms,uci,,uci_sms,train
Juz go google n search 4 qet...,0,en,sms,uci,,uci_sms,train
Many times we lose our best ones bcoz we are ,0,en,sms,uci,,uci_sms,train
"Good FRIENDS CaRE for each Other.. CLoSE Friends UNDERSTaND each Other... and TRUE Friends STaY forever beyond words, beyond time. Gud ni8",0,en,sms,uci,,uci_sms,train
Just getting back home,0,en,sms,uci,,uci_sms,train
"Sorry, I'll call later  &lt;#&gt; mins",0,en,sms,uci,,uci_sms,train
Dun need to use dial up juz open da browser n surf...,0,en,sms,uci,,uci_sms,test
As one of our registered subscribers u can enter the draw 4 a 100 G.B. gift voucher by replying with ENTER. To unsubscribe text STOP,1,en,sms,uci,,uci_sms,train
"Awesome, plan to get here any time after like  &lt;#&gt; , I'll text you details in a wee bit",0,en,sms,uci,,uci_sms,train
Take care and sleep well.you need to learn to change in life.you only need to get CONVINCED on that.i will wait but no more conversations between us.GET CONVINCED by that time.Your family is over for you in many senses.respect them but not overemphasise.or u have no role in my life.,0,en,sms,uci,,uci_sms,train
"For your chance to WIN a FREE Bluetooth Headset then simply reply back with ""ADP""",1,en,sms,uci,,uci_sms,test
You also didnt get na hi hi hi hi hi,0,en,sms,uci,,uci_sms,test
Ya but it cant display internal subs so i gotta extract them,0,en,sms,uci,,uci_sms,train
If i said anything wrong sorry de:-),0,en,sms,uci,,uci_sms,train
Sad story of a Man - Last week was my b'day. My Wife did'nt wish me. My Parents forgot n so did my Kids . I went to work. Even my Colleagues did not wish.,0,en,sms,uci,,uci_sms,test
How stupid to say that i challenge god.You dont think at all on what i write instead you respond immed.,0,en,sms,uci,,uci_sms,train
"Yeah I should be able to, I'll text you when I'm ready to meet up",0,en,sms,uci,,uci_sms,train
V skint too but fancied few bevies.waz gona go meet &othrs in spoon but jst bin watchng planet earth&sofa is v comfey; If i dont make it hav gd night,0,en,sms,uci,,uci_sms,train
" says that he's quitting at least5times a day so i wudn't take much notice of that. Nah, she didn't mind. Are you gonna see him again? Do you want to come to taunton tonight? U can tell me all about !",0,en,sms,uci,,uci_sms,train
"When you get free, call me",0,en,sms,uci,,uci_sms,test
How have your little darlings been so far this week? Need a coffee run tomo?Can't believe it's that time of week already …,0,en,sms,uci,,uci_sms,train
Ok i msg u b4 i leave my house.,0,en,sms,uci,,uci_sms,test
Still at west coast... Haiz... Ü'll take forever to come back...,0,en,sms,uci,,uci_sms,train
MMM ... Fuck .... Merry Christmas to me,0,en,sms,uci,,uci_sms,train
alright. Thanks for the advice. Enjoy your night out. I'ma try to get some sleep...,0,en,sms,uci,,uci_sms,train
Update your face book status frequently :),0,en,sms,uci,,uci_sms,train
Just now saw your message.it k da:),0,en,sms,uci,,uci_sms,test
Was it something u ate?,0,en,sms,uci,,uci_sms,train
So what did the bank say about the money?,0,en,sms,uci,,uci_sms,test
Aiyar dun disturb u liao... Thk u have lots 2 do aft ur cupboard come...,0,en,sms,uci,,uci_sms,train
Hey they r not watching movie tonight so i'll prob b home early...,0,en,sms,uci,,uci_sms,train
Yar lor... How u noe? U used dat route too?,0,en,sms,uci,,uci_sms,train
2mro i am not coming to gym machan. Goodnight.,0,en,sms,uci,,uci_sms,train
Dont think you need yellow card for uk travel. Ask someone that has gone before. If you do its just  &lt;#&gt; bucks,0,en,sms,uci,,uci_sms,train
Can u look 4 me in da lib i got stuff havent finish yet.,0,en,sms,uci,,uci_sms,train
Sounds great! Im going to sleep now. Have a good night!,0,en,sms,uci,,uci_sms,train
Don't b floppy... b snappy & happy! Only gay chat service with photo upload call 08718730666 (10p/min). 2 stop our texts call 08712460324,1,en,sms,uci,,uci_sms,train
"House-Maid is the murderer, coz the man was murdered on  &lt;#&gt; th January.. As public holiday all govt.instituitions are closed,including post office..understand?",0,en,sms,uci,,uci_sms,test
How come u got nothing to do?,0,en,sms,uci,,uci_sms,train
Nothing will ever be easy. But don't be looking for a reason not to take a risk on life and love,0,en,sms,uci,,uci_sms,test
i want to grasp your pretty booty :),0,en,sms,uci,,uci_sms,train
I've got it down to a tea. not sure which flavour,0,en,sms,uci,,uci_sms,train
I'm going 2 orchard now laready me reaching soon. U reaching?,0,en,sms,uci,,uci_sms,test
Dear i am not denying your words please,0,en,sms,uci,,uci_sms,train
You know my old Dom I told you about yesterday ? His name is Roger? He got in touch with me last night and wants me to meet him today at 2 pm,0,en,sms,uci,,uci_sms,train
COME BACK TO TAMPA FFFFUUUUUUU,0,en,sms,uci,,uci_sms,train
"2 celebrate my bday, y else?",0,en,sms,uci,,uci_sms,train
Merry christmas to u too annie!,0,en,sms,uci,,uci_sms,train
Please tell me you have some of that special stock you were talking about,0,en,sms,uci,,uci_sms,train
I sent them. Do you like?,0,en,sms,uci,,uci_sms,test
"Urgent UR awarded a complimentary trip to EuroDisinc Trav, Aco&Entry41 Or £1000. To claim txt DIS to 87121 18+6*£1.50(moreFrmMob. ShrAcomOrSglSuplt)10, LS1 3AJ",1,en,sms,uci,,uci_sms,train
"Awesome, be there in a minute",0,en,sms,uci,,uci_sms,train
"And that is the problem. You walk around in ""julianaland"" oblivious to what is going on around you. I say the same things constantly and they go in one ear and out the other while you go off doing whatever you want to do. It's not that you don't know why I'm upset--it's that you don't listen when i tell you WHAT is going to upset me. Then you want to be surprised when I'm mad.",0,en,sms,uci,,uci_sms,train
I've told you everything will stop. Just dont let her get dehydrated.,0,en,sms,uci,,uci_sms,train
Or I guess  &lt;#&gt;  min,0,en,sms,uci,,uci_sms,train
I'm home. Ard wat time will u reach?,0,en,sms,uci,,uci_sms,train
"Storming msg: Wen u lift d phne, u say ""HELLO"" Do u knw wt is d real meaning of HELLO?? . . . It's d name of a girl..! . . . Yes.. And u knw who is dat girl?? ""Margaret Hello"" She is d girlfrnd f Grahmbell who invnted telphone... . . . . Moral:One can 4get d name of a person, bt not his girlfrnd... G o o d n i g h t . . .@",0,en,sms,uci,,uci_sms,train
"If you want to mapquest it or something look up ""usf dogwood drive"", that's the tiny street where the parking lot is",0,en,sms,uci,,uci_sms,train
Aight should I just plan to come up later tonight?,0,en,sms,uci,,uci_sms,train
Die... I accidentally deleted e msg i suppose 2 put in e sim archive. Haiz... I so sad...,0,en,sms,uci,,uci_sms,train
"Welcome to UK-mobile-date this msg is FREE giving you free calling to 08719839835. Future mgs billed at 150p daily. To cancel send ""go stop"" to 89123",1,en,sms,uci,,uci_sms,train
This is wishing you a great day. Moji told me about your offer and as always i was speechless. You offer so easily to go to great lengths on my behalf and its stunning. My exam is next friday. After that i will keep in touch more. Sorry.,0,en,sms,uci,,uci_sms,train
"Thanks again for your reply today. When is ur visa coming in. And r u still buying the gucci and bags. My sister things are not easy, uncle john also has his own bills so i really need to think about how to make my own money. Later sha.",0,en,sms,uci,,uci_sms,train
"Sorry I flaked last night, shit's seriously goin down with my roommate, what you up to tonight?",0,en,sms,uci,,uci_sms,train
He said i look pretty wif long hair wat. But i thk he's cutting quite short 4 me leh.,0,en,sms,uci,,uci_sms,test
Ranjith cal drpd Deeraj and deepak 5min hold,0,en,sms,uci,,uci_sms,test
"""CHEERS FOR CALLIN BABE.SOZI CULDNT TALKBUT I WANNATELL U DETAILS LATER WENWECAN CHAT PROPERLY X""",0,en,sms,uci,,uci_sms,train
Hey u still at the gym?,0,en,sms,uci,,uci_sms,train
"She said,'' do u mind if I go into the bedroom for a minute ? '' ''OK'', I sed in a sexy mood. She came out 5 minuts latr wid a cake...n My Wife,",0,en,sms,uci,,uci_sms,test
Much better now thanks lol,0,en,sms,uci,,uci_sms,train
"Nothing, smsing u n xy lor. Sorry lor da guys neva c u in person but they sort of know u lor. So u wan 2 meet them xy ask me 2 bring u along 4 our next meeting.",0,en,sms,uci,,uci_sms,train
"Lemme know when I can swing by and pick up, I'm free basically any time after 1 all this semester",0,en,sms,uci,,uci_sms,test
Wa... U so efficient... Gee... Thanx...,0,en,sms,uci,,uci_sms,train
3. You have received your mobile content. Enjoy,1,en,sms,uci,,uci_sms,train
S but not able to sleep.,0,en,sms,uci,,uci_sms,train
Want explicit SEX in 30 secs? Ring 02073162414 now! Costs 20p/min,1,en,sms,uci,,uci_sms,train
We will meet soon princess! Ttyl!,0,en,sms,uci,,uci_sms,train
I'll pick you up at about 5.15pm to go to taunton if you still want to come.,0,en,sms,uci,,uci_sms,test
Oh :-)only 4 outside players allowed to play know,0,en,sms,uci,,uci_sms,train
I anything lor.,0,en,sms,uci,,uci_sms,test
Erutupalam thandiyachu,0,en,sms,uci,,uci_sms,train
"Y cant u try new invention to fly..i'm not joking.,",0,en,sms,uci,,uci_sms,train
No..its ful of song lyrics..,0,en,sms,uci,,uci_sms,train
"What do u reckon as need 2 arrange transport if u can't do it, thanks",0,en,sms,uci,,uci_sms,train
True lov n care wil nevr go unrecognized. though somone often makes mistakes when valuing it. but they will definitly undrstnd once when they start missing it.,0,en,sms,uci,,uci_sms,train
Shopping? Eh ger i toking abt syd leh...Haha,0,en,sms,uci,,uci_sms,test
What not under standing.,0,en,sms,uci,,uci_sms,train
have * good weekend.,0,en,sms,uci,,uci_sms,train
Miss call miss call khelate kintu opponenter miss call dhorte lage. Thats d rule. One with great phone receiving quality wins.,0,en,sms,uci,,uci_sms,train
Call me when you get the chance plz &lt;3,0,en,sms,uci,,uci_sms,train
The new deus ex game comin early next yr,0,en,sms,uci,,uci_sms,train
My computer just fried the only essential part we don't keep spares of because my fucking idiot roommates looovvve leaving the thing running on full  &lt;#&gt; /7,0,en,sms,uci,,uci_sms,train
"My friend, she's studying at warwick, we've planned to go shopping and to concert tmw, but it may be canceled, havn't seen  for ages, yeah we should get together sometime!",0,en,sms,uci,,uci_sms,train
Probably a couple hours tops,0,en,sms,uci,,uci_sms,test
"LOL .. *grins* .. I'm not babe, but thanks for thinking of me!",0,en,sms,uci,,uci_sms,train
Man this bus is so so so slow. I think you're gonna get there before me,0,en,sms,uci,,uci_sms,train
Hope this text meets you smiling. If not then let this text give you a reason to smile. Have a beautiful day.,0,en,sms,uci,,uci_sms,train
"In case you wake up wondering where I am, I forgot I have to take care of something for grandma today, should be done before the parade",0,en,sms,uci,,uci_sms,train
Ok,0,en,sms,uci,,uci_sms,train
"Latest Nokia Mobile or iPOD MP3 Player +£400 proze GUARANTEED! Reply with: WIN to 83355 now! Norcorp Ltd.£1,50/Mtmsgrcvd18+",1,en,sms,uci,,uci_sms,train
"SMS SERVICES. for your inclusive text credits, pls goto www.comuk.net login= 3qxj9 unsubscribe with STOP, no extra charge. help 08702840625.COMUK. 220-CM2 9AE",1,en,sms,uci,,uci_sms,train
Nvm take ur time.,0,en,sms,uci,,uci_sms,train
So wat's da decision?,0,en,sms,uci,,uci_sms,train
Wot is u up 2 then bitch?,0,en,sms,uci,,uci_sms,train
Stupid.its not possible,0,en,sms,uci,,uci_sms,train
She told to hr that he want posting in chennai:)because i'm working here:),0,en,sms,uci,,uci_sms,train
Mobile Club: Choose any of the top quality items for your mobile. 7cfca1a,1,en,sms,uci,,uci_sms,train
When are you guys leaving?,0,en,sms,uci,,uci_sms,test
He neva grumble but i sad lor... Hee... Buy tmr lor aft lunch. But we still meetin 4 lunch tmr a not. Neva hear fr them lei. Ü got a lot of work ar?,0,en,sms,uci,,uci_sms,train
Not able to do anything.,0,en,sms,uci,,uci_sms,train
Ü takin linear algebra today?,0,en,sms,uci,,uci_sms,train
This weekend is fine (an excuse not to do too much decorating),0,en,sms,uci,,uci_sms,train
"Sorry I missed you babe. I was up late and slept in. I hope you enjoy your driving lesson, boytoy. I miss you too ... *teasing kiss*",0,en,sms,uci,,uci_sms,train
Now project pa. After that only i can come.,0,en,sms,uci,,uci_sms,test
Money i have won wining number 946 wot do i do next,1,en,sms,uci,,uci_sms,train
"Sure, whenever you show the fuck up &gt;:(",0,en,sms,uci,,uci_sms,test
That was random saw my old roomate on campus. He graduated,0,en,sms,uci,,uci_sms,train
"Congrats! 2 mobile 3G Videophones R yours. call 09061744553 now! videochat wid ur mates, play java games, Dload polyH music, noline rentl. bx420. ip4. 5we. 150pm",1,en,sms,uci,,uci_sms,test
"Men always needs a beautiful, intelligent, caring, loving, adjustable, cooperative wife. But the law allows only one wife....",0,en,sms,uci,,uci_sms,test
That sucks. So what do you got planned for your yo valentine? I am your yo valentine aren't I?,0,en,sms,uci,,uci_sms,train
"Just got part Nottingham - 3 hrs 63miles. Good thing i love my man so much, but only doing 40mph. Hey ho",0,en,sms,uci,,uci_sms,test
What to think no one saying clearly. Ok leave no need to ask her. I will go if she come or not,0,en,sms,uci,,uci_sms,train
Hi good mornin.. Thanku wish u d same..,0,en,sms,uci,,uci_sms,train
DO U WANT 2 MEET UP 2MORRO,0,en,sms,uci,,uci_sms,train
Actually I decided I was too hungry so I haven't left yet :V,0,en,sms,uci,,uci_sms,train
I've sent ü my part..,0,en,sms,uci,,uci_sms,train
Cos i was out shopping wif darren jus now n i called him 2 ask wat present he wan lor. Then he started guessing who i was wif n he finally guessed darren lor.,0,en,sms,uci,,uci_sms,train
"I want some cock! My hubby's away, I need a real man 2 satisfy me. Txt WIFE to 89938 for no strings action. (Txt STOP 2 end, txt rec £1.50ea. OTBox 731 LA1 7WS. )",1,en,sms,uci,,uci_sms,train
Understand. his loss is my gain :) so do you work? School?,0,en,sms,uci,,uci_sms,train
HOW ARE U? I HAVE MISSED U! I HAVENT BEEN UP 2 MUCH A BIT BORED WITH THE HOLIDAY WANT 2 GO BAK 2 COLLEGE! SAD ISNT IT?xx,0,en,sms,uci,,uci_sms,train
"Hiya, probably coming home * weekend after next",0,en,sms,uci,,uci_sms,train
Don't forget though that I love you .... And I walk beside you. Watching over you and keeping your heart warm.,0,en,sms,uci,,uci_sms,train
I wish things were different. I wonder when i will be able to show you how much i value you. Pls continue the brisk walks no drugs without askin me please and find things to laugh about. I love you dearly.,0,en,sms,uci,,uci_sms,train
Ok both our days. So what are you making for dinner tonite? Am I invited?,0,en,sms,uci,,uci_sms,train
Gr8 new service - live sex video chat on your mob - see the sexiest dirtiest girls live on ur phone - 4 details text horny to 89070 to cancel send STOP to 89070,1,en,sms,uci,,uci_sms,train
I have no money 4 steve mate! !,0,en,sms,uci,,uci_sms,train
IM LATE TELLMISS IM ON MY WAY,0,en,sms,uci,,uci_sms,test
Never blame a day in ur life. Good days give u happiness. Bad days give u experience. Both are essential in life! All are Gods blessings! good morning.:,0,en,sms,uci,,uci_sms,train
Normally i use to drink more water daily:),0,en,sms,uci,,uci_sms,test
Dare i ask... Any luck with sorting out the car?,0,en,sms,uci,,uci_sms,train
"Party's at my place at usf, no charge (but if you can contribute in any way it is greatly appreciated) and yeah, we got room for one more",0,en,sms,uci,,uci_sms,test
"Urgh, coach hot, smells of chip fat! Thanks again, especially for the duvet (not a predictive text word).",0,en,sms,uci,,uci_sms,train
Hiya. How was last night? I've been naughty and bought myself clothes and very little ... Ready for more shopping tho! What kind of time do you wanna meet?,0,en,sms,uci,,uci_sms,train
FreeMsg Hi baby wow just got a new cam moby. Wanna C a hot pic? or Fancy a chat?Im w8in 4uTxt / rply CHAT to 82242 Hlp 08712317606 Msg150p 2rcv,1,en,sms,uci,,uci_sms,train
I've been trying to reach him without success,0,en,sms,uci,,uci_sms,train
when you and derek done with class?,0,en,sms,uci,,uci_sms,train
Never y lei... I v lazy... Got wat? Dat day ü send me da url cant work one...,0,en,sms,uci,,uci_sms,train
Never try alone to take the weight of a tear that comes out of ur heart and falls through ur eyes... Always remember a STUPID FRIEND is here to share... BSLVYL,0,en,sms,uci,,uci_sms,test
Hey mate. Spoke to the mag people. We‘re on.  the is deliver by the end of the month. Deliver on the 24th sept. Talk later. ,0,en,sms,uci,,uci_sms,train
Hope you are having a good week. Just checking in,0,en,sms,uci,,uci_sms,train
"Haha, my friend tyler literally just asked if you could get him a dubsack",0,en,sms,uci,,uci_sms,train
"""Hey! do u fancy meetin me at 4 at cha  hav a lil beverage on me. if not txt or ring me and we can meet up l8r. quite tired got in at 3 v.pist ;) love Pete x x x""",0,en,sms,uci,,uci_sms,test
Great. Have a safe trip. Dont panic surrender all.,0,en,sms,uci,,uci_sms,train
"""SYMPTOMS"" when U are in love: ""1.U like listening songs 2.U get stopped where u see the name of your beloved 3.U won't get angry when your",0,en,sms,uci,,uci_sms,test
Sun ah... Thk mayb can if dun have anythin on... Thk have to book e lesson... E pilates is at orchard mrt u noe hor...  ,0,en,sms,uci,,uci_sms,train
Try to do something dear. You read something for exams,0,en,sms,uci,,uci_sms,train
"7 wonders in My WORLD 7th You 6th Ur style 5th Ur smile 4th Ur Personality 3rd Ur Nature 2nd Ur SMS and 1st ""Ur Lovely Friendship""... good morning dear",0,en,sms,uci,,uci_sms,train
Gettin rdy to ship comp,0,en,sms,uci,,uci_sms,train
I am in hospital da. . I will return home in evening,0,en,sms,uci,,uci_sms,train
PISS IS TALKING IS SOMEONE THAT REALISE U THAT POINT THIS AT IS IT.(NOW READ IT BACKWARDS),0,en,sms,uci,,uci_sms,train
Think + da. You wil do.,0,en,sms,uci,,uci_sms,test
I'm awake oh. What's up.,0,en,sms,uci,,uci_sms,train
Good afternoon my boytoy. How goes that walking here and there day ? Did you get that police abstract? Are you still out and about? I wake and miss you babe,0,en,sms,uci,,uci_sms,train
How much u trying to get?,0,en,sms,uci,,uci_sms,train
"Come around  &lt;DECIMAL&gt; pm vikky..i'm otside nw, il come by tht time",0,en,sms,uci,,uci_sms,train
Tell me again what your address is,0,en,sms,uci,,uci_sms,train
"Honeybee Said: *I'm d Sweetest in d World* God Laughed &amp; Said: *Wait,U Havnt Met d Person Reading This Msg* MORAL: Even GOD Can Crack Jokes! GM+GN+GE+GN:)",0,en,sms,uci,,uci_sms,train
Should i buy him a blackberry bold 2 or torch. Should i buy him new or used. Let me know. Plus are you saying i should buy the  &lt;#&gt; g wifi ipad. And what are you saying about the about the  &lt;#&gt; g?,0,en,sms,uci,,uci_sms,train
But you were together so you should be thinkin about him,0,en,sms,uci,,uci_sms,train
hiya hows it going in sunny africa? hope u r avin a good time. give that big old silver back a big kiss from me.,0,en,sms,uci,,uci_sms,train
At WHAT TIME should i come tomorrow,0,en,sms,uci,,uci_sms,train
Wanna have a laugh? Try CHIT-CHAT on your mobile now! Logon by txting the word: CHAT and send it to No: 8883 CM PO Box 4217 London W1A 6ZF 16+ 118p/msg rcvd,1,en,sms,uci,,uci_sms,train
"""CHA QUITEAMUZING THATSCOOL BABE,PROBPOP IN & CU SATTHEN HUNNY 4BREKKIE! LOVE JEN XXX. PSXTRA LRG PORTIONS 4 ME PLEASE """,0,en,sms,uci,,uci_sms,train
Omg how did u know what I ate?,0,en,sms,uci,,uci_sms,train
"""URGENT! This is the 2nd attempt to contact U!U have WON £1000CALL 09071512432 b4 300603t&csBCM4235WC1N3XX.callcost150ppmmobilesvary. max£7. 50""",1,en,sms,uci,,uci_sms,train
:( but your not here....,0,en,sms,uci,,uci_sms,train
Not directly behind... Abt 4 rows behind ü...,0,en,sms,uci,,uci_sms,train
Congratulations ur awarded 500 of CD vouchers or 125gift guaranteed & Free entry 2 100 wkly draw txt MUSIC to 87066,1,en,sms,uci,,uci_sms,train
"Had your contract mobile 11 Mnths? Latest Motorola, Nokia etc. all FREE! Double Mins & Text on Orange tariffs. TEXT YES for callback, no to remove from records",1,en,sms,uci,,uci_sms,train
"Urgent! call 09066350750 from your landline. Your complimentary 4* Ibiza Holiday or 10,000 cash await collection SAE T&Cs PO BOX 434 SK3 8WP 150 ppm 18+",1,en,sms,uci,,uci_sms,train
No plans yet. What are you doing ?,0,en,sms,uci,,uci_sms,train
Hi ....My engagement has been fixd on  &lt;#&gt; th of next month. I know its really shocking bt....hmm njan vilikkam....t ws al of a sudn;-(.,0,en,sms,uci,,uci_sms,train
Not course. Only maths one day one chapter with in one month we can finish.,0,en,sms,uci,,uci_sms,train
Wow didn't think it was that common. I take it all back ur not a freak! Unless u chop it off:-),0,en,sms,uci,,uci_sms,train
"For ur chance to win a £250 wkly shopping spree TXT: SHOP to 80878. T's&C's www.txt-2-shop.com custcare 08715705022, 1x150p/wk",1,en,sms,uci,,uci_sms,train
Noooooooo please. Last thing I need is stress. For once in your life be fair.,0,en,sms,uci,,uci_sms,train
U have a Secret Admirer who is looking 2 make contact with U-find out who they R*reveal who thinks UR so special-call on 09065171142-stopsms-08718727870150ppm,1,en,sms,uci,,uci_sms,train
"Mila, age23, blonde, new in UK. I look sex with UK guys. if u like fun with me. Text MTALK to 69866.18 . 30pp/txt 1st 5free. £1.50 increments. Help08718728876",1,en,sms,uci,,uci_sms,train
"I'll see if I can swing by in a bit, got some things to take care of here firsg",0,en,sms,uci,,uci_sms,train
I wanted to wish you a Happy New Year and I wanted to talk to you about some legal advice to do with when Gary and I split but in person. I'll make a trip to Ptbo for that. I hope everything is good with you babe and I love ya :),0,en,sms,uci,,uci_sms,test
Have you not finished work yet or something?,0,en,sms,uci,,uci_sms,train
Tomorrow i am not going to theatre. . . So i can come wherever u call me. . . Tell me where and when to come tomorrow,0,en,sms,uci,,uci_sms,train
Well done ENGLAND! Get the official poly ringtone or colour flag on yer mobile! text TONE or FLAG to 84199 NOW! Opt-out txt ENG STOP. Box39822 W111WX £1.50,1,en,sms,uci,,uci_sms,train
Right it wasnt you who phoned it was someone with a number like yours!,0,en,sms,uci,,uci_sms,test
It's ok i wun b angry. Msg u aft i come home tonight.,0,en,sms,uci,,uci_sms,train
I had a good time too. Its nice to do something a bit different with my weekends for a change. See ya soon,0,en,sms,uci,,uci_sms,train
Yo sorry was in the shower sup,0,en,sms,uci,,uci_sms,train
"Carlos is down but I have to pick it up from him, so I'll swing by usf in a little bit",0,en,sms,uci,,uci_sms,test
Full heat pa:-) i have applyed oil pa.,0,en,sms,uci,,uci_sms,test
I'm stuck in da middle of da row on da right hand side of da lt... ,0,en,sms,uci,,uci_sms,train
Have you laid your airtel line to rest?,0,en,sms,uci,,uci_sms,train
Hi did u decide wot 2 get 4 his bday if not ill prob jus get him a voucher frm virgin or sumfing ,0,en,sms,uci,,uci_sms,train
FreeMsg: Txt: CALL to No: 86888 & claim your reward of 3 hours talk time to use from your phone now! Subscribe6GBP/mnth inc 3hrs 16 stop?txtStop,1,en,sms,uci,,uci_sms,train
"""Hey j! r u feeling any better, hopeSo hunny. i amnow feelin ill & ithink i may have tonsolitusaswell! damn iam layin in bedreal bored. lotsof luv me xxxx""",0,en,sms,uci,,uci_sms,test
And I don't plan on staying the night but I prolly won't be back til late,0,en,sms,uci,,uci_sms,train
THANX 4 PUTTIN DA FONE DOWN ON ME!!,0,en,sms,uci,,uci_sms,train
"I need an 8th but I'm off campus atm, could I pick up in an hour or two?",0,en,sms,uci,,uci_sms,train
"Oh... Haha... Den we shld had went today too... Gee, nvm la... Kaiez, i dun mind goin jazz oso... Scared hiphop open cant catch up... ",0,en,sms,uci,,uci_sms,train
Been running but only managed 5 minutes and then needed oxygen! Might have to resort to the roller option!,0,en,sms,uci,,uci_sms,train
We live in the next  &lt;#&gt; mins,0,en,sms,uci,,uci_sms,train
Y de asking like this.,0,en,sms,uci,,uci_sms,train
Just glad to be talking to you.,0,en,sms,uci,,uci_sms,train
Wat time ü finish?,0,en,sms,uci,,uci_sms,train
Sorry da. I gone mad so many pending works what to do.,0,en,sms,uci,,uci_sms,train
How much you got for cleaning,0,en,sms,uci,,uci_sms,train
hows my favourite person today? r u workin hard? couldn't sleep again last nite nearly rang u at 4.30,0,en,sms,uci,,uci_sms,test
Sunshine Quiz! Win a super Sony DVD recorder if you canname the capital of Australia? Text MQUIZ to 82277. B,1,en,sms,uci,,uci_sms,train
Ü called dad oredi...,0,en,sms,uci,,uci_sms,train
Good. do you think you could send me some pix? I would love to see your top and bottom...,0,en,sms,uci,,uci_sms,train
Nvm... I'm going to wear my sport shoes anyway... I'm going to be late leh.,0,en,sms,uci,,uci_sms,train
"Sorry, I'll call later In meeting.",0,en,sms,uci,,uci_sms,train
THIS IS A LONG FUCKIN SHOWR,0,en,sms,uci,,uci_sms,train
"Received, understood n acted upon!",0,en,sms,uci,,uci_sms,train
They finally came to fix the ceiling.,0,en,sms,uci,,uci_sms,train
"U need my presnts always bcz U cant mis love. ""jeevithathile irulinae neekunna prakasamanu sneham"" prakasam ennal prabha 'That mns prabha is'LOVE' Got it. Dont mis me....",0,en,sms,uci,,uci_sms,train
Jus finish blowing my hair. U finish dinner already?,0,en,sms,uci,,uci_sms,train
I'm on the bus. Love you,0,en,sms,uci,,uci_sms,train
Lol ... I knew that .... I saw him in the dollar store,0,en,sms,uci,,uci_sms,train
Please call our customer service representative on 0800 169 6031 between 10am-9pm as you have WON a guaranteed £1000 cash or £5000 prize!,1,en,sms,uci,,uci_sms,test
Todays Voda numbers ending with 7634 are selected to receive a £350 reward. If you have a match please call 08712300220 quoting claim code 7684 standard rates apply.,1,en,sms,uci,,uci_sms,test
Only saturday and sunday holiday so its very difficult:),0,en,sms,uci,,uci_sms,train
Everybody had fun this evening. Miss you.,0,en,sms,uci,,uci_sms,train
"Got hella gas money, want to go on a grand nature adventure with galileo in a little bit?",0,en,sms,uci,,uci_sms,train
"I'm in a meeting, call me later at",0,en,sms,uci,,uci_sms,train
Oh wow thats gay. Will firmware update help,0,en,sms,uci,,uci_sms,train
These won't do. Have to move on to morphine,0,en,sms,uci,,uci_sms,train
How come i din c ü... Yup i cut my hair...,0,en,sms,uci,,uci_sms,test
K k pa Had your lunch aha.,0,en,sms,uci,,uci_sms,train
Oh ho. Is this the first time u use these type of words,0,en,sms,uci,,uci_sms,test
Captain vijaykanth is doing comedy in captain tv..he is drunken :),0,en,sms,uci,,uci_sms,train
Of course. I guess god's just got me on hold right now.,0,en,sms,uci,,uci_sms,train
Do you hide anythiing or keeping distance from me,0,en,sms,uci,,uci_sms,train
Havent.,0,en,sms,uci,,uci_sms,train
You are being ripped off! Get your mobile content from www.clubmoby.com call 08717509990 poly/true/Pix/Ringtones/Games six downloads for only 3,1,en,sms,uci,,uci_sms,train
Sorry i din lock my keypad.,0,en,sms,uci,,uci_sms,train
Did u got that persons story,0,en,sms,uci,,uci_sms,test
Are you planning to come chennai?,0,en,sms,uci,,uci_sms,train
We tried to contact you re your reply to our offer of a Video Phone 750 anytime any network mins Half Price Line Rental Camcorder Reply or call 08000930705,1,en,sms,uci,,uci_sms,train
God created gap btwn ur fingers so dat sum1 vry special will fill those gaps by holding ur hands.. Now plz dont ask y he created so much gap between legs !!!,0,en,sms,uci,,uci_sms,train
We are okay. Going to sleep now. Later,0,en,sms,uci,,uci_sms,train
"Please protect yourself from e-threats. SIB never asks for sensitive information like Passwords,ATM/SMS PIN thru email. Never share your password with anybody.",0,en,sms,uci,,uci_sms,train
"Finally it has happened..! Aftr decades..! BEER is now cheaper than PETROL! The goverment expects us to ""DRINK"". . . But don't ""DRIVE """,0,en,sms,uci,,uci_sms,test
A £400 XMAS REWARD IS WAITING FOR YOU! Our computer has randomly picked you from our loyal mobile customers to receive a £400 reward. Just call 09066380611 ,1,en,sms,uci,,uci_sms,train
Where r e meeting tmr?,0,en,sms,uci,,uci_sms,train
Lol yes. But it will add some spice to your day.,0,en,sms,uci,,uci_sms,train
Hope you are having a great day.,0,en,sms,uci,,uci_sms,test
Our Prasanth ettans mother passed away last night. Just pray for her and family.,0,en,sms,uci,,uci_sms,train
"K, I'll work something out",0,en,sms,uci,,uci_sms,train
PRIVATE! Your 2003 Account Statement for shows 800 un-redeemed S. I. M. points. Call 08718738002 Identifier Code: 48922 Expires 21/11/04,1,en,sms,uci,,uci_sms,test
This message is from a great Doctor in India:-): 1) Do not drink APPY FIZZ. It contains Cancer causing age,0,en,sms,uci,,uci_sms,train
I cant pick the phone right now. Pls send a message,0,en,sms,uci,,uci_sms,train
You call him and tell now infront of them. Call him now.,0,en,sms,uci,,uci_sms,train
Ok no prob...,0,en,sms,uci,,uci_sms,train
Ladies first and genus second k .,0,en,sms,uci,,uci_sms,test
No. Yes please. Been swimming?,0,en,sms,uci,,uci_sms,train
Mum not going robinson already.,0,en,sms,uci,,uci_sms,test
Ok set let u noe e details later...,0,en,sms,uci,,uci_sms,train
Not..tel software name..,0,en,sms,uci,,uci_sms,train
I send the print  outs da.,0,en,sms,uci,,uci_sms,train
IM REALY SOZ IMAT MY MUMS 2NITE WHAT ABOUT 2MORO ,0,en,sms,uci,,uci_sms,test
"When I was born, GOD said, ""Oh No! Another IDIOT"". When you were born, GOD said, ""OH No! COMPETITION"". Who knew, one day these two will become FREINDS FOREVER!",0,en,sms,uci,,uci_sms,train
"I didnt get ur full msg..sometext is missing, send it again",0,en,sms,uci,,uci_sms,train
"Probably not, I'm almost out of gas and I get some cash tomorrow",0,en,sms,uci,,uci_sms,train
"Customer service announcement. We recently tried to make a delivery to you but were unable to do so, please call 07099833605 to re-schedule. Ref:9280114",1,en,sms,uci,,uci_sms,train
I forgot 2 ask ü all smth.. There's a card on da present lei... How? Ü all want 2 write smth or sign on it?,0,en,sms,uci,,uci_sms,train
I'm leaving my house now.,0,en,sms,uci,,uci_sms,train
"Hi babe its Chloe, how r u? I was smashed on saturday night, it was great! How was your weekend? U been missing me? SP visionsms.com Text stop to stop 150p/text",1,en,sms,uci,,uci_sms,train
Ü ready then call me...,0,en,sms,uci,,uci_sms,train
Wewa is 130. Iriver 255. All 128 mb.,0,en,sms,uci,,uci_sms,train
It is a good thing I'm now getting the connection to bw,0,en,sms,uci,,uci_sms,train
Sry da..jst nw only i came to home..,0,en,sms,uci,,uci_sms,train
"That's cool he'll be here all night, lemme know when you're around",0,en,sms,uci,,uci_sms,train
Are you staying in town ?,0,en,sms,uci,,uci_sms,train
"Haha yeah, 2 oz is kind of a shitload",0,en,sms,uci,,uci_sms,train
Ok u can take me shopping when u get paid =D,0,en,sms,uci,,uci_sms,train
"My life Means a lot to me, Not because I love my life, But because I love the people in my life, The world calls them friends, I call them my World:-).. Ge:-)..",0,en,sms,uci,,uci_sms,train
"Alright we'll bring it to you, see you in like  &lt;#&gt;  mins",0,en,sms,uci,,uci_sms,train
But pls dont play in others life.,0,en,sms,uci,,uci_sms,train
Eatin my lunch...,0,en,sms,uci,,uci_sms,train
Hmmm.but you should give it on one day..,0,en,sms,uci,,uci_sms,train
"Didn't try, g and I decided not to head out",0,en,sms,uci,,uci_sms,train
Ok no prob,0,en,sms,uci,,uci_sms,train
Surly ill give it to you:-) while coming to review.,0,en,sms,uci,,uci_sms,train
"By march ending, i should be ready. But will call you for sure. The problem is that my capital never complete. How far with you. How's work and the ladies",0,en,sms,uci,,uci_sms,train
Tessy..pls do me a favor. Pls convey my birthday wishes to Nimya..pls dnt forget it. Today is her birthday Shijas,0,en,sms,uci,,uci_sms,train
Pls give her the food preferably pap very slowly with loads of sugar. You can take up to an hour to give it. And then some water. Very very slowly.,0,en,sms,uci,,uci_sms,train
"URGENT! Your Mobile No 07808726822 was awarded a £2,000 Bonus Caller Prize on 02/09/03! This is our 2nd attempt to contact YOU! Call 0871-872-9758 BOX95QU",1,en,sms,uci,,uci_sms,train
A guy who gets used but is too dumb to realize it.,0,en,sms,uci,,uci_sms,train
"Okey dokey, i‘ll be over in a bit just sorting some stuff out.",0,en,sms,uci,,uci_sms,train
Don no da:)whats you plan?,0,en,sms,uci,,uci_sms,train
Yes fine ,0,en,sms,uci,,uci_sms,train
"WIN: We have a winner! Mr. T. Foley won an iPod! More exciting prizes soon, so keep an eye on ur mobile or visit www.win-82050.co.uk",1,en,sms,uci,,uci_sms,train
I liked the new mobile,0,en,sms,uci,,uci_sms,test
Anytime...,0,en,sms,uci,,uci_sms,train
Mmmmmmm *snuggles into you* ...*deep contented sigh* ... *whispers* ... I fucking love you so much I can barely stand it ...,0,en,sms,uci,,uci_sms,train
Yar but they say got some error.,0,en,sms,uci,,uci_sms,test
Hey anyway i have to :-),0,en,sms,uci,,uci_sms,train
Wow so healthy. Old airport rd lor. Cant thk of anything else. But i'll b bathing my dog later.,0,en,sms,uci,,uci_sms,test
Wif my family booking tour package.,0,en,sms,uci,,uci_sms,test
"Did you say bold, then torch later. Or one torch and 2bold?",0,en,sms,uci,,uci_sms,train
"Haha awesome, I might need to take you up on that, what you doin tonight?",0,en,sms,uci,,uci_sms,train
Ya i knw u vl giv..its ok thanks kano..anyway enjoy wit ur family wit 1st salary..:-);-),0,en,sms,uci,,uci_sms,train
Huh so slow i tot u reach long ago liao... U 2 more days only i 4 more leh...,0,en,sms,uci,,uci_sms,train
Thats cool princess! I will cover your face in hot sticky cum :),0,en,sms,uci,,uci_sms,train
Big brother‘s really scraped the barrel with this shower of social misfits,0,en,sms,uci,,uci_sms,train
Oops i thk i dun haf enuff... I go check then tell ü..,0,en,sms,uci,,uci_sms,train
S:)8 min to go for lunch:),0,en,sms,uci,,uci_sms,train
"Hey. What happened? U switch off ur cell d whole day. This isnt good. Now if u do care, give me a call tomorrow.",0,en,sms,uci,,uci_sms,test
"K will do, addie &amp; I are doing some art so I'll be here when you get home",0,en,sms,uci,,uci_sms,test
My uncles in Atlanta. Wish you guys a great semester.,0,en,sms,uci,,uci_sms,train
"Aiyo... Her lesson so early... I'm still sleepin, haha... Okie, u go home liao den confirm w me lor...",0,en,sms,uci,,uci_sms,train
Forgot to tell ü smth.. Can ü like number the sections so that it's clearer..,0,en,sms,uci,,uci_sms,train
"Yup. Anything lor, if u dun wan it's ok...",0,en,sms,uci,,uci_sms,train
"I'm home, my love ... If your still awake ... *loving kiss*",0,en,sms,uci,,uci_sms,train
HELLO PEACH! MY CAKE TASTS LUSH!,0,en,sms,uci,,uci_sms,test
"FREE GAME. Get Rayman Golf 4 FREE from the O2 Games Arcade. 1st get UR games settings. Reply POST, then save & activ8. Press 0 key for Arcade. Termsapply",1,en,sms,uci,,uci_sms,train
"There'll be a minor shindig at my place later tonight, you interested?",0,en,sms,uci,,uci_sms,train
Jason says it's cool if we pick some up from his place in like an hour,0,en,sms,uci,,uci_sms,train
"Had your mobile 10 mths? Update to the latest Camera/Video phones for FREE. KEEP UR SAME NUMBER, Get extra free mins/texts. Text YES for a call",1,en,sms,uci,,uci_sms,train
I (Career Tel) have added u as a contact on INDYAROCKS.COM to send FREE SMS. To remove from phonebook - sms NO to  &lt;#&gt;,0,en,sms,uci,,uci_sms,train
I've reached already.,0,en,sms,uci,,uci_sms,train
I dont know ask to my brother. Nothing problem some thing that. Just i told .,0,en,sms,uci,,uci_sms,train
K:)eng rocking in ashes:),0,en,sms,uci,,uci_sms,train
Wat time r ü going to xin's hostel?,0,en,sms,uci,,uci_sms,train
Good Morning my Dear Shijutta........... Have a great &amp; successful day.,0,en,sms,uci,,uci_sms,train
Buy Space Invaders 4 a chance 2 win orig Arcade Game console. Press 0 for Games Arcade (std WAP charge) See o2.co.uk/games 4 Terms + settings. No purchase,1,en,sms,uci,,uci_sms,train
Oh k:)after that placement there ah?,0,en,sms,uci,,uci_sms,test
"Not for possession, especially not first offense",0,en,sms,uci,,uci_sms,train
"Nt only for driving even for many reasons she is called BBD..thts it chikku, then hw abt dvg cold..heard tht vinobanagar violence hw is the condition..and hw ru ? Any problem?",0,en,sms,uci,,uci_sms,test
I bought the test yesterday. Its something that lets you know the exact day u ovulate.when will get 2u in about 2 to 3wks. But pls pls dont fret. I know u r worried. Pls relax. Also is there anything in ur past history u need to tell me?,0,en,sms,uci,,uci_sms,train
We have pizza if u want,0,en,sms,uci,,uci_sms,test
"I keep seeing weird shit and bein all ""woah"" then realising it's actually reasonable and I'm all ""oh""",0,en,sms,uci,,uci_sms,train
Many more happy returns of the day. I wish you happy birthday.,0,en,sms,uci,,uci_sms,train
Ya very nice. . .be ready on thursday,0,en,sms,uci,,uci_sms,train
I am in hospital da. . I will return home in evening,0,en,sms,uci,,uci_sms,test
"""Thinking of u ;) x""",0,en,sms,uci,,uci_sms,train
Camera - You are awarded a SiPix Digital Camera! call 09061221066 fromm landline. Delivery within 28 days.,1,en,sms,uci,,uci_sms,train
Orh i tot u say she now still dun believe.,0,en,sms,uci,,uci_sms,train
"When you just put in the + sign, choose my number and the pin will show. Right?",0,en,sms,uci,,uci_sms,train
The beauty of life is in next second.. which hides thousands of secrets. I wish every second will be wonderful in ur life...!! gud n8,0,en,sms,uci,,uci_sms,train
Thanx u darlin!im cool thanx. A few bday drinks 2 nite. 2morrow off! Take care c u soon.xxx,0,en,sms,uci,,uci_sms,train
"If you're still up, maybe leave the credit card so I can get gas when I get back like he told me to",0,en,sms,uci,,uci_sms,train
Your weekly Cool-Mob tones are ready to download !This weeks new Tones include: 1) Crazy Frog-AXEL F>>> 2) Akon-Lonely>>> 3) Black Eyed-Dont P >>>More info in n,1,en,sms,uci,,uci_sms,train
Well boy am I glad G wasted all night at applebees for nothing,0,en,sms,uci,,uci_sms,train
Cashbin.co.uk (Get lots of cash this weekend!) www.cashbin.co.uk Dear Welcome to the weekend We have got our biggest and best EVER cash give away!! These..,1,en,sms,uci,,uci_sms,train
Ok lor... Or u wan me go look 4 u?,0,en,sms,uci,,uci_sms,train
U wan 2 haf lunch i'm in da canteen now.,0,en,sms,uci,,uci_sms,train
Don't make life too stressfull.. Always find time to Laugh.. It may not add years to your Life! But surely adds more life to ur years!! Gud ni8..swt dreams..,0,en,sms,uci,,uci_sms,train
"hey, looks like I was wrong and one of the kappa guys numbers is still on my phone, if you want I can text him and see if he's around",0,en,sms,uci,,uci_sms,train
URGENT! Your Mobile number has been awarded with a £2000 prize GUARANTEED. Call 09061790121 from land line. Claim 3030. Valid 12hrs only 150ppm,1,en,sms,uci,,uci_sms,train
Thanks 4 your continued support Your question this week will enter u in2 our draw 4 £100 cash. Name the NEW US President? txt ans to 80082,1,en,sms,uci,,uci_sms,train
I'm home. Doc gave me pain meds says everything is fine.,0,en,sms,uci,,uci_sms,train
It's é only $140 ard...É rest all ard $180 at least...Which is é price 4 é 2 bedrm ($900),0,en,sms,uci,,uci_sms,train
Me too! Have a lovely night xxx,0,en,sms,uci,,uci_sms,train
Prepare to be pleasured :),0,en,sms,uci,,uci_sms,train
Hi.:)technical support.providing assistance to us customer through call and email:),0,en,sms,uci,,uci_sms,train
if you text on your way to cup stop that should work. And that should be BUS,0,en,sms,uci,,uci_sms,train
Whens your radio show?,0,en,sms,uci,,uci_sms,train
Your unique user ID is 1172. For removal send STOP to 87239 customer services 08708034412,1,en,sms,uci,,uci_sms,train
I'm not sure if its still available though,0,en,sms,uci,,uci_sms,test
watever reLation u built up in dis world only thing which remains atlast iz lonlines with lotz n lot memories! feeling..,0,en,sms,uci,,uci_sms,train
CHEERS LOU! YEAH WAS A GOODNITE SHAME U NEVA CAME! C YA GAILxx,0,en,sms,uci,,uci_sms,test
Hi..i got the money da:),0,en,sms,uci,,uci_sms,train
"Hi, Mobile no.  &lt;#&gt;  has added you in their contact list on www.fullonsms.com It s a great place to send free sms to people For more visit fullonsms.com",0,en,sms,uci,,uci_sms,test
Ok then u tell me wat time u coming later lor.,0,en,sms,uci,,uci_sms,train
U repeat e instructions again. Wat's e road name of ur house?,0,en,sms,uci,,uci_sms,train
"So many people seems to be special at first sight, But only very few will remain special to you till your last sight.. Maintain them till life ends.. Sh!jas",0,en,sms,uci,,uci_sms,train
Quite lor. But dun tell him wait he get complacent...,0,en,sms,uci,,uci_sms,train
Sorry completely forgot * will pop em round this week if your still here?,0,en,sms,uci,,uci_sms,train
U R THE MOST BEAUTIFUL GIRL IVE EVER SEEN. U R MY BABY COME AND C ME IN THE COMMON ROOM,0,en,sms,uci,,uci_sms,test
O we cant see if we can join denis and mina? Or does denis want alone time,0,en,sms,uci,,uci_sms,train
Sen told that he is going to join his uncle finance in cbe,0,en,sms,uci,,uci_sms,test
Yup... Hey then one day on fri we can ask miwa and jiayin take leave go karaoke ,0,en,sms,uci,,uci_sms,train
"Call me, i am senthil from hsbc.",0,en,sms,uci,,uci_sms,train
"Especially since i talk about boston all up in my personal statement, lol! I woulda changed that if i had realized it said nyc! It says boston now.",0,en,sms,uci,,uci_sms,train
Indeed and by the way it was either or - not both !,0,en,sms,uci,,uci_sms,train
"Urgent -call 09066649731from Landline. Your complimentary 4* Ibiza Holiday or £10,000 cash await collection SAE T&Cs PO BOX 434 SK3 8WP 150ppm 18+",1,en,sms,uci,,uci_sms,test
Holy living christ what is taking you so long,0,en,sms,uci,,uci_sms,test
Ü thk of wat to eat tonight.,0,en,sms,uci,,uci_sms,train
"Thanx. Yup we coming back on sun. Finish dinner going back 2 hotel now. Time flies, we're tog 4 exactly a mth today. Hope we'll haf many more mths to come...",0,en,sms,uci,,uci_sms,train
We're on the opposite side from where we dropped you off,0,en,sms,uci,,uci_sms,train
Yup. Izzit still raining heavily cos i'm in e mrt i can't c outside.,0,en,sms,uci,,uci_sms,train
Send me your resume:-),0,en,sms,uci,,uci_sms,train
Gd luck 4 ur exams :-),0,en,sms,uci,,uci_sms,train
Or u ask they all if next sat can a not. If all of them can make it then i'm ok lor.,0,en,sms,uci,,uci_sms,train
Sorry that was my uncle. I.ll keep in touch,0,en,sms,uci,,uci_sms,train
Saw Guys and Dolls last night with Patrick Swayze it was great,0,en,sms,uci,,uci_sms,train
URGENT This is our 2nd attempt to contact U. Your £900 prize from YESTERDAY is still awaiting collection. To claim CALL NOW 09061702893,1,en,sms,uci,,uci_sms,train
Santa calling! Would your little ones like a call from Santa Xmas Eve? Call 09077818151 to book you time. Calls1.50ppm last 3mins 30s T&C www.santacalling.com,1,en,sms,uci,,uci_sms,test
Just come home. I don't want u to be miserable,0,en,sms,uci,,uci_sms,train
I dont know why she.s not getting your messages,0,en,sms,uci,,uci_sms,test
"its cool but tyler had to take off so we're gonna buy for him and drop it off at his place later tonight. Our total order is a quarter, you got enough?",0,en,sms,uci,,uci_sms,train
"The guy at the car shop who was flirting with me got my phone number from the paperwork and called and texted me. I'm nervous because of course now he may have my address. Should i call his boss and tell him, knowing this may get him fired?",0,en,sms,uci,,uci_sms,test
Reverse is cheating. That is not mathematics.,0,en,sms,uci,,uci_sms,train
How do you plan to manage that,0,en,sms,uci,,uci_sms,train
"Er, hello, things didn‘t quite go to plan – is limping slowly home followed by aa and with exhaust hanging off",0,en,sms,uci,,uci_sms,train
Sorry for the delay. Yes masters,0,en,sms,uci,,uci_sms,train
Call me when u finish then i come n pick u.,0,en,sms,uci,,uci_sms,train
PRIVATE! Your 2004 Account Statement for 078498****7 shows 786 unredeemed Bonus Points. To claim call 08719180219 Identifier Code: 45239 Expires 06.05.05,1,en,sms,uci,,uci_sms,test
What's up my own oga. Left my phone at home and just saw ur messages. Hope you are good. Have a great weekend.,0,en,sms,uci,,uci_sms,train
"Don't worry though, I understand how important it is that I be put in my place with a poorly thought out punishment in the face of the worst thing that has ever happened to me. Brb gonna go kill myself",0,en,sms,uci,,uci_sms,train
"Honey, can you pls find out how much they sell Predicte in Nigeria. And how many times can it be used. Its very important to have a reply before monday",0,en,sms,uci,,uci_sms,test
E admin building there? I might b slightly earlier... I'll call u when i'm reaching...,0,en,sms,uci,,uci_sms,train
"fyi I'm at usf now, swing by the room whenever",0,en,sms,uci,,uci_sms,train
i can call in  &lt;#&gt;  min if thats ok,0,en,sms,uci,,uci_sms,test
Ummmmmaah Many many happy returns of d day my dear sweet heart.. HAPPY BIRTHDAY dear,0,en,sms,uci,,uci_sms,train
Ü no home work to do meh... ,0,en,sms,uci,,uci_sms,train
Anything is valuable in only 2 situations: First- Before getting it... Second- After loosing it...,0,en,sms,uci,,uci_sms,test
Me too. Mark is taking forever to pick up my prescription and the pain is coming back.,0,en,sms,uci,,uci_sms,train
How's ur paper?,0,en,sms,uci,,uci_sms,train
Got smaller capacity one? Quite ex...,0,en,sms,uci,,uci_sms,train
Check Out Choose Your Babe Videos @ sms.shsex.netUN fgkslpoPW fgkslpo,1,en,sms,uci,,uci_sms,train
Im good! I have been thinking about you...,0,en,sms,uci,,uci_sms,train
u r a winner U ave been specially selected 2 receive £1000 cash or a 4* holiday (flights inc) speak to a live operator 2 claim 0871277810710p/min (18 ),1,en,sms,uci,,uci_sms,train
:-) :-),0,en,sms,uci,,uci_sms,test
Not thought bout it... || Drink in tap & spile at seven. || Is that pub on gas st off broad st by canal. || Ok?,0,en,sms,uci,,uci_sms,train
I am going to sleep. I am tired of travel.,0,en,sms,uci,,uci_sms,train
"Haha, just what I was thinkin",0,en,sms,uci,,uci_sms,train
Yup but it's not giving me problems now so mayb i'll jus leave it...,0,en,sms,uci,,uci_sms,train
Lol no. Just trying to make your day a little more interesting,0,en,sms,uci,,uci_sms,train
"How long before you get reply, just defer admission til next semester",0,en,sms,uci,,uci_sms,train
"The word ""Checkmate"" in chess comes from the Persian phrase ""Shah Maat"" which means; ""the king is dead.."" Goodmorning.. Have a good day..:)",0,en,sms,uci,,uci_sms,train
Po de :-):):-):-):-). No need job aha.,0,en,sms,uci,,uci_sms,test
Rats. Hey did u ever vote for the next themes?,0,en,sms,uci,,uci_sms,train
"New Mobiles from 2004, MUST GO! Txt: NOKIA to No: 89545 & collect yours today! From ONLY £1. www.4-tc.biz 2optout 087187262701.50gbp/mtmsg18 TXTAUCTION.",1,en,sms,uci,,uci_sms,train
I hope your pee burns tonite.,0,en,sms,uci,,uci_sms,train
"OH RITE. WELL IM WITH MY BEST MATE PETE, WHO I WENT OUT WITH 4 A WEEK+ NOW WERE 2GEVA AGAIN. ITS BEEN LONGER THAN A WEEK.",0,en,sms,uci,,uci_sms,train
Yay can't wait to party together!,0,en,sms,uci,,uci_sms,train
....photoshop makes my computer shut down.,0,en,sms,uci,,uci_sms,test
All boys made fun of me today. Ok i have no problem. I just sent one message just for fun,0,en,sms,uci,,uci_sms,train
That's one of the issues but california is okay. No snow so its manageable,0,en,sms,uci,,uci_sms,train
PRIVATE! Your 2003 Account Statement for shows 800 un-redeemed S. I. M. points. Call 08715203652 Identifier Code: 42810 Expires 29/10/0,1,en,sms,uci,,uci_sms,train
"Hmmm.... Mayb can try e shoppin area one, but forgot e name of hotel...",0,en,sms,uci,,uci_sms,test
"Awesome, that gonna be soon or later tonight?",0,en,sms,uci,,uci_sms,train
I need details about that online job.,0,en,sms,uci,,uci_sms,train
YOU HAVE WON! As a valued Vodafone customer our computer has picked YOU to win a £150 prize. To collect is easy. Just call 09061743386 ,1,en,sms,uci,,uci_sms,train
Missing you too.pray inshah allah,0,en,sms,uci,,uci_sms,train
Pls help me tell Ashley that i cant find her number oh,0,en,sms,uci,,uci_sms,train
I am in escape theatre now. . Going to watch KAVALAN in a few minutes,0,en,sms,uci,,uci_sms,test
S.this will increase the chance of winning.,0,en,sms,uci,,uci_sms,train
either way works for me. I am  &lt;#&gt;  years old. Hope that doesnt bother you.,0,en,sms,uci,,uci_sms,train
Maybe you should find something else to do instead???,0,en,sms,uci,,uci_sms,train
Gain the rights of a wife.dont demand it.i am trying as husband too.Lets see,0,en,sms,uci,,uci_sms,train
I liked your new house,0,en,sms,uci,,uci_sms,train
I'm fine. Hope you are also,0,en,sms,uci,,uci_sms,test
"Also north carolina and texas atm, you would just go to the gre site and pay for the test results to be sent.",0,en,sms,uci,,uci_sms,train
Same to u...,0,en,sms,uci,,uci_sms,train
yes baby! I need to stretch open your pussy!,0,en,sms,uci,,uci_sms,train
Thanks  and ! Or bomb and date as my phone wanted to say! ,0,en,sms,uci,,uci_sms,train
Ok...,0,en,sms,uci,,uci_sms,train
"Hey, a guy I know is breathing down my neck to get him some bud, anyway you'd be able to get a half track to usf tonight?",0,en,sms,uci,,uci_sms,train
"""Response"" is one of d powerful weapon 2 occupy a place in others 'HEART'... So, always give response 2 who cares 4 U""... Gud night..swt dreams..take care",0,en,sms,uci,,uci_sms,train
Nokia phone is lovly..,0,en,sms,uci,,uci_sms,train
**FREE MESSAGE**Thanks for using the Auction Subscription Service. 18 . 150p/MSGRCVD 2 Skip an Auction txt OUT. 2 Unsubscribe txt STOP CustomerCare 08718726270,1,en,sms,uci,,uci_sms,train
Bored housewives! Chat n date now! 0871750.77.11! BT-national rate 10p/min only from landlines!,1,en,sms,uci,,uci_sms,train
Sorry da..today i wont come to play..i have driving clas..,0,en,sms,uci,,uci_sms,train
I'm really sorry I lit your hair on fire,0,en,sms,uci,,uci_sms,train
"Oh! Shit, I thought that was your trip! Loooooool ... That just makes SO much more sense now ... *grins* and the sofa reference was ... The ""sleep on a couch"" link you sent me ... Wasn't that how you went on your trip ? Oh ... And didn't your babe go with you for that celebration with your rents?",0,en,sms,uci,,uci_sms,train
Okey dokey swashbuckling stuff what oh.,0,en,sms,uci,,uci_sms,train
"Watching cartoon, listening music &amp; at eve had to go temple &amp; church.. What about u?",0,en,sms,uci,,uci_sms,train
1. Tension face 2. Smiling face 3. Waste face 4. Innocent face 5.Terror face 6.Cruel face 7.Romantic face 8.Lovable face 9.decent face  &lt;#&gt; .joker face.,0,en,sms,uci,,uci_sms,train
Dip's cell dead. So i m coming with him. U better respond else we shall come back.,0,en,sms,uci,,uci_sms,train
Well. You know what i mean. Texting,0,en,sms,uci,,uci_sms,train
Hi dis is yijue i would be happy to work wif ü all for gek1510...,0,en,sms,uci,,uci_sms,train
Lol! Oops sorry! Have fun. ,0,en,sms,uci,,uci_sms,train
Wat happened to the cruise thing,0,en,sms,uci,,uci_sms,train
"I know dat feelin had it with Pete! Wuld get with em , nuther place nuther time mayb?",0,en,sms,uci,,uci_sms,train
lyricalladie(21/F) is inviting you to be her friend. Reply YES-910 or NO-910. See her: www.SMS.ac/u/hmmross STOP? Send STOP FRND to 62468,1,en,sms,uci,,uci_sms,train
The world's most happiest frnds never have the same characters... Dey just have the best understanding of their differences...,0,en,sms,uci,,uci_sms,train
No 1 POLYPHONIC tone 4 ur mob every week! Just txt PT2 to 87575. 1st Tone FREE ! so get txtin now and tell ur friends. 150p/tone. 16 reply HL 4info,1,en,sms,uci,,uci_sms,train
Yeah just open chat and click friend lists. Then make the list. Easy as pie,0,en,sms,uci,,uci_sms,test
alright tyler's got a minor crisis and has to be home sooner than he thought so be here asap,0,en,sms,uci,,uci_sms,train
When/where do I pick you up,0,en,sms,uci,,uci_sms,test
As usual u can call me ard 10 smth.,0,en,sms,uci,,uci_sms,train
"New Theory: Argument wins d SITUATION, but loses the PERSON. So dont argue with ur friends just.. . . . kick them &amp; say, I'm always correct.!",0,en,sms,uci,,uci_sms,train
For many things its an antibiotic and it can be used for chest abdomen and gynae infections even bone infections.,0,en,sms,uci,,uci_sms,train
Poor girl can't go one day lmao,0,en,sms,uci,,uci_sms,train
Or just do that 6times,0,en,sms,uci,,uci_sms,test
Todays Vodafone numbers ending with 4882 are selected to a receive a £350 award. If your number matches call 09064019014 to receive your £350 award.,1,en,sms,uci,,uci_sms,train
You have to pls make a note of all she.s exposed to. Also find out from her school if anyone else was vomiting. Is there a dog or cat in the house? Let me know later.,0,en,sms,uci,,uci_sms,train
"Japanese Proverb: If one Can do it, U too Can do it, If none Can do it,U must do it Indian version: If one Can do it, LET HIM DO it.. If none Can do it,LEAVE it!! And finally Kerala version: If one can do it, Stop him doing it.. If none can do it, Make a strike against it ...",0,en,sms,uci,,uci_sms,train
Sounds like there could be a lot of time spent in that chastity device boy ... *grins* ... Or take your beatings like a good dog. Going to lounge in a nice long bath now ?,0,en,sms,uci,,uci_sms,train
Its worse if if uses half way then stops. Its better for him to complete it.,0,en,sms,uci,,uci_sms,train
Miserable. They don't tell u that the side effects of birth control are massive gut wrenching cramps for the first 2 months. I didn't sleep at all last night.,0,en,sms,uci,,uci_sms,train
Send me the new number,0,en,sms,uci,,uci_sms,train
Convey my regards to him,0,en,sms,uci,,uci_sms,train
Want the latest Video handset? 750 anytime any network mins? Half price line rental? Reply or call 08000930705 for delivery tomorrow,1,en,sms,uci,,uci_sms,train
2 and half years i missed your friendship:-),0,en,sms,uci,,uci_sms,train
I cant pick the phone right now. Pls send a message,0,en,sms,uci,,uci_sms,train
Oh for fuck's sake she's in like tallahassee,0,en,sms,uci,,uci_sms,train
"Haha, that was the first person I was gonna ask",0,en,sms,uci,,uci_sms,train
"ou are guaranteed the latest Nokia Phone, a 40GB iPod MP3 player or a £500 prize! Txt word: COLLECT to No: 83355! IBHltd LdnW15H 150p/Mtmsgrcvd18",1,en,sms,uci,,uci_sms,train
Taka lor. Wat time u wan 2 come n look 4 us?,0,en,sms,uci,,uci_sms,test
* FREE* POLYPHONIC RINGTONE Text SUPER to 87131 to get your FREE POLY TONE of the week now! 16 SN PoBox202 NR31 7ZS subscription 450pw,1,en,sms,uci,,uci_sms,train
"""I;m reaching in another 2 stops.""",0,en,sms,uci,,uci_sms,train
"no, i *didn't* mean to post it. I wrote it, and like so many other times i've ritten stuff to you, i let it sit there. it WAS what i was feeling at the time. I was angry. Before i left, i hit send, then stop. It wasn't there. I checked on my phone when i got to my car. It wasn't there. You said you didn't sleep, you were bored. So why wouldn't THAT be the time to clean, fold laundry, etc.? At least make the bed?",0,en,sms,uci,,uci_sms,train
Warner Village 83118 C Colin Farrell in SWAT this wkend @Warner Village & get 1 free med. Popcorn!Just show msg+ticket@kiosk.Valid 4-7/12. C t&c @kiosk. Reply SONY 4 mre film offers,1,en,sms,uci,,uci_sms,test
Will you come online today night,0,en,sms,uci,,uci_sms,train
Then anything special?,0,en,sms,uci,,uci_sms,train
"I'm in solihull, | do you want anything?",0,en,sms,uci,,uci_sms,train
Will do. Have a good day,0,en,sms,uci,,uci_sms,test
WE REGRET TO INFORM U THAT THE NHS HAS MADE A MISTAKE.U WERE NEVER ACTUALLY BORN.PLEASE REPORT 2 YOR LOCAL HOSPITAL 2B TERMINATED.WE R SORRY 4 THE INCONVENIENCE,0,en,sms,uci,,uci_sms,test
Love that holiday Monday feeling even if I have to go to the dentists in an hour,0,en,sms,uci,,uci_sms,train
I am on the way to tirupur.,0,en,sms,uci,,uci_sms,train
"Goal! Arsenal 4 (Henry, 7 v Liverpool 2 Henry scores with a simple shot from 6 yards from a pass by Bergkamp to give Arsenal a 2 goal margin after 78 mins.",1,en,sms,uci,,uci_sms,train
You've already got a flaky parent. It'snot supposed to be the child's job to support the parent...not until they're The Ride age anyway. I'm supposed to be there to support you. And now i've hurt you. unintentional. But hurt nonetheless.,0,en,sms,uci,,uci_sms,train
We took hooch for a walk toaday and i fell over! Splat! Grazed my knees and everything! Should have stayed at home! See you tomorrow! ,0,en,sms,uci,,uci_sms,test
"Just dropped em off, omw back now",0,en,sms,uci,,uci_sms,train
"This is the 2nd time we have tried 2 contact u. U have won the 750 Pound prize. 2 claim is easy, call 08712101358 NOW! Only 10p per min. BT-national-rate",1,en,sms,uci,,uci_sms,train
Sitting in mu waiting for everyone to get out of my suite so I can take a shower,0,en,sms,uci,,uci_sms,train
Re your call; You didn't see my facebook huh?,0,en,sms,uci,,uci_sms,test
"G says you never answer your texts, confirm/deny",0,en,sms,uci,,uci_sms,train
"Its so common hearin How r u? Wat r u doing? How was ur day? So let me ask u something different. Did u smile today? If not, do it now.... Gud evng.",0,en,sms,uci,,uci_sms,train
Hi Dear Call me its urgnt. I don't know whats your problem. You don't want to work or if you have any other problem at least tell me. Wating for your reply.,0,en,sms,uci,,uci_sms,train
Oh yah... We never cancel leh... Haha ,0,en,sms,uci,,uci_sms,test
We can go 4 e normal pilates after our intro...  ,0,en,sms,uci,,uci_sms,train
Ok... Let u noe when i leave my house.,0,en,sms,uci,,uci_sms,test
"Oh yes, why is it like torture watching england?",0,en,sms,uci,,uci_sms,train
Wanna do some art?! :D,0,en,sms,uci,,uci_sms,train
Just hopeing that wasn‘t too pissed up to remember and has gone off to his sisters or something!,0,en,sms,uci,,uci_sms,train
"Got what it takes 2 take part in the WRC Rally in Oz? U can with Lucozade Energy! Text RALLY LE to 61200 (25p), see packs or lucozade.co.uk/wrc & itcould be u!",1,en,sms,uci,,uci_sms,train
"Hi, the SEXYCHAT girls are waiting for you to text them. Text now for a great night chatting. send STOP to stop this service",1,en,sms,uci,,uci_sms,train
"Good morning, my boytoy! How's those yummy lips ? Where's my sexy buns now ? What do you do ? Do you think of me ? Do you crave me ? Do you need me ?",0,en,sms,uci,,uci_sms,train
Match started.india  &lt;#&gt;  for 2,0,en,sms,uci,,uci_sms,train
Once free call me sir.,0,en,sms,uci,,uci_sms,train
Hey do you want anything to buy:),0,en,sms,uci,,uci_sms,train
"Hey babe, how's it going ? Did you ever figure out where your going for New Years ?",0,en,sms,uci,,uci_sms,test
K..k.:)congratulation ..,0,en,sms,uci,,uci_sms,train
G wants to know where the fuck you are,0,en,sms,uci,,uci_sms,test
No it was cancelled yeah baby! Well that sounds important so i understand my darlin give me a ring later on this fone love Kate x,0,en,sms,uci,,uci_sms,train
Tomarrow i want to got to court. At  &lt;DECIMAL&gt; . So you come to bus stand at 9.,0,en,sms,uci,,uci_sms,train
Ü go home liao? Ask dad to pick me up at 6...,0,en,sms,uci,,uci_sms,test
Omg you can make a wedding chapel in frontierville? Why do they get all the good stuff?,0,en,sms,uci,,uci_sms,train
"I'm eatin now lor, but goin back to work soon... E mountain deer show huh... I watch b4 liao, very nice...",0,en,sms,uci,,uci_sms,test
Check mail.i have mailed varma and kept copy to you regarding membership.take care.insha allah.,0,en,sms,uci,,uci_sms,train
Wrong phone! This phone! I answer this one but assume the other is people i don't well,0,en,sms,uci,,uci_sms,train
"Anyway I don't think I can secure anything up here, lemme know if you want me to drive down south and chill",0,en,sms,uci,,uci_sms,train
I'm already back home so no probably not,0,en,sms,uci,,uci_sms,train
Great News! Call FREEFONE 08006344447 to claim your guaranteed £1000 CASH or £2000 gift. Speak to a live operator NOW!,1,en,sms,uci,,uci_sms,train
"Hi this is Amy, we will be sending you a free phone number in a couple of days, which will give you an access to all the adult parties...",1,en,sms,uci,,uci_sms,train
I am in bus on the way to calicut,0,en,sms,uci,,uci_sms,test
Hi its me you are probably having too much fun to get this message but i thought id txt u cos im bored! and james has been farting at me all night,0,en,sms,uci,,uci_sms,train
hi baby im sat on the bloody bus at the mo and i wont be home until about 7:30 wanna do somethin later? call me later ortxt back jess xx,0,en,sms,uci,,uci_sms,train
"Welcome to Select, an O2 service with added benefits. You can now call our specially trained advisors FREE from your mobile by dialling 402.",1,en,sms,uci,,uci_sms,train
I lost 4 pounds since my doc visit last week woot woot! Now I'm gonna celebrate by stuffing my face!,0,en,sms,uci,,uci_sms,train
U coming back 4 dinner rite? Dad ask me so i re confirm wif u...,0,en,sms,uci,,uci_sms,test
Doing my masters. When will you buy a bb cos i have for sale and how's bf,0,en,sms,uci,,uci_sms,train
"Ahhhh...just woken up!had a bad dream about u tho,so i dont like u right now :) i didnt know anything about comedy night but i guess im up for it.",0,en,sms,uci,,uci_sms,test
I'm vivek:)i got call from your number.,0,en,sms,uci,,uci_sms,train
Why didn't u call on your lunch?,0,en,sms,uci,,uci_sms,test
"What i mean was i left too early to check, cos i'm working a 9-6.",0,en,sms,uci,,uci_sms,train
I want  &lt;#&gt;  rs da:)do you have it?,0,en,sms,uci,,uci_sms,train
"A bit of Ur smile is my hppnss, a drop of Ur tear is my sorrow, a part of Ur heart is my life, a heart like mine wil care for U, forevr as my GOODFRIEND",0,en,sms,uci,,uci_sms,test
Yup ok...,0,en,sms,uci,,uci_sms,train
I want to see your pretty pussy...,0,en,sms,uci,,uci_sms,test
Dear Voucher holder Have your next meal on us. Use the following link on your pc 2 enjoy a 2 4 1 dining experiencehttp://www.vouch4me.com/etlp/dining.asp,1,en,sms,uci,,uci_sms,train
"A few people are at the game, I'm at the mall with iouri and kaila",0,en,sms,uci,,uci_sms,train
URGENT! We are trying to contact U. Todays draw shows that you have won a £2000 prize GUARANTEED. Call 09058094507 from land line. Claim 3030. Valid 12hrs only,1,en,sms,uci,,uci_sms,train
You can donate £2.50 to UNICEF's Asian Tsunami disaster support fund by texting DONATE to 864233. £2.50 will be added to your next bill,1,en,sms,uci,,uci_sms,train
Future is not what we planned for tomorrow.....! it is the result of what we do today...! Do the best in present... enjoy the future.,0,en,sms,uci,,uci_sms,train
I will cme i want to go to hos 2morow. After that i wil cme. This what i got from her dear what to do. She didnt say any time,0,en,sms,uci,,uci_sms,train
We are supposed to meet to discuss abt our trip... Thought xuhui told you? In the afternoon. Thought we can go for lesson after that,0,en,sms,uci,,uci_sms,train
Hey come online! Use msn... We are all there,0,en,sms,uci,,uci_sms,test
I'm fine. Hope you are good. Do take care.,0,en,sms,uci,,uci_sms,train
Oops I was in the shower when u called. Hey a parking garage collapsed at university hospital. See I'm not crazy. Stuff like that DOES happen.,0,en,sms,uci,,uci_sms,train
Aiyo u so poor thing... Then u dun wan 2 eat? U bathe already?,0,en,sms,uci,,uci_sms,train
Yar... I tot u knew dis would happen long ago already.,0,en,sms,uci,,uci_sms,train
You are gorgeous! keep those pix cumming :) thank you!,0,en,sms,uci,,uci_sms,train
"A boy was late 2 home. His father: ""POWER OF FRNDSHIP""",0,en,sms,uci,,uci_sms,test
JADE ITS PAUL. Y DIDNT U TXT ME? DO U REMEMBER ME FROM BARMED? I WANT 2 TALK 2 U! TXT ME,0,en,sms,uci,,uci_sms,test
Spending new years with my brother and his family. Lets plan to meet next week. Are you ready to be spoiled? :),0,en,sms,uci,,uci_sms,train
So what u doing today?,0,en,sms,uci,,uci_sms,test
I said its okay. Sorry,0,en,sms,uci,,uci_sms,train
Slept? I thinkThis time ( &lt;#&gt;  pm) is not dangerous,0,en,sms,uci,,uci_sms,test
Networking job is there.,0,en,sms,uci,,uci_sms,train
goldviking (29/M) is inviting you to be his friend. Reply YES-762 or NO-762 See him: www.SMS.ac/u/goldviking STOP? Send STOP FRND to 62468,1,en,sms,uci,,uci_sms,train
Dont let studying stress you out. L8r.,0,en,sms,uci,,uci_sms,train
That's y u haf 2 keep me busy...,0,en,sms,uci,,uci_sms,test
No rushing. I'm not working. I'm in school so if we rush we go hungry.,0,en,sms,uci,,uci_sms,train
Which channel:-):-):):-).,0,en,sms,uci,,uci_sms,train
So your telling me I coulda been your real Valentine and I wasn't? U never pick me for NOTHING!!,0,en,sms,uci,,uci_sms,train
Phony £350 award - Todays Voda numbers ending XXXX are selected to receive a £350 award. If you have a match please call 08712300220 quoting claim code 3100 standard rates app,1,en,sms,uci,,uci_sms,train
"We made it! Eta at taunton is 12:30 as planned, hope that‘s still okday?! Good to see you! :-xx",0,en,sms,uci,,uci_sms,train
I'm hungry buy smth home...,0,en,sms,uci,,uci_sms,train
"""HEY KATE, HOPE UR OK... WILL GIVE U A BUZ WEDLUNCH. GO OUTSOMEWHERE 4 ADRINK IN TOWN..CUD GO 2WATERSHD 4 A BIT? PPL FROMWRK WILL BTHERE. LOVE PETEXXX.""",0,en,sms,uci,,uci_sms,train
My drive can only be read. I need to write,0,en,sms,uci,,uci_sms,train
"Just looked it up and addie goes back Monday, sucks to be her",0,en,sms,uci,,uci_sms,train
Happy new year. Hope you are having a good semester,0,en,sms,uci,,uci_sms,train
Esplanade lor. Where else...,0,en,sms,uci,,uci_sms,train
Can you talk with me..,0,en,sms,uci,,uci_sms,train
"Hmph. Go head, big baller.",0,en,sms,uci,,uci_sms,train
Well its not like you actually called someone a punto. That woulda been worse.,0,en,sms,uci,,uci_sms,test
"Nope. Since ayo travelled, he has forgotten his guy",0,en,sms,uci,,uci_sms,train
You still around? Looking to pick up later,0,en,sms,uci,,uci_sms,test
CDs 4u: Congratulations ur awarded £500 of CD gift vouchers or £125 gift guaranteed & Freeentry 2 £100 wkly draw xt MUSIC to 87066 TnCs www.ldew.com1win150ppmx3age16 ,1,en,sms,uci,,uci_sms,train
There's someone here that has a year  &lt;#&gt;  toyota camry like mr olayiwola's own. Mileage is  &lt;#&gt; k.its clean but i need to know how much will it sell for. If i can raise the dough for it how soon after landing will it sell. Holla back.,0,en,sms,uci,,uci_sms,test
Guess which pub im in? Im as happy as a pig in clover or whatever the saying is! ,0,en,sms,uci,,uci_sms,test
ILL B DOWN SOON,0,en,sms,uci,,uci_sms,test
Oh k. . I will come tomorrow,0,en,sms,uci,,uci_sms,train
Go fool dont cheat others ok,0,en,sms,uci,,uci_sms,test
"My mobile number.pls sms ur mail id.convey regards to achan,amma.Rakhesh.Qatar",0,en,sms,uci,,uci_sms,train
"By the way, 'rencontre' is to meet again. Mountains dont....",0,en,sms,uci,,uci_sms,train
You have WON a guaranteed £1000 cash or a £2000 prize. To claim yr prize call our customer service representative on 08714712412 between 10am-7pm Cost 10p,1,en,sms,uci,,uci_sms,train
U attend ur driving lesson how many times a wk n which day?,0,en,sms,uci,,uci_sms,train
"Uncle G, just checking up on you. Do have a rewarding month",0,en,sms,uci,,uci_sms,train
Hello boytoy ! Geeee ... I'm missing you today. I like to send you a tm and remind you I'm thinking of you ... And you are loved ... *loving kiss*,0,en,sms,uci,,uci_sms,train
I think the other two still need to get cash but we can def be ready by 9,0,en,sms,uci,,uci_sms,test
Hey gals...U all wanna meet 4 dinner at nìte? ,0,en,sms,uci,,uci_sms,test
Dear 0776xxxxxxx U've been invited to XCHAT. This is our final attempt to contact u! Txt CHAT to 86688 150p/MsgrcvdHG/Suite342/2Lands/Row/W1J6HL LDN 18yrs,1,en,sms,uci,,uci_sms,train
Babe ! What are you doing ? Where are you ? Who are you talking to ? Do you think of me ? Are you being a good boy? Are you missing me? Do you love me ?,0,en,sms,uci,,uci_sms,train
Great! How is the office today?,0,en,sms,uci,,uci_sms,test
"It's cool, we can last a little while. Getting more any time soon?",0,en,sms,uci,,uci_sms,train
:-( sad puppy noise,0,en,sms,uci,,uci_sms,train
Yes its possible but dint try. Pls dont tell to any one k,0,en,sms,uci,,uci_sms,train
Anyway holla at me whenever you're around because I need an excuse to go creep on people in sarasota,0,en,sms,uci,,uci_sms,test
Where you. What happen,0,en,sms,uci,,uci_sms,train
I was gonna ask you lol but i think its at 7,0,en,sms,uci,,uci_sms,train
Ur cash-balance is currently 500 pounds - to maximize ur cash-in now send GO to 86688 only 150p/meg. CC: 08718720201 HG/Suite342/2lands Row/W1j6HL,1,en,sms,uci,,uci_sms,train
PRIVATE! Your 2003 Account Statement for shows 800 un-redeemed S.I.M. points. Call 08715203685 Identifier Code:4xx26 Expires 13/10/04,1,en,sms,uci,,uci_sms,test
Go chase after her and run her over while she's crossing the street,0,en,sms,uci,,uci_sms,train
I'd like to tell you my deepest darkest fantasies. Call me 09094646631 just 60p/min. To stop texts call 08712460324 (nat rate),1,en,sms,uci,,uci_sms,train
Is there coming friday is leave for pongal?do you get any news from your work place.,0,en,sms,uci,,uci_sms,train
Hey... Very inconvenient for your sis a not huh?,0,en,sms,uci,,uci_sms,train
Ok i vl..do u know i got adsense approved..,0,en,sms,uci,,uci_sms,test
"* Was really good to see you the other day dudette, been missing you!",0,en,sms,uci,,uci_sms,train
I want to go to perumbavoor,0,en,sms,uci,,uci_sms,train
How many times i told in the stage all use to laugh. You not listen aha.,0,en,sms,uci,,uci_sms,train
You won't believe it but it's true. It's Incredible Txts! Reply G now to learn truly amazing things that will blow your mind. From O2FWD only 18p/txt,1,en,sms,uci,,uci_sms,train
(You didn't hear it from me),0,en,sms,uci,,uci_sms,train
Thanks for being there for me just to talk to on saturday. You are very dear to me. I cherish having you as a brother and role model.,0,en,sms,uci,,uci_sms,train
Pls clarify back if an open return ticket that i have can be preponed for me to go back to kerala.,0,en,sms,uci,,uci_sms,train
Natalie (20/F) is inviting you to be her friend. Reply YES-165 or NO-165 See her: www.SMS.ac/u/natalie2k9 STOP? Send STOP FRND to 62468,1,en,sms,uci,,uci_sms,train
She ran off with a younger man. we will make pretty babies together :),0,en,sms,uci,,uci_sms,train
Jamster! To get your free wallpaper text HEART to 88888 now! T&C apply. 16 only. Need Help? Call 08701213186.,1,en,sms,uci,,uci_sms,train
O ic lol. Should play 9 doors sometime yo,0,en,sms,uci,,uci_sms,test
"Dunno, my dad said he coming home 2 bring us out 4 lunch. Yup i go w u lor. I call u when i reach school lor...",0,en,sms,uci,,uci_sms,train
"We have sent JD for Customer Service cum Accounts Executive to ur mail id, For details contact us",0,en,sms,uci,,uci_sms,train
Desires- u going to doctor 4 liver. And get a bit stylish. Get ur hair managed. Thats it.,0,en,sms,uci,,uci_sms,test
Hmmm.still we dont have opener?,0,en,sms,uci,,uci_sms,test
Yeah so basically any time next week you can get away from your mom &amp; get up before 3,0,en,sms,uci,,uci_sms,train
"Edison has rightly said, ""A fool can ask more questions than a wise man can answer"" Now you know why all of us are speechless during ViVa.. GM,GN,GE,GNT:-)",0,en,sms,uci,,uci_sms,train
I will vote for wherever my heart guides me,0,en,sms,uci,,uci_sms,test
With my sis lor... We juz watched italian job.,0,en,sms,uci,,uci_sms,test
"Tick, tick, tick .... Where are you ? I could die of loneliness you know ! *pouts* *stomps feet* I need you ...",0,en,sms,uci,,uci_sms,train
Lmao you know me so well...,0,en,sms,uci,,uci_sms,train
Double Mins & Double Txt & 1/2 price Linerental on Latest Orange Bluetooth mobiles. Call MobileUpd8 for the very latest offers. 08000839402 or call2optout/LF56,1,en,sms,uci,,uci_sms,train
Am on a train back from northampton so i'm afraid not! I'm staying skyving off today ho ho! Will be around wednesday though. Do you fancy the comedy club this week by the way?,0,en,sms,uci,,uci_sms,train
Goodnight da thangam I really miss u dear.,0,en,sms,uci,,uci_sms,train
Hey next sun 1030 there's a basic yoga course... at bugis... We can go for that... Pilates intro next sat.... Tell me what time you r free,0,en,sms,uci,,uci_sms,train
"Geeeee ... Your internet is really bad today, eh ?",0,en,sms,uci,,uci_sms,train
Free video camera phones with Half Price line rental for 12 mths and 500 cross ntwk mins 100 txts. Call MobileUpd8 08001950382 or Call2OptOut/674,1,en,sms,uci,,uci_sms,train
I think i am disturbing her da,0,en,sms,uci,,uci_sms,train
"Sorry, I'll call you  later. I am in meeting sir.",0,en,sms,uci,,uci_sms,train
Havent stuck at orchard in my dad's car. Going 4 dinner now. U leh? So r they free tonight?,0,en,sms,uci,,uci_sms,test
Ok i also wan 2 watch e 9 pm show...,0,en,sms,uci,,uci_sms,train
I dunno lei... Like dun haf...,0,en,sms,uci,,uci_sms,train
But your brother transfered only  &lt;#&gt;  +  &lt;#&gt; . Pa.,0,en,sms,uci,,uci_sms,test
I calls you later. Afternoon onwords mtnl service get problem in south mumbai. I can hear you but you cann't listen me.,0,en,sms,uci,,uci_sms,train
83039 62735=£450 UK Break AccommodationVouchers terms & conditions apply. 2 claim you mustprovide your claim number which is 15541 ,1,en,sms,uci,,uci_sms,train
Talk to g and x about that,0,en,sms,uci,,uci_sms,train
Hai dear friends... This is my new &amp; present number..:) By Rajitha Raj (Ranju),0,en,sms,uci,,uci_sms,train
5p 4 alfie Moon's Children in need song on ur mob. Tell ur m8s. Txt Tone charity to 8007 for Nokias or Poly charity for polys: zed 08701417012 profit 2 charity.,1,en,sms,uci,,uci_sms,train
As in different styles?,0,en,sms,uci,,uci_sms,test
WIN a £200 Shopping spree every WEEK Starting NOW. 2 play text STORE to 88039. SkilGme. TsCs08714740323 1Winawk! age16 £1.50perweeksub.,1,en,sms,uci,,uci_sms,train
Gud ni8 dear..slp well..take care..swt dreams..Muah..,0,en,sms,uci,,uci_sms,train
I want to sent  &lt;#&gt; mesages today. Thats y. Sorry if i hurts,0,en,sms,uci,,uci_sms,train
"This is the 2nd attempt to contract U, you have won this weeks top prize of either £1000 cash or £200 prize. Just call 09066361921",1,en,sms,uci,,uci_sms,train
"Well, i'm glad you didn't find it totally disagreeable ... Lol",0,en,sms,uci,,uci_sms,train
"Guy, no flash me now. If you go call me, call me. How madam. Take care oh.",0,en,sms,uci,,uci_sms,train
Do you want a New Nokia 3510i colour phone DeliveredTomorrow? With 300 free minutes to any mobile + 100 free texts + Free Camcorder reply or call 08000930705.,1,en,sms,uci,,uci_sms,train
Mark works tomorrow. He gets out at 5. His work is by your house so he can meet u afterwards.,0,en,sms,uci,,uci_sms,train
"""Keep ur problems in ur heart, b'coz nobody will fight for u. Only u &amp; u have to fight for ur self &amp; win the battle. -VIVEKANAND- G 9t.. SD..",0,en,sms,uci,,uci_sms,test
"Yeah, give me a call if you've got a minute",0,en,sms,uci,,uci_sms,train
"""HI BABE UAWAKE?FEELLIKW SHIT.JUSTFOUND OUT VIA ALETTER THATMUM GOTMARRIED 4thNOV.BEHIND OURBACKS  FUCKINNICE!SELFISH,DEVIOUSBITCH.ANYWAY,IL CALL U""",0,en,sms,uci,,uci_sms,train
Amazing : If you rearrange these letters it gives the same meaning... Dormitory = Dirty room Astronomer = Moon starer The eyes = They see Election results = Lies lets recount Mother-in-law = Woman Hitler Eleven plus two =Twelve plus one Its Amazing... !:-),0,en,sms,uci,,uci_sms,test
Aiya we discuss later lar... Pick ü up at 4 is it?,0,en,sms,uci,,uci_sms,test
Hey happy birthday...,0,en,sms,uci,,uci_sms,train
Sorry i missed your call. Can you please call back.,0,en,sms,uci,,uci_sms,test
Omg if its not one thing its another. My cat has worms :/ when does this bad day end?,0,en,sms,uci,,uci_sms,train
"Good morning, im suffering from fever and dysentry ..will not be able to come to office today.",0,en,sms,uci,,uci_sms,train
I wont do anything de.,0,en,sms,uci,,uci_sms,test
What type of stuff do you sing?,0,en,sms,uci,,uci_sms,train
"St andre, virgil's cream",0,en,sms,uci,,uci_sms,test
No no. I will check all rooms befor activities,0,en,sms,uci,,uci_sms,train
"My fri ah... Okie lor,goin 4 my drivin den go shoppin after tt...",0,en,sms,uci,,uci_sms,train
Gokila is talking with you aha:),0,en,sms,uci,,uci_sms,train
"Hi Shanil,Rakhesh here.thanks,i have exchanged the uncut diamond stuff.leaving back. Excellent service by Dino and Prem.",0,en,sms,uci,,uci_sms,train
K.k.this month kotees birthday know?,0,en,sms,uci,,uci_sms,test
But i'm really really broke oh. No amount is too small even  &lt;#&gt; ,0,en,sms,uci,,uci_sms,train
Sorry about that this is my mates phone and i didnt write it love Kate,0,en,sms,uci,,uci_sms,train
"TheMob>Hit the link to get a premium Pink Panther game, the new no. 1 from Sugababes, a crazy Zebra animation or a badass Hoody wallpaper-all 4 FREE!",1,en,sms,uci,,uci_sms,train
"Ah, well that confuses things, doesnt it? I thought was friends with now. Maybe i did the wrong thing but i already sort of invited -tho he may not come cos of money.",0,en,sms,uci,,uci_sms,train
"Aight, call me once you're close",0,en,sms,uci,,uci_sms,train
Nope thats fine. I might have a nap tho! ,0,en,sms,uci,,uci_sms,train
This msg is for your mobile content order It has been resent as previous attempt failed due to network error Queries to customersqueries@netvision.uk.com,1,en,sms,uci,,uci_sms,train
In other news after hassling me to get him weed for a week andres has no money. HAUGHAIGHGTUJHYGUJ,0,en,sms,uci,,uci_sms,test
"A Boy loved a gal. He propsd bt she didnt mind. He gv lv lttrs, Bt her frnds threw thm. Again d boy decided 2 aproach d gal , dt time a truck was speeding towards d gal. Wn it was about 2 hit d girl,d boy ran like hell n saved her. She asked 'hw cn u run so fast?' D boy replied ""Boost is d secret of my energy"" n instantly d girl shouted ""our energy"" n Thy lived happily 2gthr drinking boost evrydy Moral of d story:- I hv free msgs:D;): gud ni8",0,en,sms,uci,,uci_sms,test
I wnt to buy a BMW car urgently..its vry urgent.but hv a shortage of  &lt;#&gt; Lacs.there is no source to arng dis amt. &lt;#&gt; lacs..thats my prob,0,en,sms,uci,,uci_sms,train
Ding me on ya break fassyole! Blacko from londn,0,en,sms,uci,,uci_sms,train
I REALLY NEED 2 KISS U I MISS U MY BABY FROM UR BABY 4EVA,0,en,sms,uci,,uci_sms,train
"The sign of maturity is not when we start saying big things.. But actually it is, when we start understanding small things... *HAVE A NICE EVENING* BSLVYL",0,en,sms,uci,,uci_sms,train
Oh you got many responsibilities.,0,en,sms,uci,,uci_sms,train
You have 1 new message. Please call 08715205273,1,en,sms,uci,,uci_sms,test
I've reached sch already...,0,en,sms,uci,,uci_sms,train
December only! Had your mobile 11mths+? You are entitled to update to the latest colour camera mobile for Free! Call The Mobile Update VCo FREE on 08002986906 ,1,en,sms,uci,,uci_sms,train
U definitely need a module from e humanities dis sem izzit? U wan 2 take other modules 1st?,0,en,sms,uci,,uci_sms,train
Argh why the fuck is nobody in town ;_;,0,en,sms,uci,,uci_sms,test
"Get 3 Lions England tone, reply lionm 4 mono or lionp 4 poly. 4 more go 2 www.ringtones.co.uk, the original n best. Tones 3GBP network operator rates apply.",1,en,sms,uci,,uci_sms,train
Thanks. Fills me with complete calm and reassurance! ,0,en,sms,uci,,uci_sms,test
Aslamalaikkum....insha allah tohar beeen muht albi mufti mahfuuz...meaning same here....,0,en,sms,uci,,uci_sms,test
Are you driving or training?,0,en,sms,uci,,uci_sms,train
Lol for real. She told my dad I have cancer,0,en,sms,uci,,uci_sms,train
PRIVATE! Your 2003 Account Statement for 078,1,en,sms,uci,,uci_sms,train
"Oops I did have it,  &lt;#&gt; ?",0,en,sms,uci,,uci_sms,train
"""NOT ENUFCREDEIT TOCALL.SHALL ILEAVE UNI AT 6 +GET A BUS TO YOR HOUSE?""",0,en,sms,uci,,uci_sms,train
"Hi Chikku, send some nice msgs",0,en,sms,uci,,uci_sms,test
"He is impossible to argue with and he always treats me like his sub, like he never released me ... Which he did and I will remind him of that if necessary",0,en,sms,uci,,uci_sms,train
"After my work ah... Den 6 plus lor... U workin oso rite... Den go orchard lor, no other place to go liao...",0,en,sms,uci,,uci_sms,test
"To the wonderful Okors, have a great month. We cherish you guys and wish you well each day. MojiBiola",0,en,sms,uci,,uci_sms,train
Cuz ibored. And don wanna study,0,en,sms,uci,,uci_sms,train
Wot about on wed nite I am 3 then but only til 9!,0,en,sms,uci,,uci_sms,train
"Rose for red,red for blood,blood for heart,heart for u. But u for me.... Send tis to all ur friends.. Including me.. If u like me.. If u get back, 1-u r poor in relation! 2-u need some 1 to support 3-u r frnd 2 many 4-some1 luvs u 5+- some1 is praying god to marry u.:-) try it....",0,en,sms,uci,,uci_sms,train
Any way where are you and what doing.,0,en,sms,uci,,uci_sms,train
That sucks. I'll go over so u can do my hair. You'll do it free right?,0,en,sms,uci,,uci_sms,train
it's still not working. And this time i also tried adding zeros. That was the savings. The checking is  &lt;#&gt; ,0,en,sms,uci,,uci_sms,train
"Hmm... Dunno leh, mayb a bag 4 goigng out dat is not too small. Or jus anything except perfume, smth dat i can keep.",0,en,sms,uci,,uci_sms,train
Sday only joined.so training we started today:),0,en,sms,uci,,uci_sms,train
Sorry * was at the grocers.,0,en,sms,uci,,uci_sms,train
There are some nice pubs near here or there is Frankie n Bennys near the warner cinema?,0,en,sms,uci,,uci_sms,train
"YOU VE WON! Your 4* Costa Del Sol Holiday or £5000 await collection. Call 09050090044 Now toClaim. SAE, TC s, POBox334, Stockport, SK38xh, Cost£1.50/pm, Max10mins",1,en,sms,uci,,uci_sms,train
Yup... I havent been there before... You want to go for the yoga? I can call up to book ,0,en,sms,uci,,uci_sms,train
Oh shut it. Omg yesterday I had a dream that I had 2 kids both boys. I was so pissed. Not only about the kids but them being boys. I even told mark in my dream that he was changing diapers cause I'm not getting owed in the face.,0,en,sms,uci,,uci_sms,train
Yeah I imagine he would be really gentle. Unlike the other docs who treat their patients like turkeys.,0,en,sms,uci,,uci_sms,train
FREE for 1st week! No1 Nokia tone 4 ur mobile every week just txt NOKIA to 8077 Get txting and tell ur mates. www.getzed.co.uk POBox 36504 W45WQ 16+ norm150p/tone,1,en,sms,uci,,uci_sms,train
Now that you have started dont stop. Just pray for more good ideas and anything i see that can help you guys i.ll forward you a link.,0,en,sms,uci,,uci_sms,train
Hi darlin im on helens fone im gonna b up the princes 2 nite please come up tb love Kate,0,en,sms,uci,,uci_sms,train
I'm in office now da:)where are you?,0,en,sms,uci,,uci_sms,train
Aiyar u so poor thing... I give u my support k... Jia you! I'll think of u...,0,en,sms,uci,,uci_sms,test
Oh unintentionally not bad timing. Great. Fingers  the trains play along! Will give fifteen min warning.,0,en,sms,uci,,uci_sms,train
Get your garden ready for summer with a FREE selection of summer bulbs and seeds worth £33:50 only with The Scotsman this Saturday. To stop go2 notxt.co.uk,1,en,sms,uci,,uci_sms,train
K..then come wenever u lik to come and also tel vikky to come by getting free time..:-),0,en,sms,uci,,uci_sms,train
Pls call me da. What happen.,0,en,sms,uci,,uci_sms,test
"Happy new year to u and ur family...may this new year bring happiness , stability and tranquility to ur vibrant colourful life:):)",0,en,sms,uci,,uci_sms,test
No problem with the renewal. I.ll do it right away but i dont know his details.,0,en,sms,uci,,uci_sms,train
Idk. I'm sitting here in a stop and shop parking lot right now bawling my eyes out because i feel like i'm a failure in everything. Nobody wants me and now i feel like i'm failing you.,0,en,sms,uci,,uci_sms,train
Haven't left yet so probably gonna be here til dinner,0,en,sms,uci,,uci_sms,train
"Like  &lt;#&gt; , same question",0,en,sms,uci,,uci_sms,train
MY NEW YEARS EVE WAS OK. I WENT TO A PARTY WITH MY BOYFRIEND. WHO IS THIS SI THEN HEY,0,en,sms,uci,,uci_sms,train
"Sir, I need Velusamy sir's date of birth and company bank facilities details.",0,en,sms,uci,,uci_sms,train
K k:) sms chat with me.,0,en,sms,uci,,uci_sms,test
I will come with karnan car. Please wait till 6pm will directly goto doctor.,0,en,sms,uci,,uci_sms,train
No but the bluray player can,0,en,sms,uci,,uci_sms,train
Ok... Then r we meeting later?,0,en,sms,uci,,uci_sms,test
Lol no. I just need to cash in my nitros. Hurry come on before I crash out!,0,en,sms,uci,,uci_sms,train
Just send a text. We'll skype later.,0,en,sms,uci,,uci_sms,train
Ok leave no need to ask,0,en,sms,uci,,uci_sms,train
"Congrats 2 mobile 3G Videophones R yours. call 09063458130 now! videochat wid ur mates, play java games, Dload polypH music, noline rentl. bx420. ip4. 5we. 150p",1,en,sms,uci,,uci_sms,train
Ü still got lessons?  Ü in sch?,0,en,sms,uci,,uci_sms,train
Y she dun believe leh? I tot i told her it's true already. I thk she muz c us tog then she believe.,0,en,sms,uci,,uci_sms,test
Oh did you charge camera,0,en,sms,uci,,uci_sms,test
"I‘ve got some salt, you can rub it in my open wounds if you like!",0,en,sms,uci,,uci_sms,train
Now i'm going for lunch.,0,en,sms,uci,,uci_sms,train
I'm in school now n i'll be in da lab doing some stuff give me a call when ü r done.,0,en,sms,uci,,uci_sms,train
Oh k. . I will come tomorrow,0,en,sms,uci,,uci_sms,train
"Aight, text me tonight and we'll see what's up",0,en,sms,uci,,uci_sms,train
U 2.,0,en,sms,uci,,uci_sms,test
Water logging in desert. Geoenvironmental implications.,0,en,sms,uci,,uci_sms,train
Raji..pls do me a favour. Pls convey my Birthday wishes to Nimya. Pls. Today is her birthday.,0,en,sms,uci,,uci_sms,test
Company is very good.environment is terrific and food is really nice:),0,en,sms,uci,,uci_sms,train
"Very strange.  and  are watching the 2nd one now but i'm in bed. Sweet dreams, miss u ",0,en,sms,uci,,uci_sms,train
SMS AUCTION - A BRAND NEW Nokia 7250 is up 4 auction today! Auction is FREE 2 join & take part! Txt NOKIA to 86021 now!,1,en,sms,uci,,uci_sms,train
"Hi hope u r both ok, he said he would text and he hasn't, have u seen him, let me down gently please ",0,en,sms,uci,,uci_sms,test
"Babe! I fucking love you too !! You know? Fuck it was so good to hear your voice. I so need that. I crave it. I can't get enough. I adore you, Ahmad *kisses*",0,en,sms,uci,,uci_sms,train
K sure am in my relatives home. Sms me de. Pls:-),0,en,sms,uci,,uci_sms,test
I sent them. Do you like?,0,en,sms,uci,,uci_sms,train
"Fuuuuck I need to stop sleepin, sup",0,en,sms,uci,,uci_sms,train
I'm in town now so i'll jus take mrt down later.,0,en,sms,uci,,uci_sms,train
I just cooked a rather nice salmon a la you,0,en,sms,uci,,uci_sms,train
I uploaded mine to Facebook,0,en,sms,uci,,uci_sms,train
WHAT TIME U WRKIN?,0,en,sms,uci,,uci_sms,test
Okie,0,en,sms,uci,,uci_sms,train
ree entry in 2 a weekly comp for a chance to win an ipod. Txt POD to 80182 to get entry (std txt rate) T&C's apply 08452810073 for details 18+,1,en,sms,uci,,uci_sms,train
Our records indicate u maybe entitled to 5000 pounds in compensation for the Accident you had. To claim 4 free reply with CLAIM to this msg. 2 stop txt STOP,1,en,sms,uci,,uci_sms,train
"Sorry, I'll call later",0,en,sms,uci,,uci_sms,train
Oh oh... Den muz change plan liao... Go back have to yan jiu again...,0,en,sms,uci,,uci_sms,train
"It's wylie, you in tampa or sarasota?",0,en,sms,uci,,uci_sms,test
Ok... Take ur time n enjoy ur dinner...,0,en,sms,uci,,uci_sms,train
Darren was saying dat if u meeting da ge den we dun meet 4 dinner. Cos later u leave xy will feel awkward. Den u meet him 4 lunch lor.,0,en,sms,uci,,uci_sms,train
"Spook up your mob with a Halloween collection of a logo & pic message plus a free eerie tone, txt CARD SPOOK to 8007 zed 08701417012150p per logo/pic ",1,en,sms,uci,,uci_sms,train
I like cheap! But i‘m happy to splash out on the wine if it makes you feel better..,0,en,sms,uci,,uci_sms,test
She.s fine. I have had difficulties with her phone. It works with mine. Can you pls send her another friend request.,0,en,sms,uci,,uci_sms,test
Ugh my leg hurts. Musta overdid it on mon.,0,en,sms,uci,,uci_sms,train
Call Germany for only 1 pence per minute! Call from a fixed line via access number 0844 861 85 85. No prepayment. Direct access! www.telediscount.co.uk,1,en,sms,uci,,uci_sms,train
"YOU VE WON! Your 4* Costa Del Sol Holiday or £5000 await collection. Call 09050090044 Now toClaim. SAE, TC s, POBox334, Stockport, SK38xh, Cost£1.50/pm, Max10mins",1,en,sms,uci,,uci_sms,train
WOT STUDENT DISCOUNT CAN U GET ON BOOKS?,0,en,sms,uci,,uci_sms,train
Me fine..absolutly fine,0,en,sms,uci,,uci_sms,train
How come she can get it? Should b quite diff to guess rite...,0,en,sms,uci,,uci_sms,train
Had your mobile 11mths ? Update for FREE to Oranges latest colour camera mobiles & unlimited weekend calls. Call Mobile Upd8 on freefone 08000839402 or 2StopTxt,1,en,sms,uci,,uci_sms,test
I will reach ur home in  &lt;#&gt;  minutes,0,en,sms,uci,,uci_sms,train
"Babe, I'm answering you, can't you see me ? Maybe you'd better reboot YM ... I got the photo ... It's great !",0,en,sms,uci,,uci_sms,train
Hi.what you think about match?,0,en,sms,uci,,uci_sms,train
"I know you are thinkin malaria. But relax, children cant handle malaria. She would have been worse and its gastroenteritis. If she takes enough to replace her loss her temp will reduce. And if you give her malaria meds now she will just vomit. Its a self limiting illness she has which means in a few days it will completely stop",0,en,sms,uci,,uci_sms,train
Dai i downloaded but there is only exe file which i can only run that exe after installing.,0,en,sms,uci,,uci_sms,train
It is only yesterday true true.,0,en,sms,uci,,uci_sms,train
K.k.how is your business now?,0,en,sms,uci,,uci_sms,train
3 pa but not selected.,0,en,sms,uci,,uci_sms,train
Natalja (25/F) is inviting you to be her friend. Reply YES-440 or NO-440 See her: www.SMS.ac/u/nat27081980 STOP? Send STOP FRND to 62468,1,en,sms,uci,,uci_sms,test
I keep ten rs in my shelf:) buy two egg.,0,en,sms,uci,,uci_sms,train
I am late. I will be there at,0,en,sms,uci,,uci_sms,train
Well thats nice. Too bad i cant eat it,0,en,sms,uci,,uci_sms,train
I accidentally brought em home in the box,0,en,sms,uci,,uci_sms,train
Pls she needs to dat slowly or she will vomit more.,0,en,sms,uci,,uci_sms,train
I have to take exam with in march 3,0,en,sms,uci,,uci_sms,train
"Jane babes not goin 2 wrk, feel ill after lst nite. Foned in already cover 4 me chuck.:-)",0,en,sms,uci,,uci_sms,train
5 nights...We nt staying at port step liao...Too ex,0,en,sms,uci,,uci_sms,train
If I die I want u to have all my stuffs.,0,en,sms,uci,,uci_sms,train
"""OH FUCK. JUSWOKE UP IN A BED ON A BOATIN THE DOCKS. SLEPT WID 25 YEAR OLD. SPINOUT! GIV U DA GOSSIP L8R. XXX""",0,en,sms,uci,,uci_sms,test
Smile in Pleasure Smile in Pain Smile when trouble pours like Rain Smile when sum1 Hurts U Smile becoz SOMEONE still Loves to see u Smiling!!,0,en,sms,uci,,uci_sms,test
Prabha..i'm soryda..realy..frm heart i'm sory,0,en,sms,uci,,uci_sms,train
I re-met alex nichols from middle school and it turns out he's dealing!,0,en,sms,uci,,uci_sms,train
PRIVATE! Your 2003 Account Statement for <fone no> shows 800 un-redeemed S. I. M. points. Call 08715203656 Identifier Code: 42049 Expires 26/10/04,1,en,sms,uci,,uci_sms,test
It means u could not keep ur words.,0,en,sms,uci,,uci_sms,train
"Nope, I'm still in the market",0,en,sms,uci,,uci_sms,test
I realise you are a busy guy and i'm trying not to be a bother. I have to get some exams outta the way and then try the cars. Do have a gr8 day,0,en,sms,uci,,uci_sms,train
YOU ARE CHOSEN TO RECEIVE A £350 AWARD! Pls call claim number 09066364311 to collect your award which you are selected to receive as a valued mobile customer.,1,en,sms,uci,,uci_sms,train
Hey what how about your project. Started aha da.,0,en,sms,uci,,uci_sms,train
Ok cool. See ya then.,0,en,sms,uci,,uci_sms,train
Am on the uworld site. Am i buying the qbank only or am i buying it with the self assessment also?,0,en,sms,uci,,uci_sms,train
Your opinion about me? 1. Over 2. Jada 3. Kusruthi 4. Lovable 5. Silent 6. Spl character 7. Not matured 8. Stylish 9. Simple Pls reply..,0,en,sms,uci,,uci_sms,train
Someonone you know is trying to contact you via our dating service! To find out who it could be call from your mobile or landline 09064015307 BOX334SK38ch ,1,en,sms,uci,,uci_sms,train
Yeah I can still give you a ride,0,en,sms,uci,,uci_sms,train
"Jay wants to work out first, how's 4 sound?",0,en,sms,uci,,uci_sms,train
"Gud gud..k, chikku tke care.. sleep well gud nyt",0,en,sms,uci,,uci_sms,train
Its a part of checking IQ,0,en,sms,uci,,uci_sms,train
Hmm thinking lor...,0,en,sms,uci,,uci_sms,train
Of course ! Don't tease me ... You know I simply must see ! *grins* ... Do keep me posted my prey ... *loving smile* *devouring kiss*,0,en,sms,uci,,uci_sms,test
thanks for the temales it was wonderful. Thank. Have a great week.,0,en,sms,uci,,uci_sms,train
Thank you princess! I want to see your nice juicy booty...,0,en,sms,uci,,uci_sms,test
Haven't eaten all day. I'm sitting here staring at this juicy pizza and I can't eat it. These meds are ruining my life.,0,en,sms,uci,,uci_sms,train
Gud ni8 dear..slp well..take care..swt dreams..Muah..,0,en,sms,uci,,uci_sms,train
U come n search tat vid..not finishd..,0,en,sms,uci,,uci_sms,train
"K I'm leaving soon, be there a little after 9",0,en,sms,uci,,uci_sms,train
Urgent! Please call 09061213237 from a landline. £5000 cash or a 4* holiday await collection. T &Cs SAE PO Box 177 M227XY. 16+,1,en,sms,uci,,uci_sms,test
"Yeah work is fine, started last week, all the same stuff as before, dull but easy and guys are fun!",0,en,sms,uci,,uci_sms,train
You do your studies alone without anyones help. If you cant no need to study.,0,en,sms,uci,,uci_sms,train
Please tell me not all of my car keys are in your purse,0,en,sms,uci,,uci_sms,train
I didnt get anything da,0,en,sms,uci,,uci_sms,train
Ok... Sweet dreams...,0,en,sms,uci,,uci_sms,test
Well she's in for a big surprise!,0,en,sms,uci,,uci_sms,train
"As usual..iam fine, happy &amp; doing well..:)",0,en,sms,uci,,uci_sms,train
1 in cbe. 2 in chennai.,0,en,sms,uci,,uci_sms,train
Can help u swoop by picking u up from wherever ur other birds r meeting if u want.,0,en,sms,uci,,uci_sms,train
If anyone calls for a treadmill say you'll buy it. Make sure its working. I found an ad on Craigslist selling for $ &lt;#&gt; .,0,en,sms,uci,,uci_sms,train
I absolutely LOVE South Park! I only recently started watching the office.,0,en,sms,uci,,uci_sms,train
Did you see that film:),0,en,sms,uci,,uci_sms,test
Pls speak with me. I wont ask anything other then you friendship.,0,en,sms,uci,,uci_sms,test
"Storming msg: Wen u lift d phne, u say ""HELLO"" Do u knw wt is d real meaning of HELLO?? . . . It's d name of a girl..! . . . Yes.. And u knw who is dat girl?? ""Margaret Hello"" She is d girlfrnd f Grahmbell who invnted telphone... . . . . Moral:One can 4get d name of a person, bt not his girlfrnd... G o o d n i g h t . . .@",0,en,sms,uci,,uci_sms,test
Gud ni8.swt drms.take care,0,en,sms,uci,,uci_sms,train
HI DARLIN ITS KATE ARE U UP FOR DOIN SOMETHIN TONIGHT? IM GOING TO A PUB CALLED THE SWAN OR SOMETHING WITH MY PARENTS FOR ONE DRINK SO PHONE ME IF U CAN,0,en,sms,uci,,uci_sms,test
Anything lar then ü not going home 4 dinner?,0,en,sms,uci,,uci_sms,train
"""ER, ENJOYIN INDIANS AT THE MO..yeP. SaLL gOoD HehE ;> hows bout u shexy? Pete Xx""",0,en,sms,uci,,uci_sms,train
"If you don't, your prize will go to another customer. T&C at www.t-c.biz 18+ 150p/min Polo Ltd Suite 373 London W1J 6HL Please call back if busy ",1,en,sms,uci,,uci_sms,train
Did u fix the teeth?if not do it asap.ok take care.,0,en,sms,uci,,uci_sms,train
So u wan 2 come for our dinner tonight a not?,0,en,sms,uci,,uci_sms,train
"Hello.How u doing?What u been up 2?When will u b moving out of the flat, cos I will need to arrange to pick up the lamp, etc. Take care. Hello caroline!",0,en,sms,uci,,uci_sms,train
Its too late:)but its k.wish you the same.,0,en,sms,uci,,uci_sms,test
"Hi. Hope ur day * good! Back from walk, table booked for half eight. Let me know when ur coming over.",0,en,sms,uci,,uci_sms,train
Oh yeah clearly it's my fault,0,en,sms,uci,,uci_sms,test
Dunno leh cant remember mayb lor. So wat time r we meeting tmr?,0,en,sms,uci,,uci_sms,test
"Best msg: It's hard to be with a person, when u know that one more step foward will make u fall in love.. &amp; One step back can ruin ur friendship.. good night:-) ...",0,en,sms,uci,,uci_sms,test
URGENT! Your Mobile number has been awarded with a £2000 prize GUARANTEED. Call 09061790126 from land line. Claim 3030. Valid 12hrs only 150ppm,1,en,sms,uci,,uci_sms,train
"Helloooo... Wake up..! ""Sweet"" ""morning"" ""welcomes"" ""You"" ""Enjoy"" ""This Day"" ""with full of joy"".. ""GUD MRNG"".",0,en,sms,uci,,uci_sms,train
"Vikky, come around  &lt;TIME&gt; ..",0,en,sms,uci,,uci_sms,train
"And how you will do that, princess? :)",0,en,sms,uci,,uci_sms,train
I have gone into get info bt dont know what to do,0,en,sms,uci,,uci_sms,train
"Yeah, probably here for a while",0,en,sms,uci,,uci_sms,train
Sent me ur email id soon,0,en,sms,uci,,uci_sms,train
"URGENT! You have won a 1 week FREE membership in our £100,000 Prize Jackpot! Txt the word: CLAIM to No: 81010 T&C www.dbuk.net LCCLTD POBOX 4403LDNW1A7RW18",1,en,sms,uci,,uci_sms,test
I'm still pretty weak today .. Bad day ?,0,en,sms,uci,,uci_sms,train
Hey ! Don't forget ... You are MINE ... For ME ... My possession ... MY property ... MMM ... *childish smile* ...,0,en,sms,uci,,uci_sms,train
An excellent thought by a misundrstud frnd: I knw u hate me bt the day wen u'll knw the truth u'll hate urself:-( Gn:-),0,en,sms,uci,,uci_sms,train
Hey! Congrats 2u2. id luv 2 but ive had 2 go home!,0,en,sms,uci,,uci_sms,train
Dear where you. Call me,0,en,sms,uci,,uci_sms,train
Xy trying smth now. U eat already? We havent...,0,en,sms,uci,,uci_sms,train
Urgent! Please call 09061213237 from landline. £5000 cash or a luxury 4* Canary Islands Holiday await collection. T&Cs SAE PO Box 177. M227XY. 150ppm. 16+,1,en,sms,uci,,uci_sms,test
I donno its in your genes or something,0,en,sms,uci,,uci_sms,train
XMAS iscoming & ur awarded either £500 CD gift vouchers & free entry 2 r £100 weekly draw txt MUSIC to 87066 TnC www.Ldew.com1win150ppmx3age16subscription ,1,en,sms,uci,,uci_sms,train
Alex says he's not ok with you not being ok with it,0,en,sms,uci,,uci_sms,train
Are u coming to the funeral home,0,en,sms,uci,,uci_sms,train
My darling sister. How are you doing. When's school resuming. Is there a minimum wait period before you reapply? Do take care,0,en,sms,uci,,uci_sms,train
I.ll hand her my phone to chat wit u,0,en,sms,uci,,uci_sms,train
Well good morning mr . Hows london treatin' ya treacle?,0,en,sms,uci,,uci_sms,train
I can't make it tonight,0,en,sms,uci,,uci_sms,train
At WHAT TIME should i come tomorrow,0,en,sms,uci,,uci_sms,train
About  &lt;#&gt; bucks. The banks fees are fixed. Better to call the bank and find out.,0,en,sms,uci,,uci_sms,test
"I can. But it will tell quite long, cos i haven't finish my film yet...",0,en,sms,uci,,uci_sms,train
Pls ask macho how much is budget for bb bold 2 is cos i saw a new one for  &lt;#&gt;  dollars.,0,en,sms,uci,,uci_sms,train
"""Hi missed your Call and my mumHas beendropping red wine all over theplace! what is your adress?""",0,en,sms,uci,,uci_sms,train
Ill be at yours in about 3 mins but look out for me,0,en,sms,uci,,uci_sms,train
What you did in  leave.,0,en,sms,uci,,uci_sms,train
I'm coming back on Thursday. Yay. Is it gonna be ok to get the money. Cheers. Oh yeah and how are you. Everything alright. Hows school. Or do you call it work now,0,en,sms,uci,,uci_sms,train
"Jolly good! By the way,  will give u tickets for sat eve 7.30. Speak before then x",0,en,sms,uci,,uci_sms,train
"yeah, that's what I was thinking",0,en,sms,uci,,uci_sms,train
K.k:)i'm going to tirunelvali this week to see my uncle ..i already spend the amount by taking dress .so only i want money.i will give it on feb 1,0,en,sms,uci,,uci_sms,train
Here got ur favorite oyster... N got my favorite sashimi... Ok lar i dun say already... Wait ur stomach start rumbling...,0,en,sms,uci,,uci_sms,test
My sister going to earn more than me da.,0,en,sms,uci,,uci_sms,train
Get the official ENGLAND poly ringtone or colour flag on yer mobile for tonights game! Text TONE or FLAG to 84199. Optout txt ENG STOP Box39822 W111WX £1.50,1,en,sms,uci,,uci_sms,train
Hahaha..use your brain dear,0,en,sms,uci,,uci_sms,train
Jus finish watching tv... U?,0,en,sms,uci,,uci_sms,train
"K, fyi I'm back in my parents' place in south tampa so I might need to do the deal somewhere else",0,en,sms,uci,,uci_sms,train
"Good morning, my Love ... I go to sleep now and wish you a great day full of feeling better and opportunity ... You are my last thought babe, I LOVE YOU *kiss*",0,en,sms,uci,,uci_sms,train
Kothi print out marandratha.,0,en,sms,uci,,uci_sms,train
But we havent got da topic yet rite?,0,en,sms,uci,,uci_sms,train
Ok no problem... Yup i'm going to sch at 4 if i rem correctly...,0,en,sms,uci,,uci_sms,train
"Thanks, I'll keep that in mind",0,en,sms,uci,,uci_sms,test
Aah bless! How's your arm?,0,en,sms,uci,,uci_sms,train
"Dear Sir,Salam Alaikkum.Pride and Pleasure meeting you today at the Tea Shop.We are pleased to send you our contact number at Qatar.Rakhesh an Indian.Pls save our Number.Respectful Regards.",0,en,sms,uci,,uci_sms,test
"Gal n boy walking in d park. gal-can i hold ur hand? boy-y? do u think i would run away? gal-no, jst wana c how it feels walking in heaven with an prince..GN:-)",0,en,sms,uci,,uci_sms,train
What makes you most happy?,0,en,sms,uci,,uci_sms,train
Wishing you a wonderful week.,0,en,sms,uci,,uci_sms,train
Sweet heart how are you?,0,en,sms,uci,,uci_sms,train
"Sir, waiting for your letter.",0,en,sms,uci,,uci_sms,train
Dude im no longer a pisces. Im an aquarius now.,0,en,sms,uci,,uci_sms,train
X course it 2yrs. Just so her messages on messenger lik you r sending me,0,en,sms,uci,,uci_sms,train
I think steyn surely get one wicket:),0,en,sms,uci,,uci_sms,train
"Neither [in sterm voice] - i'm studying. All fine with me! Not sure the  thing will be resolved, tho. Anyway. Have a fab hols",0,en,sms,uci,,uci_sms,train
"Garbage bags, eggs, jam, bread, hannaford wheat chex",0,en,sms,uci,,uci_sms,train
No. It's not pride. I'm almost  &lt;#&gt;  years old and shouldn't be takin money from my kid. You're not supposed to have to deal with this stuff. This is grownup stuff--why i don't tell you.,0,en,sms,uci,,uci_sms,test
Sounds better than my evening im just doing my costume. Im not sure what time i finish tomorrow but i will txt you at the end.,0,en,sms,uci,,uci_sms,train
My birthday is on feb  &lt;#&gt;  da. .,0,en,sms,uci,,uci_sms,train
So when do you wanna gym?,0,en,sms,uci,,uci_sms,train
You'd like that wouldn't you? Jerk!,0,en,sms,uci,,uci_sms,train
Are u awake? Is there snow there?,0,en,sms,uci,,uci_sms,test
And of course you should make a stink!,0,en,sms,uci,,uci_sms,train
"u r subscribed 2 TEXTCOMP 250 wkly comp. 1st wk?s free question follows, subsequent wks charged@150p/msg.2 unsubscribe txt STOP 2 84128,custcare 08712405020",1,en,sms,uci,,uci_sms,test
No go. No openings for that room 'til after thanksgiving without an upcharge.,0,en,sms,uci,,uci_sms,train
When you guys planning on coming over?,0,en,sms,uci,,uci_sms,train
Wat ü doing now?,0,en,sms,uci,,uci_sms,test
"My Parents, My Kidz, My Friends n My Colleagues. All screaming.. SURPRISE !! and I was waiting on the sofa.. ... ..... ' NAKED...!",0,en,sms,uci,,uci_sms,test
No sir. That's why i had an 8-hr trip on the bus last week. Have another audition next wednesday but i think i might drive this time.,0,en,sms,uci,,uci_sms,train
Do I? I thought I put it back in the box,0,en,sms,uci,,uci_sms,train
I'm home...,0,en,sms,uci,,uci_sms,train
No one interested. May be some business plan.,0,en,sms,uci,,uci_sms,train
Yup it's at paragon... I havent decided whether 2 cut yet... Hee...,0,en,sms,uci,,uci_sms,test
Good morning princess! Have a great day!,0,en,sms,uci,,uci_sms,train
Guai... Ü shd haf seen him when he's naughty... Ü so free today? Can go jogging...,0,en,sms,uci,,uci_sms,test
Aiyo cos i sms ü then ü neva reply so i wait 4 ü to reply lar. I tot ü havent finish ur lab wat.,0,en,sms,uci,,uci_sms,train
"Living is very simple.. Loving is also simple.. Laughing is too simple.. Winning is tooo simple.. But, Being 'SIMPLE' is very difficult...;-) :-)",0,en,sms,uci,,uci_sms,train
Tell me something. Thats okay.,0,en,sms,uci,,uci_sms,test
Ok,0,en,sms,uci,,uci_sms,train
Hmm. Shall i bring a bottle of wine to keep us amused? Just joking! I'll still bring a bottle. Red or white? See you tomorrow,0,en,sms,uci,,uci_sms,train
This is ur face test ( 1 2 3 4 5 6 7 8 9  &lt;#&gt;  ) select any number i will tell ur face astrology.... am waiting. quick reply...,0,en,sms,uci,,uci_sms,train
"Hey, iouri gave me your number, I'm wylie, ryan's friend",0,en,sms,uci,,uci_sms,train
Yep get with the program. You're slacking.,0,en,sms,uci,,uci_sms,train
I'm in inside office..still filling forms.don know when they leave me.,0,en,sms,uci,,uci_sms,test
"I think your mentor is , but not 100 percent sure.",0,en,sms,uci,,uci_sms,train
Call 09095350301 and send our girls into erotic ecstacy. Just 60p/min. To stop texts call 08712460324 (nat rate),1,en,sms,uci,,uci_sms,train
Camera - You are awarded a SiPix Digital Camera! call 09061221066 fromm landline. Delivery within 28 days.,1,en,sms,uci,,uci_sms,test
A £400 XMAS REWARD IS WAITING FOR YOU! Our computer has randomly picked you from our loyal mobile customers to receive a £400 reward. Just call 09066380611,1,en,sms,uci,,uci_sms,train
Just trying to figure out when I'm suppose to see a couple different people this week. We said we'd get together but I didn't set dates,0,en,sms,uci,,uci_sms,test
IMPORTANT MESSAGE. This is a final contact attempt. You have important messages waiting out our customer claims dept. Expires 13/4/04. Call 08717507382 NOW!,1,en,sms,uci,,uci_sms,train
Hi mom we might be back later than  &lt;#&gt; ,0,en,sms,uci,,uci_sms,train
dating:i have had two of these. Only started after i sent a text to talk sport radio last week. Any connection do you think or coincidence?,1,en,sms,uci,,uci_sms,train
"Lol, oh you got a friend for the dog ?",0,en,sms,uci,,uci_sms,train
"Ok., is any problem to u frm him? Wats matter?",0,en,sms,uci,,uci_sms,train
"K I'll head out in a few mins, see you there",0,en,sms,uci,,uci_sms,test
Do u konw waht is rael FRIENDSHIP Im gving yuo an exmpel: Jsut ese tihs msg.. Evrey splleing of tihs msg is wrnog.. Bt sitll yuo can raed it wihtuot ayn mitsake.. GOODNIGHT &amp; HAVE A NICE SLEEP..SWEET DREAMS..,0,en,sms,uci,,uci_sms,train
I cant pick the phone right now. Pls send a message,0,en,sms,uci,,uci_sms,train
I don't want you to leave. But i'm barely doing what i can to stay sane. fighting with you constantly isn't helping.,0,en,sms,uci,,uci_sms,train
The current leading bid is 151. To pause this auction send OUT. Customer Care: 08718726270,1,en,sms,uci,,uci_sms,test
"Free entry to the gr8prizes wkly comp 4 a chance to win the latest Nokia 8800, PSP or £250 cash every wk.TXT GREAT to 80878 http//www.gr8prizes.com 08715705022",1,en,sms,uci,,uci_sms,train
Somebody set up a website where you can play hold em using eve online spacebucks,0,en,sms,uci,,uci_sms,train
Its sunny in california. The weather's just cool,0,en,sms,uci,,uci_sms,train
You have 1 new message. Call 0207-083-6089,1,en,sms,uci,,uci_sms,train
"I can make it up there, squeezed  &lt;#&gt;  bucks out of my dad",0,en,sms,uci,,uci_sms,test
Good day to You too.Pray for me.Remove the teeth as its painful maintaining other stuff.,0,en,sms,uci,,uci_sms,train
How are you babes. Hope your doing ok. I had a shit nights sleep. I fell asleep at 5.Im knackered and im dreading work tonight. What are thou upto tonight. X,0,en,sms,uci,,uci_sms,train
How do friends help us in problems? They give the most stupid suggestion that Lands us into another problem and helps us forgt the previous problem,0,en,sms,uci,,uci_sms,train
I'm at work. Please call,0,en,sms,uci,,uci_sms,train
I will be gentle baby! Soon you will be taking all  &lt;#&gt;  inches deep inside your tight pussy...,0,en,sms,uci,,uci_sms,train
NOT MUCH NO FIGHTS. IT WAS A GOOD NITE!!,0,en,sms,uci,,uci_sms,test
Ok.ok ok..then..whats ur todays plan,0,en,sms,uci,,uci_sms,test
Nt joking seriously i told,0,en,sms,uci,,uci_sms,train
Watching ajith film ah?,0,en,sms,uci,,uci_sms,train
Ooooooh I forgot to tell u I can get on yoville on my phone,0,en,sms,uci,,uci_sms,train
"All done, all handed in. Don't know if mega shop in asda counts as celebration but thats what i'm doing!",0,en,sms,uci,,uci_sms,train
I dont know exactly could you ask chechi.,0,en,sms,uci,,uci_sms,train
Dunno lei shd b driving lor cos i go sch 1 hr oni.,0,en,sms,uci,,uci_sms,train
As in i want custom officer discount oh.,0,en,sms,uci,,uci_sms,train
That's necessarily respectful,0,en,sms,uci,,uci_sms,test
Hi. Hope you had a good day. Have a better night.,0,en,sms,uci,,uci_sms,train
And he's apparently bffs with carly quick now,0,en,sms,uci,,uci_sms,train
HARD BUT TRUE: How much you show &amp;  express your love to someone....that much it will hurt when they leave you or you get seperated...!鈥┾??〨ud evening...,0,en,sms,uci,,uci_sms,train
Babes I think I got ur brolly I left it in English wil bring it in 2mrw 4 u luv Franxx,0,en,sms,uci,,uci_sms,test
Hi babe its me thanks for coming even though it didnt go that well!i just wanted my bed! Hope to see you soon love and kisses xxx,0,en,sms,uci,,uci_sms,train
So gd got free ice cream... I oso wan...,0,en,sms,uci,,uci_sms,test
Pls give her prometazine syrup. 5mls then  &lt;#&gt; mins later feed.,0,en,sms,uci,,uci_sms,train
So how many days since then?,0,en,sms,uci,,uci_sms,train
Dear are you angry i was busy dear,0,en,sms,uci,,uci_sms,train
Yup he msg me: is tat yijue? Then i tot it's my group mate cos we meeting today mah... I'm askin if ü leaving earlier or wat mah cos mayb ü haf to walk v far...,0,en,sms,uci,,uci_sms,test
... Are you in the pub?,0,en,sms,uci,,uci_sms,train
There is a first time for everything :),0,en,sms,uci,,uci_sms,train
"Daddy, shu shu is looking 4 u... U wan me 2 tell him u're not in singapore or wat?",0,en,sms,uci,,uci_sms,train
I ask if u meeting da ge tmr nite...,0,en,sms,uci,,uci_sms,train
Gr8. So how do you handle the victoria island traffic. Plus when's the album due,0,en,sms,uci,,uci_sms,train
Nite nite pocay wocay luv u more than n e thing 4eva I promise ring u 2morrowxxxx,0,en,sms,uci,,uci_sms,train
East coast,0,en,sms,uci,,uci_sms,train
You should get more chicken broth if you want ramen unless there's some I don't know about,0,en,sms,uci,,uci_sms,train
My slave! I want you to take 2 or 3 pictures of yourself today in bright light on your cell phone! Bright light!,0,en,sms,uci,,uci_sms,test
Nope. I just forgot. Will show next week,0,en,sms,uci,,uci_sms,train
So how are you really. What are you up to. How's the masters. And so on.,0,en,sms,uci,,uci_sms,train
I'm at bruce &amp; fowler now but I'm in my mom's car so I can't park (long story),0,en,sms,uci,,uci_sms,train
I dont know oh. Hopefully this month.,0,en,sms,uci,,uci_sms,train
"Hi elaine, is today's meeting confirmed?",0,en,sms,uci,,uci_sms,test
Ok k..sry i knw 2 siva..tats y i askd..,0,en,sms,uci,,uci_sms,train
"Sorry, I'll call later",0,en,sms,uci,,uci_sms,train
U horrible gal... U knew dat i was going out wif him yest n u still come n ask me...,0,en,sms,uci,,uci_sms,train
Otherwise had part time job na-tuition..,0,en,sms,uci,,uci_sms,train
Oh yeah! And my diet just flew out the window,0,en,sms,uci,,uci_sms,train
Santa Calling! Would your little ones like a call from Santa Xmas eve? Call 09058094583 to book your time.,1,en,sms,uci,,uci_sms,test
You didnt complete your gist oh.,0,en,sms,uci,,uci_sms,train
"Er yeah, i will b there at 15:26, sorry! Just tell me which pub/cafe to sit in and come wen u can",0,en,sms,uci,,uci_sms,test
"If you can make it any time tonight or whenever you can it's cool, just text me whenever you're around",0,en,sms,uci,,uci_sms,test
If I was I wasn't paying attention,0,en,sms,uci,,uci_sms,test
Thanx a lot 4 ur help!,0,en,sms,uci,,uci_sms,train
You're gonna have to be way more specific than that,0,en,sms,uci,,uci_sms,train
Jesus armand really is trying to tell everybody he can find,0,en,sms,uci,,uci_sms,test
I'm wif him now buying tix lar...,0,en,sms,uci,,uci_sms,train
Mode men or have you left.,0,en,sms,uci,,uci_sms,train
Am slow in using biola's fne,0,en,sms,uci,,uci_sms,train
"""What are youdoing later? Sar xxx""",0,en,sms,uci,,uci_sms,train
Hey i've booked the 2 lessons on sun liao...,0,en,sms,uci,,uci_sms,train
Thank you. do you generally date the brothas?,0,en,sms,uci,,uci_sms,train
"By the way, make sure u get train to worc foregate street not shrub hill. Have fun night x",0,en,sms,uci,,uci_sms,train
"I thought i'd get him a watch, just cos thats the kind of thing u get4an18th. And he loves so much!",0,en,sms,uci,,uci_sms,test
You have won a guaranteed 32000 award or maybe even £1000 cash to claim ur award call free on 0800 ..... (18+). Its a legitimat efreefone number wat do u think???,1,en,sms,uci,,uci_sms,train
Good morning. At the repair shop--the ONLY reason i'm up at this hour.,0,en,sms,uci,,uci_sms,test
"And that's fine, I got enough bud to last most of the night at least",0,en,sms,uci,,uci_sms,train
I am back. Good journey! Let me know if you need any of the receipts. Shall i tell you like the pendent?,0,en,sms,uci,,uci_sms,train
So that takes away some money worries,0,en,sms,uci,,uci_sms,test
"aight we can pick some up, you open before tonight?",0,en,sms,uci,,uci_sms,train
"Latest News! Police station toilet stolen, cops have nothing to go on!",1,en,sms,uci,,uci_sms,test
Sac needs to carry on:),0,en,sms,uci,,uci_sms,train
Just sing HU. I think its also important to find someone female that know the place well preferably a citizen that is also smart to help you navigate through. Even things like choosing a phone plan require guidance. When in doubt ask especially girls.,0,en,sms,uci,,uci_sms,train
What???? Hello wats talks email address?,0,en,sms,uci,,uci_sms,test
Except theres a chick with huge boobs.,0,en,sms,uci,,uci_sms,test
Im just wondering what your doing right now?,0,en,sms,uci,,uci_sms,train
Wishing you a beautiful day. Each moment revealing even more things to keep you smiling. Do enjoy it.,0,en,sms,uci,,uci_sms,train
"""For the most sparkling shopping breaks from 45 per person; call 0121 2025050 or visit www.shortbreaks.org.uk""",1,en,sms,uci,,uci_sms,test
Arun can u transfr me d amt,0,en,sms,uci,,uci_sms,train
"Sorry, I'll call later",0,en,sms,uci,,uci_sms,train
If you hear a loud scream in about &lt;#&gt; minutes its cause my Gyno will be shoving things up me that don't belong :/,0,en,sms,uci,,uci_sms,train
December only! Had your mobile 11mths+? You are entitled to update to the latest colour camera mobile for Free! Call The Mobile Update Co FREE on 08002986906,1,en,sms,uci,,uci_sms,train
Ok i thk i got it. Then u wan me 2 come now or wat?,0,en,sms,uci,,uci_sms,train
Txt: CALL to No: 86888 & claim your reward of 3 hours talk time to use from your phone now! Subscribe6GBP/mnth inc 3hrs 16 stop?txtStop www.gamb.tv,1,en,sms,uci,,uci_sms,train
U GOIN OUT 2NITE?,0,en,sms,uci,,uci_sms,test
I will treasure every moment we spend together...,0,en,sms,uci,,uci_sms,train
Shall I bring us a bottle of wine to keep us amused? Only joking! I‘ll bring one anyway,0,en,sms,uci,,uci_sms,train
http//tms. widelive.com/index. wml?id=820554ad0a1705572711&first=true¡C C Ringtone¡,1,en,sms,uci,,uci_sms,train
Get your garden ready for summer with a FREE selection of summer bulbs and seeds worth £33:50 only with The Scotsman this Saturday. To stop go2 notxt.co.uk,1,en,sms,uci,,uci_sms,train
"URGENT! Last weekend's draw shows that you have won £1000 cash or a Spanish holiday! CALL NOW 09050000332 to claim. T&C: RSTM, SW7 3SS. 150ppm",1,en,sms,uci,,uci_sms,train
Ok lor.,0,en,sms,uci,,uci_sms,train
I thought slide is enough.,0,en,sms,uci,,uci_sms,train
Yup,0,en,sms,uci,,uci_sms,train
Well obviously not because all the people in my cool college life went home ;_;,0,en,sms,uci,,uci_sms,train
Ok lor ü reaching then message me.,0,en,sms,uci,,uci_sms,train
Where's mummy's boy ? Is he being good or bad ? Is he being positive or negative ? Why is mummy being made to wait? Hmmmm?,0,en,sms,uci,,uci_sms,train
Dhoni have luck to win some big title.so we will win:),0,en,sms,uci,,uci_sms,train
Yes princess! I want to please you every night. Your wish is my command...,0,en,sms,uci,,uci_sms,train
What Today-sunday..sunday is holiday..so no work..,0,en,sms,uci,,uci_sms,test
No probably  &lt;#&gt; %.,0,en,sms,uci,,uci_sms,train
Really do hope the work doesnt get stressful. Have a gr8 day.,0,en,sms,uci,,uci_sms,train
Have you seen who's back at Holby?!,0,en,sms,uci,,uci_sms,train
Shall call now dear having food,0,en,sms,uci,,uci_sms,train
URGENT We are trying to contact you Last weekends draw shows u have won a £1000 prize GUARANTEED Call 09064017295 Claim code K52 Valid 12hrs 150p pm,1,en,sms,uci,,uci_sms,train
So li hai... Me bored now da lecturer repeating last weeks stuff waste time... ,0,en,sms,uci,,uci_sms,train
", ,  and  picking them up from various points | going 2 yeovil | and they will do the motor project 4 3 hours | and then u take them home. || 12 2 5.30 max. || Very easy",0,en,sms,uci,,uci_sms,train
Also fuck you and your family for going to rhode island or wherever the fuck and leaving me all alone the week I have a new bong &gt;:(,0,en,sms,uci,,uci_sms,train
Ofcourse I also upload some songs,0,en,sms,uci,,uci_sms,train
2p per min to call Germany 08448350055 from your BT line. Just 2p per min. Check PlanetTalkInstant.com for info & T's & C's. Text stop to opt out,1,en,sms,uci,,uci_sms,train
K. I will sent it again,0,en,sms,uci,,uci_sms,train
Oh thanks a lot..i already bought 2 eggs ..,0,en,sms,uci,,uci_sms,test
K. I will sent it again,0,en,sms,uci,,uci_sms,train
U studying in sch or going home? Anyway i'll b going 2 sch later.,0,en,sms,uci,,uci_sms,test
Marvel Mobile Play the official Ultimate Spider-man game (£4.50) on ur mobile right now. Text SPIDER to 83338 for the game & we ll send u a FREE 8Ball wallpaper,1,en,sms,uci,,uci_sms,test
I think if he rule tamilnadu..then its very tough for our people.,0,en,sms,uci,,uci_sms,test
"Cool, we shall go and see, have to go to tip anyway. Are you at home, got something to drop in later? So lets go to town tonight! Maybe mum can take us in.",0,en,sms,uci,,uci_sms,train
"Good afternoon, my love ... How goes your day ? How did you sleep ? I hope your well, my boytoy ... I think of you ...",0,en,sms,uci,,uci_sms,train
Yes... I trust u to buy new stuff ASAP so I can try it out,0,en,sms,uci,,uci_sms,train
"SMS SERVICES. for your inclusive text credits, pls goto www.comuk.net login= 3qxj9 unsubscribe with STOP, no extra charge. help 08702840625.COMUK. 220-CM2 9AE",1,en,sms,uci,,uci_sms,train
Why did I wake up on my own &gt;:(,0,en,sms,uci,,uci_sms,train
Now get step 2 outta the way. Congrats again.,0,en,sms,uci,,uci_sms,test
Love has one law; Make happy the person you love. In the same way friendship has one law; Never make ur friend feel alone until you are alive.... Gud night,0,en,sms,uci,,uci_sms,train
PRIVATE! Your 2003 Account Statement for 07808247860 shows 800 un-redeemed S. I. M. points. Call 08719899229 Identifier Code: 40411 Expires 06/11/04,1,en,sms,uci,,uci_sms,train
Apo all other are mokka players only,0,en,sms,uci,,uci_sms,test
"Perhaps * is much easy give your account identification, so i will tomorrow at UNI",0,en,sms,uci,,uci_sms,train
Wait . I will msg after  &lt;#&gt;  min.,0,en,sms,uci,,uci_sms,train
What i told before i tell. Stupid hear after i wont tell anything to you. You dad called to my brother and spoken. Not with me.,0,en,sms,uci,,uci_sms,train
God's love has no limit. God's grace has no measure. God's power has no boundaries. May u have God's endless blessings always in ur life...!! Gud ni8,0,en,sms,uci,,uci_sms,train
I want to be inside you every night...,0,en,sms,uci,,uci_sms,test
"Machan you go to gym tomorrow,  i wil come late goodnight.",0,en,sms,uci,,uci_sms,train
Lol they were mad at first but then they woke up and gave in.,0,en,sms,uci,,uci_sms,train
I went to project centre,0,en,sms,uci,,uci_sms,train
"It‘s reassuring, in this crazy world.",0,en,sms,uci,,uci_sms,test
"Just making dinner, you ?",0,en,sms,uci,,uci_sms,train
Yes. Please leave at  &lt;#&gt; . So that at  &lt;#&gt;  we can leave,0,en,sms,uci,,uci_sms,train
Oh... Okie lor...We go on sat... ,0,en,sms,uci,,uci_sms,train
You are a great role model. You are giving so much and i really wish each day for a miracle but God as a reason for everything and i must say i wish i knew why but i dont. I've looked up to you since i was young and i still do. Have a great day.,0,en,sms,uci,,uci_sms,train
"Ya, i'm referin to mei's ex wat... No ah, waitin 4 u to treat, somebody shld b rich liao...So gd, den u dun have to work frm tmr onwards...",0,en,sms,uci,,uci_sms,train
Miles and smiles r made frm same letters but do u know d difference..? smile on ur face keeps me happy even though I am miles away from u.. :-)keep smiling.. Good nyt,0,en,sms,uci,,uci_sms,train
"By the way, i've put a skip right outside the front of the house so you can see which house it is. Just pull up before it.",0,en,sms,uci,,uci_sms,test
Can you pls send me that company name. In saibaba colany,0,en,sms,uci,,uci_sms,train
No. I dont want to hear anything,0,en,sms,uci,,uci_sms,test
You are a big chic. Common. Declare,0,en,sms,uci,,uci_sms,train
Thats cool. I want to please you...,0,en,sms,uci,,uci_sms,train
Going to join tomorrow.,0,en,sms,uci,,uci_sms,train
You are awarded a SiPix Digital Camera! call 09061221061 from landline. Delivery within 28days. T Cs Box177. M221BP. 2yr warranty. 150ppm. 16 . p p£3.99,1,en,sms,uci,,uci_sms,train
I want to tell you how bad I feel that basically the only times I text you lately are when I need drugs,0,en,sms,uci,,uci_sms,train
PRIVATE! Your 2003 Account Statement for shows 800 un-redeemed S.I.M. points. Call 08718738001 Identifier Code: 49557 Expires 26/11/04,1,en,sms,uci,,uci_sms,test
"Total disappointment, when I texted you was the craziest shit got :(",0,en,sms,uci,,uci_sms,train
Its just the effect of irritation. Just ignore it,0,en,sms,uci,,uci_sms,train
What about this one then.,0,en,sms,uci,,uci_sms,test
I think that tantrum's finished so yeah I'll be by at some point,0,en,sms,uci,,uci_sms,train
Compliments to you. Was away from the system. How your side.,0,en,sms,uci,,uci_sms,train
happened here while you were adventuring,0,en,sms,uci,,uci_sms,train
"Hey chief, can you give me a bell when you get this. Need to talk to you about this royal visit on the 1st june. ",0,en,sms,uci,,uci_sms,train
Ok which your another number,0,en,sms,uci,,uci_sms,train
"I know you are thinkin malaria. But relax, children cant handle malaria. She would have been worse and its gastroenteritis. If she takes enough to replace her loss her temp will reduce. And if you give her malaria meds now she will just vomit. Its a self limiting illness she has which means in a few days it will completely stop",0,en,sms,uci,,uci_sms,test
Aiyah ok wat as long as got improve can already wat...,0,en,sms,uci,,uci_sms,train
Want explicit SEX in 30 secs? Ring 02073162414 now! Costs 20p/min Gsex POBOX 2667 WC1N 3XX,1,en,sms,uci,,uci_sms,test
I can't believe how attached I am to seeing you every day. I know you will do the best you can to get to me babe. I will go to teach my class at your midnight,0,en,sms,uci,,uci_sms,train
Just sleeping..and surfing,0,en,sms,uci,,uci_sms,train
ASKED 3MOBILE IF 0870 CHATLINES INCLU IN FREE MINS. INDIA CUST SERVs SED YES. L8ER GOT MEGA BILL. 3 DONT GIV A SHIT. BAILIFF DUE IN DAYS. I O £250 3 WANT £800,1,en,sms,uci,,uci_sms,train
Yeah it's jus rite...,0,en,sms,uci,,uci_sms,test
Armand says get your ass over to epsilon,0,en,sms,uci,,uci_sms,train
U still havent got urself a jacket ah?,0,en,sms,uci,,uci_sms,train
"I'm taking derek &amp; taylor to walmart, if I'm not back by the time you're done just leave the mouse on my desk and I'll text you when priscilla's ready",0,en,sms,uci,,uci_sms,train
Hi its in durban are you still on this number,0,en,sms,uci,,uci_sms,train
Ic. There are a lotta childporn cars then.,0,en,sms,uci,,uci_sms,train
"Had your contract mobile 11 Mnths? Latest Motorola, Nokia etc. all FREE! Double Mins & Text on Orange tariffs. TEXT YES for callback, no to remove from records.",1,en,sms,uci,,uci_sms,test
"No, I was trying it all weekend ;V",0,en,sms,uci,,uci_sms,train
"You know, wot people wear. T shirts, jumpers, hat, belt, is all we know. We r at Cribbs",0,en,sms,uci,,uci_sms,train
"Cool, what time you think you can get here?",0,en,sms,uci,,uci_sms,train
Wen did you get so spiritual and deep. That's great,0,en,sms,uci,,uci_sms,test
Have a safe trip to Nigeria. Wish you happiness and very soon company to share moments with,0,en,sms,uci,,uci_sms,train
Hahaha..use your brain dear,0,en,sms,uci,,uci_sms,train
Well keep in mind I've only got enough gas for one more round trip barring a sudden influx of cash,0,en,sms,uci,,uci_sms,train
Yeh. Indians was nice. Tho it did kane me off a bit he he. We shud go out 4 a drink sometime soon. Mite hav 2 go 2 da works 4 a laugh soon. Love Pete x x,0,en,sms,uci,,uci_sms,train
Yes i have. So that's why u texted. Pshew...missing you so much,0,en,sms,uci,,uci_sms,train
No. I meant the calculation is the same. That  &lt;#&gt; units at  &lt;#&gt; . This school is really expensive. Have you started practicing your accent. Because its important. And have you decided if you are doing 4years of dental school or if you'll just do the nmde exam.,0,en,sms,uci,,uci_sms,train
"Sorry, I'll call later",0,en,sms,uci,,uci_sms,train
if you aren't here in the next  &lt;#&gt;  hours imma flip my shit,0,en,sms,uci,,uci_sms,train
Anything lor. Juz both of us lor.,0,en,sms,uci,,uci_sms,train
Get me out of this dump heap. My mom decided to come to lowes. BORING.,0,en,sms,uci,,uci_sms,train
Ok lor... Sony ericsson salesman... I ask shuhui then she say quite gd 2 use so i considering...,0,en,sms,uci,,uci_sms,train
Ard 6 like dat lor.,0,en,sms,uci,,uci_sms,train
Why don't you wait 'til at least wednesday to see if you get your .,0,en,sms,uci,,uci_sms,train
Huh y lei...,0,en,sms,uci,,uci_sms,train
"REMINDER FROM O2: To get 2.50 pounds free call credit and details of great offers pls reply 2 this text with your valid name, house no and postcode",1,en,sms,uci,,uci_sms,train
"This is the 2nd time we have tried 2 contact u. U have won the £750 Pound prize. 2 claim is easy, call 087187272008 NOW1! Only 10p per minute. BT-national-rate.",1,en,sms,uci,,uci_sms,train
Will ü b going to esplanade fr home?,0,en,sms,uci,,uci_sms,test
"Pity, * was in mood for that. So...any other suggestions?",0,en,sms,uci,,uci_sms,train
The guy did some bitching but I acted like i'd be interested in buying something else next week and he gave it to us for free,0,en,sms,uci,,uci_sms,train
Rofl. Its true to its name,0,en,sms,uci,,uci_sms,train
Gagnez 500 000 FCFA ! Envoyez 5000 FCFA de frais au 690000000 pour reclamer votre lot.,1,,web,admin,a117,admin,train
Envoyez moi de l'argent et gagnez $10 000 www.poli-uj-mawi.com,1,,web,admin,a133,admin,train
bonjour envoyer votre argent ici www.mtnme.com,1,,web,admin,a107,admin,train
"Je vous attends a ce lien www.mawobank.com et gagnez une voiture
Si vous voulez 10 000 000 FCFA cliquez sur ce lien
www.tk-ronagecameroon.com",1,,web,admin,a134,admin,train
"duke.f.g.com come to school
and get $10 000",1,,web,admin,a105,admin,test
Gagnez 500 000 FCFA ! Envoyez 5000 FCFA de frais au 690000000 pour reclamer votre lot.,1,,web,admin,a120,admin,test
"Awkward silence made me $30,000
​ ​ Hey there, Imagine getting paid for being awkward. When the financial crisis hit in early 2009, my freelance clients dropped off and all of my work dried up. I was left with just one client who then offered me a full-time job. There was only one problem: I was 18 years old and had no idea how to negotiate a salary. I asked friends and family, read a book on negotiation, and picked up a few tips. One tip was to let the employer speak first. When they name a salary, don’t immediately accept or decline—respond thoughtfully and keep negotiating. On the drive to lunch with Ken, the COO, I was thinking about what salary I wanted. $45,000 would be good. $50,000 would be amazing. Midway through our lunch, Ken said, “We’d love for you to join the team at $50,000 per year. Does that work?” I wanted to shout “Yes!” and immediately accept. But right as Ken started talking, I took a bite of my bagel sandwich. Too big of a bite. I was raised with good manners, so ",1,,mailbox,admin,a181,admin,train
Votre compte Microsoft expirera dans 24 heures. Connectez-vous immédiatement pour sécuriser votre accès.,0,,web,admin,a152,admin,train
